file	apps/analytics-worker/src/worker.ts	095456345bc64dcc44c716eb41cff7ee1daa7467c13cb51aa710d79ac70cc464	1790416428506.869
file	apps/analytics-worker/tsconfig.json	2d32610b5e8a479974e6a96e3e2be4253be806aa0a877237f03e09adc8268fa9	1790416428507.3684
file	apps/analytics-worker/vitest.config.ts	a616444e92b9a953f91ec2f2f43a3e236d725522c739bebadae3eebd646c7db7	1790416428507.8696
file	apps/analytics/src/analytics-services/analytics-service.ts	a13ce0f1ec8eb766e45e225b01613736bc11595ba4bd200e996b59493303b9d7	1790416428510.869
file	apps/analytics/src/analytics-services/ga4.ts	b19e9636e6f4454a89676814d16b584feec93cbb4580186fe86c94b9a76c188a	1790416428511.3726
file	apps/analytics/src/analytics-services/gtm.ts	eb1d3db35ec3020e20cc1e577bb480b905f2bbfd01cc540914766d8dfc8df400	1790416428511.8691
file	apps/analytics/src/analytics-services/hubspot.ts	154f60088644fc13cf7ab060f97d33078fec348eaa9f19b16dc60f033910bb28	1790416428512.3699
file	apps/analytics/src/analytics-services/posthog.ts	c8500bbb5bcecdf9ba81d987d05b8b68b1cc63cc113fedee15b62bd48e408bb8	1790416428513.3694
file	apps/analytics/src/analytics-services/reo.ts	4ed5ce0cdc2a22b8b16f5ffb025dadbd3a78dbc0f2020d6d36a89ab4ca6fd3c3	1790416428513.3694
file	apps/analytics/src/components/CookieConsentBanner.ts	df5930de4ea4cdaa82d1ce8389a1eb3674e2bceb8e573753be00619d5e3f4c99	1790416428514.3696
file	apps/analytics/src/components/PrivacySettingsDialog.ts	d2822b1b07527d96c667a4c312ebc8ed3c02cb23ab4967a242d068b81ca040f6	1790416428514.8718
file	apps/analytics/src/constants.ts	6c6fe7532d59178e279a5d687b64df773f192e96f9e2af8f4d989dfa33084596	1790416428515.3694
file	apps/analytics/src/index.ts	5aa96aedc0adbcf72a286389162e59ee6971a931b210881e78682befe74e735a	1790416428516.3684
file	apps/analytics/src/state/cookie-consent-state.ts	3a7e5258f7061ead91eeace1c58fcf45a7965f19a3921fd43454ba496fadb12e	1790416428516.871
file	apps/analytics/src/state/state.test.ts	af348f64c9666c8f70e75c127346265e7dbcdb61ffc4e01e324f6f78596b50a9	1790416428517.3694
file	apps/analytics/src/state/state.ts	20bf141b7d11ed9613d09d66face833a2f0be9f17cc4a22b35ea76b732affdfb	1790416428517.8691
file	apps/analytics/src/state/theme-state.ts	b81707292cc458d6cfa2cd1e1e87ea5fd224f63d10d2324739acfb01f82d79dc	1790416428518.3687
file	apps/analytics/src/types.ts	8e1b4fa5dd061f938c998e1945934d8011ee40601164591d738c076068b1ee92	1790416428519.3694
file	apps/analytics/src/utils/consent-check.ts	b7b2a29dbec32de19a6dcfa7527d20b3f66805726c466ebbe0246fb0deb1c73c	1790416428520.3704
file	apps/analytics/src/vite-env.d.ts	f25fbc48afc965dd6a88d6c9ecfa61baebff611a862567a12c0bbef46e308c03	1790416428520.3704
file	apps/analytics/tsconfig.json	8045fab03f234fb0b59ad48f9bbe100df30720781d8702f8caaf6e0c19d66309	1790416428520.8694
file	apps/analytics/vite.config.ts	e96875108c1d3591d785c808f4e34775e179aab1a17c1af6dc18288915d6c362	1790416428521.8691
file	apps/analytics/vitest.config.ts	14c50aae5ab397c4dc03bef7da190f950220d317eca7f8f4242cc21d0d3c84ef	1790416428522.3706
file	apps/bemo-worker/src/BemoDO.ts	31df177475dbd849eb85797264c7b8551874a0538cef8c64c9d6853efe11b0ca	1790416428524.8684
file	apps/bemo-worker/src/makePermissiveSchema.ts	7974f463ee8a1bbede8383da142efbdd89b72b1221e202b889856f95d4a4ceb6	1790416428525.3687
file	apps/bemo-worker/src/types.ts	a86765fb7d1904530670731c7b518e0694decc6d9fdb0fa6135cc97ef70067ec	1790416428525.8694
file	apps/bemo-worker/src/worker.test.ts	28517ad0556ae737d8ccfcabb6c954bb6b2319106ffcbe9023ea0cf1dfeaecea	1790416428526.3691
file	apps/bemo-worker/src/worker.ts	f53f8725ca43ce13fb76652e610c099a89fd74b35f66e3b4458321946c76cead	1790416428527.3706
file	apps/bemo-worker/tsconfig.json	e49097c7acdd70c93594ee024925888ba89bf294d38f3937937c9b7effaedd1a	1790416428527.869
file	apps/bemo-worker/vitest.config.ts	a616444e92b9a953f91ec2f2f43a3e236d725522c739bebadae3eebd646c7db7	1790416428527.869
file	apps/docs/app/(docs)/[...slug]/page.tsx	1a29d54d0fed944105dfbfef625fce20f3dec5e691dacc29adf9f901108988ac	1790416428531.87
file	apps/docs/app/(docs)/layout.tsx	143d0b3c61375c2657531bdbb85629a167770bbd45f6388bb3fc0b5e4de0903a	1790416428532.369
file	apps/docs/app/analytics.tsx	abcdf7988d871e5da051f0822503d02ae2ccf66d951e0b629437776850fe673a	1790416428532.871
file	apps/docs/app/layout.tsx	b4ef8b8cf88ad42f9ed90151dc0895c235b945264d84eac6ebd7a22cba254b2a	1790416428534.3691
file	apps/docs/app/not-found.tsx	6b9a2a08c02b0d3b699b57a01d6fb2638c72c86178360e385fcadb83606c7e3b	1790416428534.869
file	apps/docs/app/search/layout.tsx	0991c4e21e37869d91e58524d4fda2072e38e9c88f412360aeba3f85c71ce0ef	1790416428536.3728
file	apps/docs/app/search/page.tsx	b6ab68e3a147b37c2b59d6f3c3c0bc28d4fec6fbaa474d4540ceacfa27ddb050	1790416428536.8694
file	apps/docs/app/sitemap.ts	99fac154b3bb2132e8f65e6cdaafebd2363bbc51c581ee10b749da9508d88346	1790416428538.369
file	apps/docs/components/common/autorefresh.tsx	8e29c9b67fc50c6058b0a049c7f2222249c8ffa77755d962779c7167d07dd15e	1790416428538.8706
file	apps/docs/components/common/back-to-top-button.tsx	f1f8de15cdd4330032ccda0359e20a63d078b8b95459ebb09485c9347a2c6414	1790416428539.369
file	apps/docs/components/common/blue-a.tsx	147b1942dcd6463ce76386e0dc1fd0d35def10a9e6af167fe16075d90bead5d1	1790416428539.8708
file	apps/docs/components/common/button.tsx	f2a095b8d28c4aac9863e8c574d8253b10944ef6c1689a29974f793885dd34ea	1790416428540.369
file	apps/docs/components/common/extra-sidebar-buttons.tsx	81a2ff7d17c6e50da9439a87c1f819a6c066e0532278ccf0dd00149bca56b34f	1790416428541.3684
file	apps/docs/components/common/icon/discord.tsx	6a0b7fb75e6ab72b69ffdee3a6cdcc5340f82e1f0ef89dd62bcb09ecccf40cde	1790416428541.87
file	apps/docs/components/common/icon/github.tsx	93a815e6dc8ae17aa99acc69d9c6cc9cd4ef4247479698e2cf7fa07988371b12	1790416428542.369
file	apps/docs/components/common/icon/index.tsx	68966576cfd617cf3eaa836414a0a9bac61057374693edf2d304ef46aee2647e	1790416428542.8691
file	apps/docs/components/common/icon/linkedin.tsx	bbd9b27e5ccc2390640f4aa77743071e0a0c434c44c28f81891fc87c5322e906	1790416428543.37
file	apps/docs/components/common/icon/tldraw.tsx	ea06a2075379802d374a3b3074332b005da618dfe1cbc4269c9304eea34ea368	1790416428543.8718
file	apps/docs/components/common/icon/twitter.tsx	d59981db006488ab75ddb06fa92ae2f31792ddc19379fbd9475bf97674872610	1790416428544.3696
file	apps/docs/components/common/loader.tsx	2b86ee0795cd30421fe8baf9ce5ed5715bd6c33d177b32a9e57988d3c9d8c4ce	1790416428544.8718
file	apps/docs/components/common/logo.tsx	722097ac06a9d0981041ea7e4476fdd004d23ed313682c9852beb0c538e69e48	1790416428545.37
file	apps/docs/components/common/navigation.tsx	7836a274c5c4bee3f7afff95781b12f022fd5bb458879f799429f6013784005f	1790416428545.8706
file	apps/docs/components/common/newsletter-signup.tsx	34525fb9df4c7063314e2f22e105c25fd41f803eea9704f5842d2de3478d96c6	1790416428546.3723
file	apps/docs/components/common/page-title.tsx	514021ef085d6790c98f76a82e4f35616c80502e3d33db5982bfcc91ddfda955	1790416428546.8738
file	apps/docs/components/common/share-button.tsx	ed89d6b5106ce51dd9363fa8263d812b06402718af8f82cb4e7fd7d3e5f4788c	1790416428546.8738
file	apps/docs/components/common/theme-switch.tsx	f72e80479cacbd479555e2c713c685fa06e35dd4ff4b79c5a3c301670141e518	1790416428547.3694
file	apps/docs/components/common/tldraw-link.tsx	530f0166eb2a60e42fb559230085aebee036e688eaeb8a539f40fe5c2649c48a	1790416428547.8684
file	apps/docs/components/content/api-heading.tsx	7f46d4e850a9f508a1eb281538c7d2facc7f684f98a89abc37232f606d35ab60	1790416428548.3696
file	apps/docs/components/content/bento.tsx	2326a3a4fd25bef7c32eddf0552b3f0b1077a2798bc7b5ed6c65ddf3e0780505	1790416428549.37
file	apps/docs/components/content/blockquote.tsx	68a36552e6a3859f9dd30e554079e709ec4fed428950b56952e5d1b434315d5b	1790416428549.37
file	apps/docs/components/content/callout.tsx	5a12ecc0dce07fe46b4faec8ca70c2aa81dea56e6ce93af79ff6b36907cceb6a	1790416428549.8699
file	apps/docs/components/content/check-item.tsx	9777649ca47a1c5cf563bf1af8a38080009a09448f4d0d9e47889b7c9c885f84	1790416428550.87
file	apps/docs/components/content/code-files.tsx	6ffe9f568348b77653cf69b893149983625de66d0087c121233d0c3072010da9	1790416428551.3694
file	apps/docs/components/content/code.tsx	f4049ac07f02f5f8dea64c33d630b346800807aeba32e8251a30166b1473d917	1790416428551.8694
file	apps/docs/components/content/copy-button.tsx	bd17f92d2a66f259fadb2119e2c1196d929fba38e36f40ef695fc97b5dcab614	1790416428552.3687
file	apps/docs/components/content/embed.tsx	96eebf981109b1f0555669c23052a72a5670ab51d3885a2663cb884576aff6bc	1790416428552.8696
file	apps/docs/components/content/example.tsx	d89447a83ba0ff39641fc9232715ff1683d8a676c6a0d0cfed0201c702b33dcc	1790416428553.3694
file	apps/docs/components/content/feature.tsx	0dddbe5b0a6b8d4d685f64935313a6b8cd5e0593e6c554be8486f01d1e5ed66d	1790416428553.8691
file	apps/docs/components/content/image.tsx	4286fed3460733fb2a7c4079354ed73998f9265d8fca3ed0d8ce1bdf1dd6df7d	1790416428554.3684
file	apps/docs/components/content/index.tsx	b08447553e366f4cd328acdb2318c1518a7f2211048046ef6d1624c683c415b8	1790416428554.8687
file	apps/docs/components/content/masked-article-image.tsx	193f2d1bc230f8080120f805f8aa4321f0272b811a4793566106ea962d2d0eef	1790416428555.3694
file	apps/docs/components/content/parameters-table-description.tsx	b8df450ab70e6febddb08056bf79f6013fb8f28dcb393442aa4235b1b09306af	1790416428555.3694
file	apps/docs/components/content/parameters-table-name.tsx	440a1d278fced8b7624499051b97b4caa96cda7d0a976090aa5d76a93b55007e	1790416428555.8687
file	apps/docs/components/content/parameters-table-row.tsx	269a3e903503a15ae4cb4fca76bc5deb27135af613d0f641be03c96d66be6990	1790416428556.3706
file	apps/docs/components/content/parameters-table.tsx	e12b06dd524c8d5b2ab22009e80e64aef0f62992a7172ca67640a84b3a0408ac	1790416428556.87
file	apps/docs/components/content/pre.tsx	7ad907a793dcc78f5582431889b574601a0437e18bf9f49535c40877f6ed0c5a	1790416428557.3694
file	apps/docs/components/content/side-by-side-images.tsx	391fd4e75c051242371888883e3e93a4c290c27827aedde68b7ea8c11a23f961	1790416428557.8699
file	apps/docs/components/content/title-with-source-link.tsx	fe44ecd192c01ffa1efc62cfd3024be5411bee28bfe87982b3ccd2d1995c9313	1790416428558.3708
file	apps/docs/components/content/video.tsx	6ca646e331f824c3b2855fe642f0e201f94d3a02a6c1f61773d83483d18832ba	1790416428558.8706
file	apps/docs/components/content/youtube.tsx	f30a161e553b16857b0e3249b58bb8fcdaab75b4c71953b399be6e98b068cfb1	1790416428559.37
file	apps/docs/components/docs/copy-markdown-button.tsx	e2cf28553077d689d773ad2fb5ccc0bac48eac06c6e9a2290a0870e06de519f0	1790416428559.8694
file	apps/docs/components/docs/docs-article-info.tsx	0e77dd682e62048efa57df33f1376634ad655aa2df8972881c27a05d835e4d38	1790416428560.369
file	apps/docs/components/docs/docs-category-menu.tsx	18c844c3bd8fde15cbf41f1444a3f8f4bc3b0890e4e59588addaa1b595f65a88	1790416428561.3684
file	apps/docs/components/docs/docs-feedback-widget.tsx	75d2b8405e10d850b26cbdde54cb255f3c825af3a1f51ebc81a4ee294e829d2e	1790416428561.8691
file	apps/docs/components/docs/docs-footer.tsx	a5fd5d2f1859559242f532af8e220d83117a47d0edfec99832ea1ce5c1097c74	1790416428562.3713
file	apps/docs/components/docs/docs-header.tsx	e51f33230eb85ab8a27462528dbd9ade16ab9fbefefee3bba32fe43c8736c7e3	1790416428562.8728
file	apps/docs/components/docs/docs-mobile-sidebar.tsx	fe2bb2fb8af1b95acd96bfdd05a8479a3d783e28f5eeda457eb96eb98a1de9f8	1790416428563.3718
file	apps/docs/components/docs/docs-search-bar.tsx	1083fcaa180ac10995ddbd823e46d8198c303313df87115a67c0fe7f29ae97b9	1790416428563.8694
file	apps/docs/components/docs/docs-sidebar-menu.tsx	4658f2a79af26bc0692cd722080d28b69341160315e4373ea377ad348970619b	1790416428564.37
file	apps/docs/components/docs/docs-sidebar-menus.tsx	9a9362bb5f708aea9205881cd9988fc882ad23c0466e5dc025142db1c7df3069	1790416428564.8696
file	apps/docs/components/docs/docs-sidebar-utils.ts	bc28c53190ce2705b6276943350c46cf71dc7e6c8990b413a1d63a17ee96a985	1790416428565.369
file	apps/docs/components/docs/docs-sidebar.tsx	7b192d8e33034a0ce7846a001f9d5ceac98f0fa172d78373663234de7abd2e4c	1790416428565.369
file	apps/docs/components/docs/docs-starter-sidebar.tsx	bc4d6ab733be80fa5e069cc97cabafa6dbae821c0f025e0f74540b32891412fc	1790416428565.8696
file	apps/docs/components/docs/docs-table-of-contents.tsx	85e2e0c18397b43de485a426ee8c26fe1923618120538f33c8542a0a7c3f56f9	1790416428566.3691
file	apps/docs/components/navigation/close-on-navigation.tsx	35c8c20d8a635470815d2a640054fad31df28ef90aa836003a40df2dcec3c4fa	1790416428566.869
file	apps/docs/components/navigation/footer.tsx	e876adf3809ff7348bfbd53e947eccdae29b91a22e32b8d2b2ccee620af8f46a	1790416428567.369
file	apps/docs/components/navigation/header.tsx	bab342a5b295271708e2a75805382e7c182ba43053e43229317c0f82dd6513fb	1790416428567.8704
file	apps/docs/components/navigation/headings-menu.tsx	0fd03e021d6cd6470df84069d7c4c3cf5c6a83b34b9881746cca649bd4c7c97f	1790416428568.871
file	apps/docs/components/navigation/link.tsx	f4425429ee4c02cea8cdaa14b2bee31296ba025a4183a1b6888a80edb7da1d58	1790416428569.3708
file	apps/docs/components/navigation/mobile-menu.tsx	eb4b0c5330d2b581fbc63b88c8399cf2cc75aba1b307f063462f757cf0ba0c0b	1790416428569.869
file	apps/docs/components/navigation/social-link.tsx	863ac10231a1b5fea652420ab4830d55b8ef3243befa99336f7bc0360104c840	1790416428570.37
file	apps/docs/components/search/ContentHighlight.tsx	8d98c42acf1afe365f639bb618184efd2ccf7e64ace1957c88cb64f4f96f2655	1790416428571.369
file	apps/docs/components/search/FullPageSearch.tsx	0e3e3b712051af67bd446396ccf125d178b35acc1bb75419d902bfca62474cd6	1790416428571.8684
file	apps/docs/components/search/SearchButton.tsx	0ce781f4814a17ba71098f11031e8827bb70cf2e597d753d430cc8b028e749a9	1790416428572.3691
file	apps/docs/components/search/SearchDialog.tsx	99706b07d55d0b80b1975d4863a8f7bcd26bfacb15770656d15efce06cff187b	1790416428572.8694
file	apps/docs/components/search/index.tsx	18a86486cd983cf587eca852464db73eb893c82c7c6e6dc9a9a288fa68309f70	1790416428573.37
file	apps/docs/content.d.ts	297c1f4f6000030ac222b32da579417600f02f59088a981be0ba8f9e40910f6d	1790416428573.37
file	apps/docs/next-env.d.ts	3309e0f07fcdc4ec3db00030c52d427ddc694515ab62e2810fbfe84328e9f920	1790416428650.8694
file	apps/docs/scripts/add-framer-rewrites.ts	5472a24f582124d615494e4d6d7e3d001e7fa5c695b73ae72a3f1ee52b7af633	1790416428733.8694
file	apps/docs/scripts/check-broken-links.ts	f0dd854c83372f0afc525bc6ada6d18498bc0886d6aa663822a64a2bc9f61849	1790416428734.3694
file	apps/docs/scripts/check-external-links.ts	b25db47775de83de281d367f7682efb11af5fa0a8ff945de35617154d4b6b6b4	1790416428734.8691
file	apps/docs/scripts/create-api-markdown.ts	e4156309475074814a183d128e874c1200b59baabb76bf4266ecbb98443ea804	1790416428735.3687
file	apps/docs/scripts/create-llms-txt.ts	beb18017095e4a15f040e428a3b38ea76f6bebe638b91dd9fa2c7e47801438dd	1790416428735.8684
file	apps/docs/scripts/fetch-api-source.ts	f0a57b2a25cffb1d8b13e56214c916b92f4970738a7b20535cfca28a1dc8e659	1790416428735.8684
file	apps/docs/scripts/fetch-releases.ts	ac57bbaf7c6ba850d4caa989738b50f46eb72efc5145633a1005e99ad4bbfcf5	1790416428736.3704
file	apps/docs/scripts/lib/checkBrokenLinks.ts	d4cfb84e7e235756f7cf971baf57a59f8766502b44d295c9a106c659235dc2fd	1790416428737.3696
file	apps/docs/scripts/lib/checkExternalLinks.ts	c8d98e566da15fe8d9c4a80702c9f0a1cf183f80f0187c7485c2622fe80f3e9c	1790416428737.8696
file	apps/docs/scripts/lib/connect.ts	e6e1e0eb4f0ddc1a34e7f0e4e96bfdf07751ea7365c6975c516bac4b5a1c7f69	1790416428738.37
file	apps/docs/scripts/lib/createApiMarkdown.ts	5733ba68eb09881010f2012773aea4e6794bdff4c77ed2ba3c4467f47e7747c4	1790416428738.8699
file	apps/docs/scripts/lib/fetchApiSource.ts	9cdd738c7d2e538b7add0c757094e4da4b2607673ebd206a9ecc6f861ec31c75	1790416428739.369
file	apps/docs/scripts/lib/fetchReleases.ts	9a122ba7150541ebe47fd8626fde010b17d385d204e3e81a9230ea527e15e73d	1790416428739.8696
file	apps/docs/scripts/lib/generateApiContent.ts	a4919bd95cb2e8eb5c1c27cc599203a198de97bb46513801ab6052749d694dd7	1790416428740.3738
file	apps/docs/scripts/lib/generateContent.ts	ed174424b2cd29fe273504bfc3b018b30918d80f3f140b67bc04a712ecb19531	1790416428740.8704
file	apps/docs/scripts/lib/generateExamplesContent.ts	ba131fda9301b0764e219cdd26df839775858ff7f662a1c2ad0434b65b71f87f	1790416428741.3699
file	apps/docs/scripts/lib/generateLllmsTxt.ts	d65d247f0e30a59637063836e2a48bb89bec2c9017a7f7f68a35607358b50f14	1790416428741.8687
file	apps/docs/scripts/lib/generateSection.ts	f6a1dd2d9cbbda5bd99d0000614cb4dadbcf816575c410f41b0aed28195aff52	1790416428742.369
file	apps/docs/scripts/lib/getApiMarkdown.ts	ac3cf7a1dc65b2e7e751409d172f644bcce086e93f2bf244d333353b49089597	1790416428742.869
file	apps/docs/scripts/lib/getArticleKey.ts	1f7d4ef12ace43c1f51f63e4c3d473b466dffdabf5a32badd2b688ffadf4670e	1790416428743.3706
file	apps/docs/scripts/lib/package-list.ts	3796815e8a38d8b64bb448b86a0fba6d4d6a02762c748aecfdaded22e88220ca	1790416428743.8708
file	apps/docs/scripts/lib/refreshContent.ts	204979d98a799caac8f681168505497a5f91ca53ba2a925c8ac1df1687bfadea	1790416428744.3694
file	apps/docs/scripts/lib/utils.ts	f95e9046400bc6491344bb0864d0063cb425f6c26d108c5854b9a05e0cd2332c	1790416428744.869
file	apps/docs/scripts/refresh-content.ts	454dd01d26d7ccb3d805ae66c4538367edbb7e7b220b0a1374acd8c5b87cc724	1790416428745.3716
file	apps/docs/scripts/reset-db.ts	2ddd3dc5e6a7ab03d9d1742ef3a7b38292ecae1fa258e9ffcc00bbb1ba8573a2	1790416428745.8716
file	apps/docs/scripts/submit-newsletter-signup.ts	3268ba7a00db5f2564870aedc2376f62a9337c431c9eb197e049d422d55f1d3b	1790416428746.3696
file	apps/docs/scripts/update-algolia-index.ts	83289a0f19ab76521a57cc1234a76da515d4a926952f41d6dd4f5202cdcb658c	1790416428746.8699
file	apps/docs/tsconfig.json	da90ab2786da1f094e9992b7e8a88cec7bfa004a827fb2576aa42160cabfca60	1790416428748.3716
file	apps/docs/types/content-types.ts	1f5f9ae525abbf43bf78f5679587d953bfd578e3d1ed2684795e59e7c0108e61	1790416428748.8699
file	apps/docs/utils/ContentDatabase.ts	cfa77fff5d6bc69cf7be4911dfbf85f3195aee4f73abe044c7c8824f89decac7	1790416428749.8694
file	apps/docs/utils/TldrawApiModel.ts	4be0766d070504886f7f6475ce8c060a7b6c91001667c857e4cad46fd516cc65	1790416428750.369
file	apps/docs/utils/addAuthors.ts	3e0c14a7523c95fff065b7941cef5e437c54f06b01ebbd3de2824b0876db4f20	1790416428750.8708
file	apps/docs/utils/addContent.ts	dc8b4ead04393ee6576815d75df20e2996b44d188e3fc275955586ae16090ea8	1790416428751.8694
file	apps/docs/utils/algolia.ts	e580f3d65633e72eb331dc5d48588b85ef98a645c64afe6e21d52b13104d3c12	1790416428752.3691
file	apps/docs/utils/asset-url.test.ts	475995a36f7e9e747f36c515b3b4bc8b9d119a006546deb9126d153d7175cc18	1790416428752.3691
file	apps/docs/utils/asset-url.ts	575341eb531f3e8f3d2cab8146f46c2ee2b691260c1ad9364a842d97e52c0113	1790416428753.3706
file	apps/docs/utils/autoLinkDocs.ts	75542a83632ea2bee5dc900cd4a156a70695b090633054517db2887f675fb540	1790416428753.87
file	apps/docs/utils/cn.ts	ab31221889612447d5cb4c91431a06a3d9392bee28fd6aebe04b98e04d75003c	1790416428754.3762
file	apps/docs/utils/config.ts	ce1dc18f3b37c56b94a35201d0365b3de396d630be10860245fe1d5b750611d6	1790416428754.8728
file	apps/docs/utils/debounce.ts	fff0aaeec8f94dad5dfc5d52a9c75b66e15f1ae129793811dd982c42552cd148	1790416428755.3694
file	apps/docs/utils/nicelog.ts	1083928bc66fef7eda86875e8b5fe75297d4fc31696cf1ba1f6d2e2260b8741f	1790416428755.8694
file	apps/docs/utils/parse-markdown.test.tsx	1daf129ff94437e3896abcedd2482bea7929d543e3d154bd3a5b6e9556d90a66	1790416428756.3694
file	apps/docs/utils/parse-markdown.tsx	44444cb90204554f9f6d91c63e32ca5ea781fa295e76c907df2389244a86d4df	1790416428756.8708
file	apps/docs/utils/replace-md-links.ts	af8492d9489025c7d77cdf230293dc7938842b5d95574cd2bcafd3df3c3b3b7f	1790416428757.3691
file	apps/docs/utils/request-license.ts	96f2b5967b1ed122af253e50210f7eeccb64965e9d83345a491e5a808f4d645a	1790416428757.8696
file	apps/docs/utils/search-api.ts	3a09ae5a126c1f9f580b23ca2881c300df1085a6567868b671ec449685b44772	1790416428758.37
file	apps/docs/utils/sitemap-canonical-paths.test.ts	102eaa483bd34fd4f1714ff34843ac8709cd8154050a1a84a0b84269363b7e19	1790416428758.8699
file	apps/docs/utils/sitemap-canonical-paths.ts	0e206a0613a5d738c71282a207b85f3b1f352e7ee9a80202804f1dcd5fbf13d5	1790416428759.3708
file	apps/docs/utils/storage.ts	e735ad6aab9d83d84128ce8e3070ce98d8d1216c31c874def6585d5ff3c66029	1790416428759.8699
file	apps/docs/version.ts	72c20540670862a0c3c8d3f6ea3b727c93ce7cc9a570c33cb9146f6da8f6d5e4	1790417087463.1338
file	apps/docs/vitest.config.ts	7ee11e19c36c71d3274cd08216a42269747ebe58daf043923db9ff219d62ae01	1790416428760.87
file	apps/docs/watcher.ts	ccb51ecefee5876a54100fc315a8f08b7cae10a53f3f12578492daba305ed738	1790416428761.3694
file	apps/dotcom/asset-upload-worker/src/types.ts	8febd299ae9093a371dc4020c25daee9dad4b08e292e8cc8d1aa9f98e65994dd	1790416428765.3687
file	apps/dotcom/asset-upload-worker/src/worker.ts	df38e7c06d7afab7361977bf1108066da1b646eee976cfe28134ae5d2950d840	1790416428765.3687
file	apps/dotcom/asset-upload-worker/tsconfig.json	9f80d692445ed80ec9206088ca110d46e974ad274720eb5bb55336d384cea416	1790416428765.8696
file	apps/dotcom/asset-upload-worker/vitest.config.ts	0e9716cc844873106002a186f3fa079d964fad99af021c96b0e1fae467a35285	1790416428766.369
file	apps/dotcom/client/decs.d.ts	642796fbf4ab472d9fd3e79f00b398d7c6a0a2700c062b3a64a0cd52ab469f03	1790416428804.8704
file	apps/dotcom/client/e2e/consts.ts	2de017657506acbc9f225715ede5423c3d62266e7f04871d1f15a17247fc750d	1790416428806.3696
file	apps/dotcom/client/e2e/fixtures/Database.ts	976e39a28ae1cdc80c32221f30af20fd8b806e2b929fa4d4e384400359506ecc	1790416428807.37
file	apps/dotcom/client/e2e/fixtures/DeleteFileDialog.ts	a8042bf2223e3d21cf6f48eabc00764fd57c86ed5c20812f093f5077e5f0b6ea	1790416428807.87
file	apps/dotcom/client/e2e/fixtures/Editor.ts	3eee4c246d2346cd073612c430f62a9ef215e4faaf2d7783af60ecf8da242f4f	1790416428808.37
file	apps/dotcom/client/e2e/fixtures/ErrorPages.ts	082c68e13202994bf0ac70e077d8fa2c9252649ec0a717c93a8d029adfe5c5d9	1790416428808.8684
file	apps/dotcom/client/e2e/fixtures/HomePage.ts	678446773f15a512c17f9407015032a95f096f27d27760e9d2fe659179f2fd7a	1790416428809.3694
file	apps/dotcom/client/e2e/fixtures/ImportHelper.ts	67fe71995943d6419b16e9ca9381e42c1d816ba94ac9a379acc041cb54270d09	1790416428809.8684
file	apps/dotcom/client/e2e/fixtures/ShareMenu.ts	fb63d83b2b16db4290c567d58a81692e4990863ff4667ddfd23f1e11bffc082f	1790416428810.3687
file	apps/dotcom/client/e2e/fixtures/Sidebar.ts	28e211f316cce70af0c7ef1e8a592561d888daaabbb63bcbd2efdbb8a7eed66e	1790416428810.871
file	apps/dotcom/client/e2e/fixtures/SignInDialog.ts	6959e2c4eedca04a2caae7fdaa32521f1c616f24c6ec3dd323bf5e93fea95fe8	1790416428811.3718
file	apps/dotcom/client/e2e/fixtures/WorkspaceInviteDialog.ts	f294e5791ae615df3fef67f13ed139ada15a423de5dde0fd8c6ff411f7c9ebf7	1790416428811.8718
file	apps/dotcom/client/e2e/fixtures/helpers.ts	0e49f5bd0d0134176840967cee5491780fe08bc950ff6e746a5a0df96be4616b	1790416428812.3694
file	apps/dotcom/client/e2e/fixtures/scenario-test.ts	982a308809dda8190eb43deb2ac2cffbab86fa5de15874f4481ef07912fcf746	1790416428812.8706
file	apps/dotcom/client/e2e/fixtures/staging-test.ts	f3d977b103d891e84344d5a39452c6401bb7c22c503b53fef6d32dfb038221e0	1790416428813.3687
file	apps/dotcom/client/e2e/fixtures/tla-test.ts	262f7c97659fbb21fded4bc85e8969260365d4683a5cc60d5e627fc1244baf3b	1790416428813.8694
file	apps/dotcom/client/e2e/global-staging.setup.ts	f6069e58c5223f6a3cafd9cd06f2307e6ef6fc420cdf3a7f91599f5137578c3e	1790416428814.3694
file	apps/dotcom/client/e2e/global.setup.ts	4a661252cd5cc9e8de3f3df0ed560ac4611c22725ae5de06601613ed58da7beb	1790416428814.869
file	apps/dotcom/client/e2e/global.teardown.ts	44edb2dcc4d4d7d8e0c44b133ef2e780c12900e5ec824ff46e5152fd143821f5	1790416428815.3699
file	apps/dotcom/client/e2e/tests/auth.scenario.spec.ts	40b33460a712b27577defa73318011ccbfe746066188b2097754bfae4605a569	1790416428816.3704
file	apps/dotcom/client/e2e/tests/client-too-old.scenario.spec.ts	a32d612b9a4c3a822326aa5d64e9e1c1cb2da9e3855d75bec12385c12c01440d	1790416428816.871
file	apps/dotcom/client/e2e/tests/import-download.scenario.spec.ts	8befb189c3f7faa099dc0f227dfbd401f3f7226814da5133a6c435d3893adea2	1790416428817.3716
file	apps/dotcom/client/e2e/tests/invite-signin.scenario.spec.ts	47f57b6190f65ebe3d6c1b74c2e62c4f208e94122b6a70222a576d030030a24b	1790416428817.8696
file	apps/dotcom/client/e2e/tests/legacy-routes.scenario.spec.ts	d77f864d23d1cb82c90d46c539d14853b59860d356c83f09a1b35b89e2cff3a5	1790416428818.3706
file	apps/dotcom/client/e2e/tests/sharing-live.scenario.spec.ts	f635382bbc6465e61f06b5fc8bb4ec0f2b41bfb71b9b7d214be30f0940092ae8	1790416428818.8694
file	apps/dotcom/client/e2e/tests/smoke/cookie-consent.spec.ts	163b0006ae70ad39670be169eff5760fe7c032d7da025b4d58fc20b5cef0b084	1790416428819.369
file	apps/dotcom/client/e2e/tests/smoke/database.spec.ts	7434f7fec449e21adb0c8011b5f7fdfd7f70c90a692db369543ea22ab17991df	1790416428819.8687
file	apps/dotcom/client/e2e/tests/smoke/homepage.spec.ts	76b62a58ff73cd584c30e4a53e51a42d252188027796057b208efb40a0cd05c9	1790416428820.3708
file	apps/dotcom/client/e2e/tests/smoke/not-logged-in.spec.ts	7ebed5d3b873f42696e4dbac3694ed79a8e3e2b59c4e0260de4e7cca20b47747	1790416428820.871
file	apps/dotcom/client/e2e/tests/smoke/sharing.spec.ts	8d5682014e47d45376736ce415791bc3def07d37096667a2ed7d93e1b3d93d73	1790416428821.3684
file	apps/dotcom/client/e2e/tests/smoke/sidebar-dotdev-link.spec.ts	1ae83c43436582bfcb13d8c46175d204d5e8f13443db56c5e5a49af70c99d8b7	1790416428821.8694
file	apps/dotcom/client/e2e/tests/smoke/signin-dialog.spec.ts	8401a01e30c91a8578add7adbd5004e57e5a17ed9eb33d7f0bb8359de3c61e03	1790416428822.3694
file	apps/dotcom/client/e2e/tests/smoke/test-import-download.spec.ts	3ea8a073c8eb1351f84576cf18b6b97d8d500424623a48260330568623352faf	1790416428822.8694
file	apps/dotcom/client/e2e/tests/smoke/workspaces.spec.ts	6cf8ad1162343dd78a09097c0fe83fe99bbe6238c43492270c420b7b93bc3706	1790416428823.37
file	apps/dotcom/client/e2e/tests/staging.spec.ts	568acbc4759a408cd84a26e71c99c745a8f1342e1a0e61a8b251637c247593cf	1790416428823.8723
file	apps/dotcom/client/e2e/tests/ui.scenario.spec.ts	3de86612c5a6d4580efa1db5df1b379cd8348c83d3677f356048e98473e1cfe5	1790416428824.3708
file	apps/dotcom/client/e2e/tests/workspaces-feature-coverage.scenario.spec.ts	fa4a80601b15ceceb58caee99bf855304fa10e3a66366e9e18bae769a5ecfe50	1790416428824.87
file	apps/dotcom/client/playwright.config.ts	e21ec26e607bdd0312dfddf8c16cd014c82f2c8497ca4032bb1e0541cde83716	1790416428826.3713
file	apps/dotcom/client/scripts/browser-run-thumbnail.ts	2b9317195d8c2e3aabbc40967d5266ecc0668447bc09163661e512a0cd3c33d4	1790416428917.369
file	apps/dotcom/client/scripts/build.ts	d22b1951327a72963c495c97bc63fb5aff6f60314a08ac519f9d1b595f2e665b	1790416428917.8706
file	apps/dotcom/client/scripts/dev-app.test.ts	16f0c734187c308e98914ad819c601fc688b39ab69b1be0360beb74cb8fefaa4	1790416428918.3704
file	apps/dotcom/client/scripts/dev-app.ts	00ace4d68dc6332b9344bc73c93d6d18e4dc7c4fbbc9544649d6c340c107f8cf	1790416428918.8704
file	apps/dotcom/client/scripts/kill-tree.test.ts	acefba421d671ec6e9ea90a360cd5ad8d5c784bccb18bf668f240c375fc458db	1790416428919.3691
file	apps/dotcom/client/scripts/measure-bundle-size.test.ts	dc300f6984988d020b2f9de6e3b805a8399b94fad42c65e891585c397c6857ca	1790416428920.3708
file	apps/dotcom/client/scripts/measure-bundle-size.ts	9fef7d1d79407338fb21849ad55d151cf2568ec564cf250037a1edde685064d1	1790416428920.8704
file	apps/dotcom/client/scripts/multiplayer-server-url.ts	9842877072d358485c9c55e6523867c2f6941c729d878a79aa6122f652e2998e	1790416428921.3704
file	apps/dotcom/client/scripts/vercel-output-config.d.ts	04457efb86614a44514a5de5c2287af4ff905a60b77c2b62aa6167fd3aa962a1	1790416428921.8706
file	apps/dotcom/client/scripts/vite-thumbnail-screenshot-plugin.ts	8909fd346dd7183cd85111639b46a292435f3b19cd872b18aadc2d5579ee7a63	1790416428922.37
file	apps/dotcom/client/scripts/vite-zod-locale-plugin.d.ts	ac0694ba23c589c9a3c91cae4cc0b73f033be6ae91b2c77da3ddbb969d5fd9a6	1790416428922.8691
file	apps/dotcom/client/sentry-release-name.ts	85da25356fe2d6bddf971769701bc0f62d248dc3c5876a310c7a501839794857	1790416428924.8723
file	apps/dotcom/client/sentry.client.config.ts	e46b116fcb64834616ac86c663a3667f582ccd5734b0f87229dcf1acbcf431f8	1790416428925.3694
file	apps/dotcom/client/src/app.d.ts	8c184af07ca31acfa8eb8b9fd8313cf3cb7670c240b1d2e8b25e6d8d3330b0ee	1790416428928.3704
file	apps/dotcom/client/src/components/BoardHistoryLog/BoardHistoryLog.tsx	7ca78c61fc8bbe3213b7e0343907bdb2ca667365c405d80b5baeb4d728c0e242	1790416428930.3704
file	apps/dotcom/client/src/components/ErrorPage/ErrorPage.tsx	8543a67381580230a0f5de5daf668fe386cd6a122fbe5afd59c361cb00528668	1790416428931.3745
file	apps/dotcom/client/src/components/Head/Head.tsx	faf9bfa23c94cc2aab41b16b60d2c351d1f4f19462bf2cc386cc7b40a64a88e2	1790416428932.3696
file	apps/dotcom/client/src/components/IFrameProtector.tsx	e80aecd7598aa8b8eb56744248efade784f5348e382002cdd9e301777198454e	1790416428932.872
file	apps/dotcom/client/src/components/LocalEditor.tsx	40194cfd0ce660a7a81d9862cbf3715f96491439cd6585123d2036737bfddde9	1790416428933.872
file	apps/dotcom/client/src/components/LoginRedirectPage/LoginRedirectPage.tsx	24e641aac293107b3da5ddb696fb9f7e4a11f2465d79ead27089d4594c6ba7f9	1790416428934.3704
file	apps/dotcom/client/src/components/SneakyMermaidHandler/SneakyMermaidHandler.tsx	fcb452104c0afb3960dd105de5a5d9d245515f51f73ce56e4af1c6c85a4645e1	1790416428935.3699
file	apps/dotcom/client/src/components/SneakyMermaidHandler/simpleMermaidStringTest.test.ts	dd7fbac34ee55fe03a03a9375ddead22b9506923ec1f61f924d53862a79071ee	1790416428935.8696
file	apps/dotcom/client/src/components/SneakyMermaidHandler/simpleMermaidStringTest.ts	0e26ae6692162f99d7598ad36d54d44bde4977865f7da94b46b28789e6e5fdf6	1790416428936.3696
file	apps/dotcom/client/src/components/SneakyOnDropOverride.ts	aa7eec1a72ec12974b657c51899299b018ac9e0764078784415f20b609356ac9	1790416428936.8696
file	apps/dotcom/client/src/components/StoreErrorScreen.tsx	6be878c1a0a924bd84994065117bcb3e85eb3554fcc4b134d5ac48661d02bc2f	1790416428937.3708
file	apps/dotcom/client/src/components/ThemeUpdater/ThemeUpdater.tsx	4576c6164f07db76da00fd9546e74f2fce3617c0505beb74d8d153aafab62e7e	1790416428938.3691
file	apps/dotcom/client/src/css.d.ts	85ae53b586278a6cba7671a0c5dc84e6101e255b9687260e65f34a94e6bafd72	1790416428938.8723
file	apps/dotcom/client/src/hooks/useLegacyUrlParams.ts	47778638c1f9d7fe9578476bf30d98bf2148ebe2207e90f022c1e652ab458aca	1790416428939.8708
file	apps/dotcom/client/src/hooks/useOpenUrlAndTrack.ts	996a813c38ec98cfe7334ca226fb51189e497b7665542cff635cea3adb30ba59	1790416428940.37
file	apps/dotcom/client/src/hooks/usePerformanceTracking.ts	6bcaba74b18b5b5584028b8c689f108ee1cfc87ff2f9f05b8059bd3013167d38	1790416428941.3694
file	apps/dotcom/client/src/hooks/useRoomLoadTracking.ts	056e3aaf77851a2926a977660449272c1542764012f54e285d6d3da5c4a23b90	1790416428941.8706
file	apps/dotcom/client/src/hooks/useUrl.ts	6136b9691a24facca5ec2e8a378ddd437c9fff5d6528991b27c6d3c9a03b4440	1790416428942.369
file	apps/dotcom/client/src/main.tsx	96ef739e1f42a183e29d3061c5130a644e45ce71df23e9659bd431507cfa6ba9	1790416428942.8691
file	apps/dotcom/client/src/pages/admin/AdminButton.tsx	71c538a0e70edf9ceac45f0e9bdc58f3a162444bdd86145e7cab26edfbd38eab	1790416428944.3728
file	apps/dotcom/client/src/pages/admin/EffectsSection.tsx	ce441fb50916bb1133a452d50b0f38b82facde2ec19dec5de0b8aee12433b01d	1790416428945.372
file	apps/dotcom/client/src/pages/admin/FileStats.tsx	9755a5e2dfc136f6fbbd6e2c0a7ba59114e4c1f07e2acae8dcc04499206cb814	1790416428945.8716
file	apps/dotcom/client/src/pages/admin/FilesSection.tsx	98ef598ba1ca82f82c73ecd687e3c39b511fb49213fbfc8f27fa770b535d6e8e	1790416428946.3708
file	apps/dotcom/client/src/pages/admin/FlagsSection.tsx	4b09c27c94291d194323251fd721426735640cd7b299e0870c085256f533c982	1790416428946.8699
file	apps/dotcom/client/src/pages/admin/SystemSection.tsx	570f739f24f1b7f2de940e0b05e7549d44ff4ef7523911d1df028dd70201683c	1790416428947.8708
file	apps/dotcom/client/src/pages/admin/UsersSection.tsx	49daa5c8e3659704a2f049995360b10d1f2ace86e9d422abfa50aa802f26b487	1790416428948.3713
file	apps/dotcom/client/src/pages/admin/index.tsx	5add1dd98d6249eec6c388f21a7f2686f38c97fc2f2625c83fda4059cf97bb7f	1790416428949.3733
file	apps/dotcom/client/src/pages/admin/shared.tsx	45d951c290087c3d74c13fcd92e6183ed6cd169dc138584b96d9ea842d511784	1790416428949.8691
file	apps/dotcom/client/src/pages/dev-browser-run-thumbnail.tsx	f2f8ac329623139ddbd5917332b403c4ef2a234200c21e6b44ff72c3ab35dc4a	1790416428950.3696
file	apps/dotcom/client/src/pages/dev-reset-local-state.tsx	b7204d44f6137cef0b2796612d7d72d1be2e205decf06b54ad0272a5682b179e	1790416428950.8699
file	apps/dotcom/client/src/pages/migrationLogsDB.ts	5ea82bfebfa58ce36b885f9565ed2c0958b51657b64d1c1059b8c087366f9fbb	1790416428951.8704
file	apps/dotcom/client/src/pages/not-found.tsx	51856796f8411958b4b15bcb2215443dc3a35193b87ba1106c297b65924b4846	1790416428952.37
file	apps/dotcom/client/src/pages/thumbnail-render.test.ts	0b1895b2817b33d3dafe93f814cf75cebac112b542b8fd82f4037cc4a94b55a5	1790416428952.871
file	apps/dotcom/client/src/pages/thumbnail-render.tsx	b1fa9d304e98dd356fff1af27368a0109a1ecbdab8bd2e93abc7db4bd86d3ab3	1790416428953.3726
file	apps/dotcom/client/src/pages/tla-new.tsx	d4fb27145eb107fb278a9568e9173c47dde918d6f2e7401ed12f7e7c14d91a98	1790416428953.8699
file	apps/dotcom/client/src/routeDefs.ts	0220a8f2b57bbc181a05f6cf9399a3b2ba89a566e235582e7239b031750a9074	1790416428954.3713
file	apps/dotcom/client/src/routes.test.tsx	71f8f43460f98d2eeb4d4e1e2618a07a5208d30e236f16c287bc7120f15e5f05	1790416428955.3718
file	apps/dotcom/client/src/routes.tsx	25fbc6ed779994f5f062c2f76d824d1126b4f21461a63d1a6663266773b02f13	1790416428955.8691
file	apps/dotcom/client/src/tla/app/TldrawApp.ts	3bbf951e0f3488409dd7ce1fe411be5abd6645fb38bd3fc0f0be473499107dfa	1790416428957.8696
file	apps/dotcom/client/src/tla/app/getMostRecentFileId.test.ts	b7fdd2df28dd8a2e35a3324aa70c647ec94af0506f140d304598f2dfc3d40127	1790416428958.3699
file	apps/dotcom/client/src/tla/app/getWorkspaceFilesSorted.test.ts	1ec263b3a4ce03cfd9b7edff2526036626f324d81984d815844b344f20430bbb	1790416428958.8696
file	apps/dotcom/client/src/tla/app/msUntilTokenRefresh.test.ts	52990f2bae1a4618ef81105e1d6c261c21b888ac84983fa855a802cde62299f3	1790416428959.3694
file	apps/dotcom/client/src/tla/app/shouldEnableCommenting.test.ts	e328a6fcd6349cf7a50f08d08f8fe02385d1c7c0a407f1aa4ea0b6793dcba1e8	1790416428959.871
file	apps/dotcom/client/src/tla/components/ExternalLink/ExternalLink.tsx	2abefa2b370470c461f5d04a297478f066b7f9de6d73bd9b5bb6f4507b20597e	1790416428961.3708
file	apps/dotcom/client/src/tla/components/MaybeForceUserRefresh/MaybeForceUserRefresh.tsx	d706f10ebf70cd03e4aa6b26adec190309a1151e5c2a41456b40d0ae925045ab	1790416428962.3706
file	apps/dotcom/client/src/tla/components/TlaAnonDotDevLink/TlaAnonDotDevLink.tsx	5820862881585ad0dfac096288f6969b67b374eccd836eefff7cde9d8465e585	1790416428964.3706
file	apps/dotcom/client/src/tla/components/TlaButton/TlaButton.tsx	17d8c447680b2b84d8307ca450185ef81362e42191bc8bb9eb129f1a926f6694	1790416428964.87
file	apps/dotcom/client/src/tla/components/TlaCtaButton/TlaCtaButton.tsx	479dcfd5910928a6382a838e32cf19cca195b6d23510516ceb8000fc421920fd	1790416428966.3699
file	apps/dotcom/client/src/tla/components/TlaEditor/CommentsOnCanvas.tsx	ef9420edc8dd35d53fb1187bbbe2db07eb6c76e3c660c1f4a4dc3cd2cde4241e	1790416428967.8704
file	apps/dotcom/client/src/tla/components/TlaEditor/SlurpFailure.tsx	0be6f9a08dc1948bac087bebca36b381b60845ef8ca2ec32055ec99630c92171	1790416428968.3706
file	apps/dotcom/client/src/tla/components/TlaEditor/TlaDebug.tsx	7dc7ff91689e15f1535c32ee1cafdc3e888faab7d6e39a0a4b3bd9fef8bb1133	1790416428969.3733
file	apps/dotcom/client/src/tla/components/TlaEditor/TlaEditor.tsx	07d50961ef30935485a3ced9bdc89ba4294b77d2ac606c3f4225c4fb308e9507	1790416428970.37
file	apps/dotcom/client/src/tla/components/TlaEditor/TlaEditorTopLeftPanel.tsx	1cd4f4c4cbbd2abe066c9c4000b8ae08540ec768cb3218eff10984e2b7e6a882	1790416428970.871
file	apps/dotcom/client/src/tla/components/TlaEditor/TlaEditorTopRightPanel.tsx	9aba2dea5d4ec6b8d8b5ad072784631999c94b5225e44cfba2358a33c2d7c240	1790416428971.3704
file	apps/dotcom/client/src/tla/components/TlaEditor/TlaEditorWrapper.tsx	83730711e2713f0774c2a2abceb6b30291eface458389d1aab176b568352f3fc	1790416428971.8691
file	apps/dotcom/client/src/tla/components/TlaEditor/TlaHistorySnapshotEditor.tsx	c24033e170537b0ca99a500e33664a65f369ef580648e4f115eb2c82e739be0b	1790416428972.3696
file	apps/dotcom/client/src/tla/components/TlaEditor/TlaLegacyFileEditor.tsx	1c4ccd1fe35a227805d6f0481156a166af70aee3af3011c8a88d3c5b445f5bde	1790416428972.8694
file	apps/dotcom/client/src/tla/components/TlaEditor/TlaLegacySnapshotEditor.tsx	985742ca7b7a1f19644acf67e750062ff069ad5410d6bde0348cf27c02019341	1790416428973.3696
file	apps/dotcom/client/src/tla/components/TlaEditor/TlaPublishEditor.tsx	9f2845ba460a7860f26c9f267bf2b06bc1ea917f4979a88553c57b31f97d13da	1790416428973.8687
file	apps/dotcom/client/src/tla/components/TlaEditor/editor-components/TlaEditorErrorFallback.tsx	aa70195ca720aa75f89fce1386c78cd270a231fa234b61681ba627b454102ec5	1790416428974.8696
file	apps/dotcom/client/src/tla/components/TlaEditor/editor-components/TlaEditorLegacySharePanel.tsx	dbe019fc1173366e8b92eda67f9d2e90cd57004137338fe752e01d193adfc320	1790416428975.371
file	apps/dotcom/client/src/tla/components/TlaEditor/editor-components/TlaEditorMenuPanel.tsx	74e428fb0b4e0064966b99314f3a4daf1d69ec46572501315cf2cbbb4df73a3c	1790416428975.8706
file	apps/dotcom/client/src/tla/components/TlaEditor/editor-components/TlaEditorPublishedSharePanel.tsx	35e8701a68eedacc477e2a0d4c2b9f8d18556c222f76e5f819832179f9cbbe75	1790416428976.3704
file	apps/dotcom/client/src/tla/components/TlaEditor/editor-components/TlaEditorSharePanel.tsx	034a0696bbc8b0a59b9e079ae957c03f3465161c98444ce2e6bf21a3f4efda2d	1790416428976.8699
file	apps/dotcom/client/src/tla/components/TlaEditor/editor-components/TlaEditorTopPanel.tsx	652ff2484e5bac1b921194ea779fe67ddccd0568beca2acc820fd495035cdca8	1790416428977.369
file	apps/dotcom/client/src/tla/components/TlaEditor/editor-messages.ts	6330764f223dfde6ed73c7226a92d92e25f41200f8c6e382c5cdf06e0e3559e7	1790416428977.87
file	apps/dotcom/client/src/tla/components/TlaEditor/sneaky/SneakyCommentDeepLink.tsx	9c4abe37a633819bc48308fc385497f364a81540132785fb1dcc8f5ffa18585c	1790416428978.8687
file	apps/dotcom/client/src/tla/components/TlaEditor/sneaky/SneakyDarkModeSync.tsx	c021216dd7ed857a86c334162fcf49c9e5f6dc1720c5f5819abb86cf3fb817c0	1790416428979.37
file	apps/dotcom/client/src/tla/components/TlaEditor/sneaky/SneakyDebugModeToast.tsx	a1980cb7cdfadc17ff4122469f4feb49325bcbbb7a52f067a065e10a1fff70a0	1790416428980.37
file	apps/dotcom/client/src/tla/components/TlaEditor/sneaky/SneakyFileDropHandler.tsx	84f1c6207fef74afe08689d18286e100efa1430bbef939b8bcfe4a568497c22d	1790416428980.37
file	apps/dotcom/client/src/tla/components/TlaEditor/sneaky/SneakyLargeFileHandler.tsx	e27149295551fb44a825af2cb85c133def581ec6769745b083e9b850eabf98fe	1790416428981.37
file	apps/dotcom/client/src/tla/components/TlaEditor/sneaky/SneakyLegacyModal.tsx	0b6948445ed27d7f52c45d3177684f922f57861136a57d1ba9024b2ffcd504b5	1790416428981.8694
file	apps/dotcom/client/src/tla/components/TlaEditor/sneaky/SneakyLegacytSetDocumentTitle.tsx	670fe0f28aeca854347197c10bc41b32cbe12e5ef52a7d4249331af562b30cc2	1790416428982.3696
file	apps/dotcom/client/src/tla/components/TlaEditor/sneaky/SneakySetDocumentTitle.tsx	966639e1f34f2540b0a6ed21946fe7561d6aa35b3cf620e5981e49c10cfd2173	1790416428982.8699
file	apps/dotcom/client/src/tla/components/TlaEditor/sneaky/SneakyToolSwitcher.tsx	2ff545d074dad71cf587e48ced7813418bcdd6bd2d6e9b557d03d00b94605143	1790416428983.3699
file	apps/dotcom/client/src/tla/components/TlaEditor/useExtraToolDragIcons.ts	cdb7e1e432e40892afc1cadafae36f1134d90e344b352d96be3be77aa32a0d78	1790416428984.8691
file	apps/dotcom/client/src/tla/components/TlaEditor/useFileEditorOverrides.ts	c44196c860826ec8efb1cefeffb302b1ac907f1b16bb6d2269905b1aeff5b2da	1790416428985.37
file	apps/dotcom/client/src/tla/components/TlaFileError/TlaFileError.tsx	35e154de1219e7319b8794c865d8ed5da0b8a2b4f5ed64f0f6d94c134969df6a	1790416428986.869
file	apps/dotcom/client/src/tla/components/TlaFileMenu/TlaFileMenu.tsx	8d4e929a657a17d9e71624713685441faba82c0a70356bbf5358d3adbc6462d2	1790416428988.3696
file	apps/dotcom/client/src/tla/components/TlaFileShareMenu/QrCode.tsx	c276ced1131b89c1bb478b111356cb45b06ba8b66ddba06e3edba0368fdd35b2	1790416428988.8684
file	apps/dotcom/client/src/tla/components/TlaFileShareMenu/Tabs/TlaAnonCopyLinkTab.tsx	c17c885398ce9cec37f1d4b1b669f7da388a58ac7a27dfacfbc6e2a62e9452f2	1790416428989.8706
file	apps/dotcom/client/src/tla/components/TlaFileShareMenu/Tabs/TlaExportTab.tsx	d91046f7fd48312e0eb2ecbf11d7786890003472f8ffe46477d45cd2c88ebe75	1790416428990.37
file	apps/dotcom/client/src/tla/components/TlaFileShareMenu/Tabs/TlaInviteTab.tsx	a4da5f34d38daa55f140d10df2bf2ee45e82f068ee01ed587067642d12d08628	1790416428991.3684
file	apps/dotcom/client/src/tla/components/TlaFileShareMenu/Tabs/TlaPublishTab.tsx	03106506a21f8c0f50329d56b2619b0d8f4b1d033c4bb755c6e1bb6ef1b14116	1790416428991.87
file	apps/dotcom/client/src/tla/components/TlaFileShareMenu/TlaFileShareMenu.tsx	a3082b1190a0928f5f7732d91e8bb10751cd93204415130422a03bc3e9aa1a42	1790416428992.371
file	apps/dotcom/client/src/tla/components/TlaFileShareMenu/file-share-menu-primitives.tsx	5459af9224466ca999d74a387e647831ee002645d6238db7b0b50183fdf37096	1790416428993.8728
file	apps/dotcom/client/src/tla/components/TlaIcon/TlaIcon.tsx	b88747d8c6040b6fc45674318a1de4b07e6728c0d0c8e5ffede11d5780eab5cf	1790416428995.371
file	apps/dotcom/client/src/tla/components/TlaLogo/TlaLogo.tsx	6887525b1b9c6456980102f5446a4e526775d18eb8e73206e2014f0dfd773545	1790416428996.8687
file	apps/dotcom/client/src/tla/components/TlaSidebar/TlaSidebar.tsx	5b97651cd3911146427f49f52c73f0d0f711b3826eb6e59daea0ddafa5dca304	1790416428997.8699
file	apps/dotcom/client/src/tla/components/TlaSidebar/components/TlaSidebarCreateFileButton.tsx	0fe9d5af77aeee342e14594cf830e2cd673cd617dd1bceed996b1ea70720563e	1790416428998.8696
file	apps/dotcom/client/src/tla/components/TlaSidebar/components/TlaSidebarDotDevLink.tsx	df2f05a83116e7e54b6608530730eed662626ff714f458ee1e5fd9b5be4e59a7	1790416428999.8726
file	apps/dotcom/client/src/tla/components/TlaSidebar/components/TlaSidebarFeedbackButton.tsx	6934d729568aba2deb52b4b8cb28e95a62d56ac3021cc0e9ab8e28e8173a259a	1790416429000.869
file	apps/dotcom/client/src/tla/components/TlaSidebar/components/TlaSidebarFileLink.tsx	f5b3b1ade0200d66aabe6a73657de74fb2d0b0bb6a4e2f1e351bd3739a7d81a9	1790416429001.3696
file	apps/dotcom/client/src/tla/components/TlaSidebar/components/TlaSidebarFileLinkMenu.tsx	7e409b62174b874efa322a8243823121a782104779db78ce2fc293307c3d1422	1790416429001.8694
file	apps/dotcom/client/src/tla/components/TlaSidebar/components/TlaSidebarFileSection.tsx	19f7daa12ebb9a182a79a1224eedd867bd49a6d3b448ade64a5117f4ad9234c8	1790416429002.8716
file	apps/dotcom/client/src/tla/components/TlaSidebar/components/TlaSidebarInlineInput.tsx	d5cdf758c4d1cefaed3437b3c65c2fe7c936bdf9020108f50d0bb9467812b195	1790416429003.3696
file	apps/dotcom/client/src/tla/components/TlaSidebar/components/TlaSidebarNotificationsButton.tsx	7c83f34dab8854d95b74973d700ed6b698e7a68ea90eca6e50946a0d7ef5540e	1790416429003.8696
file	apps/dotcom/client/src/tla/components/TlaSidebar/components/TlaSidebarNotificationsPanel.tsx	340b878089bb0a2d0f18513904d5d9d9eb23536eb0d0558dc936fe5bef36d009	1790416429004.371
file	apps/dotcom/client/src/tla/components/TlaSidebar/components/TlaSidebarRecentFiles.tsx	b3c3ab99dfa41d7577ab2aa4531e029a109512711fbbda8fd2780d0ed30f0a66	1790416429005.3733
file	apps/dotcom/client/src/tla/components/TlaSidebar/components/TlaSidebarRenameInline.tsx	9f538e0ffd664e589fc8d88d08eb306215070fe87228907588e44e7612ca873a	1790416429005.875
file	apps/dotcom/client/src/tla/components/TlaSidebar/components/TlaSidebarSearch.tsx	19021b8588fd2924aacf8d9463aefa5c9f15ec9f9623baead3de3b4d309ad81e	1790416429006.8716
file	apps/dotcom/client/src/tla/components/TlaSidebar/components/TlaSidebarToggle.tsx	c53e0dcb830756ad78262caa9d8d7c6a5b8eee521b7f48c9c02812fe3d8f8508	1790416429007.3699
file	apps/dotcom/client/src/tla/components/TlaSidebar/components/TlaSidebarToggleMobile.tsx	022b5e3ac5fc4a008f7ab9aebe9b324cf8ffb495c8ddf740dd97b5a5a338324c	1790416429007.8699
file	apps/dotcom/client/src/tla/components/TlaSidebar/components/TlaSidebarUserSettingsMenu.tsx	72540ede08fe358aa9bbed8d536bc0f698d9b348f6952144d7254a1b40221df2	1790416429008.371
file	apps/dotcom/client/src/tla/components/TlaSidebar/components/TlaSidebarWorkspaceActions.tsx	2877ae3d8b1e7c3ff0584cc0d17eaace7694f9cb24e598d0bb7c7078b9c58fea	1790416429008.8706
file	apps/dotcom/client/src/tla/components/TlaSidebar/components/TlaSidebarWorkspaceLink.tsx	1a05e9a3b2de4d74864182b0f5b43e22b9e0c2387357c81f4791bb431c23fe7c	1790416429009.8718
file	apps/dotcom/client/src/tla/components/TlaSidebar/components/TlaSidebarWorkspaceSwitcher.tsx	5f76a1eb98d3830a40235212d85c7eb16cf9b50cbd1fe00c892c89af85311d7b	1790416429010.3691
file	apps/dotcom/client/src/tla/components/TlaSidebar/components/commentNotifications.test.ts	a22bdc8220c511bfb22fa8975c8e099ff0f655b8b9b7227a87fb1a8eb6c421f4	1790416429011.3718
file	apps/dotcom/client/src/tla/components/TlaSidebar/components/commentNotifications.ts	8f9df27514582f5296fee7e17786905669dcfb21158c6427ac611f9bbd777fbf	1790416429011.8708
file	apps/dotcom/client/src/tla/components/TlaSidebar/components/sidebar-shared.ts	1357fc860d1eb5c4765b2bfc0e9a990ffd304257e5415e09432639eb6e790295	1790416429013.3696
file	apps/dotcom/client/src/tla/components/WorkspaceInviteHandler.tsx	7e7c5547e66004f85aaf5d7ff654d3bee2b0d45ae6aaf2a7c87a3e02228aa251	1790416429014.3694
file	apps/dotcom/client/src/tla/components/dialogs/ConfirmDialog.tsx	22b57ee58266a25c00fb1d0866dcfc7de7bf32ef0d796830c69b53b82289b45f	1790416429015.369
file	apps/dotcom/client/src/tla/components/dialogs/CreateWorkspaceDialog.tsx	9d7dacf5e55899a54febb422cc28feaec3dd13c690427bd3862f212c899b24be	1790416429015.87
file	apps/dotcom/client/src/tla/components/dialogs/SubmitFeedbackDialog.tsx	d6bc187015eebeb33b43ca48a84f6ca2d7c6633c8f6f6fad9412a8b61f66a639	1790416429016.869
file	apps/dotcom/client/src/tla/components/dialogs/TlaCookieConsent.tsx	aaf67f9720d3410c6ff6f9e819c64c812ef8fcc127c0f4bf629119548a13e886	1790416429017.3713
file	apps/dotcom/client/src/tla/components/dialogs/TlaDeleteFileDialog.tsx	b14ba3d47f22bab8155c14deab2dcf08964b4266082862c75b85a40e61e72002	1790416429018.3696
file	apps/dotcom/client/src/tla/components/dialogs/TlaInviteDialog.tsx	8630e20e7578289d75d294adc0a6748792a8bc5fb7ea816a5fd75276255d8f0d	1790416429019.37
file	apps/dotcom/client/src/tla/components/dialogs/TlaInviteExpiredDialog.tsx	02930c0e741d73dca3940d27232ad4084926720df16ffcd50094f28663bccd7f	1790416429020.871
file	apps/dotcom/client/src/tla/components/dialogs/TlaLegalAcceptance.tsx	25d4d1b90a7097224dff1d5950ac4fe932ba6205d680904b7a1915873bbe684e	1790416429021.3694
file	apps/dotcom/client/src/tla/components/dialogs/TlaManageCookiesDialog.tsx	ce5f91413874ac7711c2b0d27c304267daadd69cc04156a103dbb75d5836aa90	1790416429021.8704
file	apps/dotcom/client/src/tla/components/dialogs/TlaSignInDialog.tsx	8771b7c8be8c2177664deb72f11fcfb6413f538197de67358a417046254e8d7c	1790416429022.8694
file	apps/dotcom/client/src/tla/components/dialogs/TlaTldrawOfflineFileDialog.tsx	ec0b893a0ca70fec5e007182fe3487c725206e3d70c4e31d339b8f59125fd53e	1790416429024.3696
file	apps/dotcom/client/src/tla/components/dialogs/WorkspaceSettingsDialog.tsx	528a53cd973725b02b66fc00eaf873b5f174a19db041d1efeefa9a715055378d	1790416429024.8699
file	apps/dotcom/client/src/tla/components/menu-items/menu-items.tsx	187099a78841b4c566c94df3e6b2e3d1284f5a9f903e70dc15258c7c9276b88f	1790416429027.3706
file	apps/dotcom/client/src/tla/components/tla-menu/tla-menu.tsx	8b1ab97c4f3e30e98de6ebd99d99d87d73bce6410d66a7c5390217d8d409c373	1790416429029.3691
file	apps/dotcom/client/src/tla/hooks/getIsTldrawStaff.test.ts	5649dbc396a57ad68efdc74620fa8b603d580366fa78162f78c24e95503ac9f0	1790416429030.871
file	apps/dotcom/client/src/tla/hooks/useActiveWorkspaceId.ts	42918641c67c10b180af9fdd0427024eedc69420e4370877cc5d01a822372460	1790416429031.3708
file	apps/dotcom/client/src/tla/hooks/useAnalyticsConsent.tsx	803f4f761504d19b711b03186f34ac81449ea2d9c89fd007cb113637668ee193	1790416429032.37
file	apps/dotcom/client/src/tla/hooks/useAppState.tsx	94fb8def8da6d0332c4929f2b2f59913f8ab024445b05859a90b91b8c36bf7a0	1790416429032.87
file	apps/dotcom/client/src/tla/hooks/useCommentTracking.ts	e14a02474a86a7563416ee030f8751e478b0be8dc8208e3638016d0c94b31e89	1790416429033.3696
file	apps/dotcom/client/src/tla/hooks/useCurrentFileId.ts	901406c8c248cbd17869e685c5ef5e0ca72d67e4ed03fcedc798bad267254fc4	1790416429033.8713
file	apps/dotcom/client/src/tla/hooks/useDeepLink.tsx	bea14f4d560a6a0daba5e372675eff6a08df1e704822e23140abd290ce66c909	1790416429034.3696
file	apps/dotcom/client/src/tla/hooks/useIsCommentingEnabled.ts	2cb5b2e819edf09ee7c493c78ed57f6468b0bd68b0d8c27e715f3bfe54d542d3	1790416429034.8708
file	apps/dotcom/client/src/tla/hooks/useIsFileOwner.tsx	3be680fbebebe605fcadb931e97d3bcbe18d4071f282c0dcb0effc28e9fe60d2	1790416429035.372
file	apps/dotcom/client/src/tla/hooks/useIsFilePinned.tsx	e2c1e8cf4d6927c679ebe1f8a226ce806734a63591ab1c06cb71d79f9c893d0b	1790416429036.3708
file	apps/dotcom/client/src/tla/hooks/useIsReady.tsx	9d6c23a83c6ffcc16f8f04b8a47503d87560a3a5b1254eb0bd22075d5724e6df	1790416429037.3699
file	apps/dotcom/client/src/tla/hooks/useNewRoomCreationTracking.ts	eb66de62f55ae358a791d7969218f40be2f47ce26e3e4fb8680541fe9c9ff15a	1790416429037.8699
file	apps/dotcom/client/src/tla/hooks/usePreventAccidentalDrops.ts	1b531e603ad6122488b49b0c62c8d518f026694f1ac589b364bcc5f36471f219	1790416429038.37
file	apps/dotcom/client/src/tla/hooks/useSignUpTracking.test.ts	31b45057804e092c5512509865f6c2c41111ea97260310d04f8fd85ddbed4b22	1790416429038.8696
file	apps/dotcom/client/src/tla/hooks/useSignUpTracking.ts	6d9eb7c40d0cac7d5b877a91efe667c9dded0521d45ed2bcf1492293c63540a4	1790416429039.3699
file	apps/dotcom/client/src/tla/hooks/useTldrFileDrop.ts	4b4afd9294b074591a150d33ebf3b4bcfa6ec406ed4f07a8cf3dc19edfe66944	1790416429040.3699
file	apps/dotcom/client/src/tla/hooks/useUITheme.ts	3adef8a6fbf244b7b0da70f2ac20dca6f7b7f59c38e468bad53d983c9252e758	1790416429040.8699
file	apps/dotcom/client/src/tla/hooks/useUser.tsx	a47e1d5a9af95d7bcd0c944a9642043b8d04a36ead6f22e6a23407a1f4ccf2da	1790416429041.8699
file	apps/dotcom/client/src/tla/layouts/TlaAnonLayout/TlaAnonLayout.tsx	e56072e12773311d3995137f0aa1805816b8637718b22f7c00435c0b19e99c60	1790416429042.87
file	apps/dotcom/client/src/tla/layouts/TlaSidebarLayout/TlaSidebarLayout.tsx	31841c72d7f559b7694f88f2f62db048ea9eed2b6551db064c4508b6e5d7674f	1790416429044.3694
file	apps/dotcom/client/src/tla/pages/file-history-snapshot.tsx	43b6137b60e3224f4d009a2858be196e7227f74d940c46bf5f6a80a59cf19e7b	1790416429045.8696
file	apps/dotcom/client/src/tla/pages/file-history.tsx	d36b337c5d81db28a6d25c249dc7d9b46dde9e826c05d14a4434d3bae227702b	1790416429046.3699
file	apps/dotcom/client/src/tla/pages/file.tsx	446fed385d3881632023a2d12976fd6bf71af743372c86fcf18043bac447ecb8	1790416429046.8696
file	apps/dotcom/client/src/tla/pages/import.tsx	2883a80e2d6f3887166544f4f5e3611763f03339b92213d93f35c65986a218e9	1790416429047.8706
file	apps/dotcom/client/src/tla/pages/invite.tsx	094b1879074754d36b0fc3efb1b7e9db097f75da17400738c520d2a3a29810a7	1790416429048.8706
file	apps/dotcom/client/src/tla/pages/legacy-history-snapshot.tsx	9ca395aad6b555f92f4fe0360e1e91ccfeba47abf669706fda3e650effdafe3d	1790416429049.8716
file	apps/dotcom/client/src/tla/pages/legacy-history.tsx	b7edb0b9a8000f249c9aa149d1d3d4acce17d6413709bab64a88e9a32fef8b44	1790416429050.3696
file	apps/dotcom/client/src/tla/pages/legacy-readonly-old.tsx	d9bc9370398f3ea8f885c0198358beac10e0c405ab560bca0cb43880e5386140	1790416429051.3706
file	apps/dotcom/client/src/tla/pages/legacy-readonly.tsx	0c649f361db2987fe2157910fb0c1df5a84f79a81d910c7e5df688bb2126f8c2	1790416429051.87
file	apps/dotcom/client/src/tla/pages/legacy-room.tsx	e4009442ce2846216e3c3184d659aabe77e84331833d9dcc461d4a5e4bc2f770	1790416429052.8694
file	apps/dotcom/client/src/tla/pages/legacy-snapshot.tsx	add33635cb3501ca998602047e50bd684a72b160149149423991965be426d033	1790416429053.3723
file	apps/dotcom/client/src/tla/pages/local-file-index.tsx	3e25d765fdb9a3bffb473b855af4473a1277b6f0d79a5228f3b6e0a9933333ab	1790416429054.3706
file	apps/dotcom/client/src/tla/pages/local-file.tsx	c370867aa3043671517fc386ac8afd87ad42d41aba2942694dcbaaf085bd366d	1790416429054.8706
file	apps/dotcom/client/src/tla/pages/local.tsx	f6c027fb020137c541b84e0e7d9b065be18b25c8690f234d13452a50b07d2100	1790416429055.87
file	apps/dotcom/client/src/tla/pages/publish.tsx	21d6b20eafcf4454406eb1c43897ae0cb3b4d37662549fb9bc34d9d228eb1f45	1790416429056.3728
file	apps/dotcom/client/src/tla/pages/worker-debug-tail.tsx	a646a3677bde76989cadf9e2dfd74875f438863f756fdb6f278d6e28055fd8b4	1790416429056.8728
file	apps/dotcom/client/src/tla/providers/RequireSignedInUser.tsx	405f94f81698cfc47429610ae607b8e31f0790969528518e9335423ab4c0d0c5	1790416429058.3706
file	apps/dotcom/client/src/tla/providers/RequireTldrawStaff.tsx	b207a844140dc068dd0cbb4bf2fbeeff6fc6322bb51fab88af3125cdc9152ef1	1790416429058.8694
file	apps/dotcom/client/src/tla/providers/TlaRootProviders.tsx	17f03de335f0acebfbe77541499c9becb813beea20b4aaae0970131aca7b068a	1790416429059.872
file	apps/dotcom/client/src/tla/themes/ui-themes.ts	87ebc9a9e4aaf1222bed53c7302efc4145191d8f42e66bc84307d3fd8cf77196	1790416429062.3716
file	apps/dotcom/client/src/tla/utils/FeatureFlagPoller.test.ts	bf4df75eb4d00da495559179aada08a055890b82dc851e879a35f8b2a2d95622	1790416429063.87
file	apps/dotcom/client/src/tla/utils/FeatureFlagPoller.tsx	9de04b003e6931fd3ff1b76b6f714b894dc2f4814bf3ff26408769f0314e2fd6	1790416429064.372
file	apps/dotcom/client/src/tla/utils/app-ui-events.tsx	a58013a16e4855b9408163663c90c7d55fe4b32e912f9f576dabd8f52ab76b89	1790416429065.87
file	apps/dotcom/client/src/tla/utils/auth.ts	2591b48c22eab6baf30b0cb44d6f2b64ba93c7a4dd21942a63dfa81c2dedbaa9	1790416429066.374
file	apps/dotcom/client/src/tla/utils/copy.ts	027e1022ccf3420b23c29385ce49ddce4814c70384ef3ed80c3fb703c85267a3	1790416429067.3708
file	apps/dotcom/client/src/tla/utils/dates.ts	2ec6394612576465e1f9bc4ca643bfcdafdd0077067d718600966d56bf779c71	1790416429068.3699
file	apps/dotcom/client/src/tla/utils/getCurrentEditor.ts	f4b1379289d0852c184b754e8f475a0631a116c59d5184f033bebf69d3299031	1790416429069.3708
file	apps/dotcom/client/src/tla/utils/getIsCoarsePointer.tsx	94dbb0693cf70b8951903117d7d10ed7dff4022c429d63ee1830503eeca5e681	1790416429069.871
file	apps/dotcom/client/src/tla/utils/i18n.tsx	cf2f094b46c037c0853e0ea8434ce6494fd7caa3de5a8d72ab06cc96bb4d24a3	1790416429070.8696
file	apps/dotcom/client/src/tla/utils/importFromUrl.ts	e4eaf9e5951cb7dcc7fd6c8cb3442cf503ae29a19172e4d5155f6a58ddbd18e9	1790416429071.3691
file	apps/dotcom/client/src/tla/utils/local-session-state.ts	a33e71698d1ce77bc71d500f1348ef032215b54d1174e1ff27f24dcc931d7dc9	1790416429072.3694
file	apps/dotcom/client/src/tla/utils/notFoundError.ts	2f6c37ece5280cde8bbbb6c1da378d6e657ade63b06ccabf3f57d13f2c7e8acb	1790416429073.3728
file	apps/dotcom/client/src/tla/utils/qrcode.ts	bc21988cc45f1d59bb0d7e8d5b56133b167e57ec7d8b065d5c1f84ecafbc82e2	1790416429073.8716
file	apps/dotcom/client/src/tla/utils/redirect.ts	a2d5a293ef3f5a9b1337dd060e2639b09b637b75901f748ae6389b232ae3b1e7	1790416429074.3708
file	apps/dotcom/client/src/tla/utils/session-storage.ts	2cb27a95be8cce483f4648548d1615d5b3938d77801f239b9ac27dc00544240a	1790416429074.8699
file	apps/dotcom/client/src/tla/utils/slurping.tsx	3e7487f443b996e09822f7bc49b07cedfa37e7e50ed66b28f70aee83284bb99e	1790416429075.8716
file	apps/dotcom/client/src/tla/utils/tldrawOfflineFiles.ts	9892f1213e3f81616f82baf4ef3d90f4e517f4612c395267ef8fd60935acbf59	1790416429076.3723
file	apps/dotcom/client/src/utils/analytics.tsx	5b2ef226bbd872790ea29205765938fda175e74d56d019249842954da81004c0	1790416429077.3696
file	apps/dotcom/client/src/utils/assetUrls.ts	873d7988ed915113de700b33c459c1acf06dd78b34b486784f717a26a3f0d91c	1790416429078.372
file	apps/dotcom/client/src/utils/config.ts	2789b39047f4ba6698e312f27fdfa62faeee1d490b7a2cb1184ffce6af243db3	1790416429079.3699
file	apps/dotcom/client/src/utils/consoleBranding.ts	56ee1fc21139e54c47f673762e5ab0ea940ed4752b5f04ada0c70247ab7a9832	1790416429079.8726
file	apps/dotcom/client/src/utils/createAssetFromUrl.ts	80fd7e5917631328a6eb56110942b96c709fe9e0e3f4d8fb5ec1928d91dc381b	1790416429080.8696
file	apps/dotcom/client/src/utils/csp.ts	e69102b1e9c21b8f1a2aff561b5a9f90d7b946cf21d6029e1190c4ad0faf9cbc	1790416429081.3696
file	apps/dotcom/client/src/utils/defineLoader.tsx	aea6ae24cd1a742308a1bd9ec73963593964788dcb710c978137fa19010a044e	1790416429081.8713
file	apps/dotcom/client/src/utils/embedShapeUtil.ts	6b4024ab81aea38b9d983f371208a1895d1ded149fe88cabc1dc4e9e21d4b766	1790416429082.371
file	apps/dotcom/client/src/utils/env.ts	c96f80407c8fbc4c61086a2ba804b366fc81587256d91ef4a4680a7f11c8d12a	1790416429083.3716
file	apps/dotcom/client/src/utils/errorReporting.ts	5fc1c005152f81040afd17a094313380b7847868dfa4ef68c4293c57b007e262	1790416429083.8696
file	apps/dotcom/client/src/utils/fetchHistory.ts	0bed83982be2e3e4ae38b845d259acc8529328aab2de0ab6ea44d36a917393eb	1790416429084.3699
file	apps/dotcom/client/src/utils/globalEditor.ts	3c9004a5a2ca2f267483989cd031613e302a994776f11bdff7542e49a4a3c00a	1790416429084.87
file	apps/dotcom/client/src/utils/iFrame.ts	e16a58cebe2c2f581e3f7471791aceda3e1db02957e4a7838b06e0c6f8a6b49f	1790416429085.3733
file	apps/dotcom/client/src/utils/multiplayerAssetStore.test.ts	c9879e42f12c94c66944e5b41b13cba1344089c471731b50a7f690396a1889a5	1790416429086.3704
file	apps/dotcom/client/src/utils/multiplayerAssetStore.ts	b21e0372d8ae220c088674cde0ccb22145695004df3d05b189e4e7ea09bf2681	1790416429086.8728
file	apps/dotcom/client/src/utils/scratch-persistence-key.ts	5ff26b05ef8bb56c498f3e7400259ed24116de53ce8b9514ccc7e75eb9ec17dc	1790416429087.8733
file	apps/dotcom/client/src/utils/shouldOverrideDocument.tsx	35e987b0e382f2b647a5add36de4199a168c825d7e76c9ceeddddd222c0e5389	1790416429088.3713
file	apps/dotcom/client/src/utils/url.ts	a9e53864db03e59c242d87ff7bcb0f8ddfd3bf4aaa67f68490b1c35f8ee4a673	1790416429089.3696
file	apps/dotcom/client/tsconfig.json	5717e9ba94b73eb2d75f43f826d68dc7e66f2465f9e9d90457760033f27a2c50	1790416429090.8738
file	apps/dotcom/client/version.ts	72c20540670862a0c3c8d3f6ea3b727c93ce7cc9a570c33cb9146f6da8f6d5e4	1790417087464.6328
file	apps/dotcom/client/vite.config.ts	61ccc08715f1264cceb588593105d891dee01fab1b581150ddc58cc71f369d25	1790416429092.3699
file	apps/dotcom/client/vitest.config.ts	1a72fc06289b4816c6516c02e9ff28b62a25ad99990d4ccae78c13d30f4caf24	1790416429092.8699
file	apps/dotcom/image-resize-worker/src/worker.ts	9d4300566af710cac14c41d321870b43d769ae99170280e562f57ce31f7ee16e	1790416429097.3723
file	apps/dotcom/image-resize-worker/tsconfig.json	4117cb912c9e567dfd9fbeb651b50076cbd8f6de053af242f2c4db3a5363fb6c	1790416429098.3718
file	apps/dotcom/image-resize-worker/vitest.config.ts	a1b76649f096391497a32cbbc735a443526fcf7d2d043a0eddd6897fdb3e38c4	1790416429099.3713
file	apps/dotcom/sync-worker/src/AlarmScheduler.test.ts	f7bc27994bd7ab1197fc84f19004c2cd69534a29ecdb3928fec72252bca8d916	1790416429114.871
file	apps/dotcom/sync-worker/src/AlarmScheduler.ts	90d7e7be194e971ac9e85d13de9e615352ae05cfe98c504fd9e1816d11b964e0	1790416429115.8718
file	apps/dotcom/sync-worker/src/Logger.ts	0c5856f84823e69982ce8fc24de4389c982400dd225ebe4c5cb18fe0d9c41205	1790416429116.8757
file	apps/dotcom/sync-worker/src/TLFileDurableObject.ts	0eab83120390c26e166cd7329ea8d12203d936ede79110582ac2062acde4b80e	1790416429118.874
file	apps/dotcom/sync-worker/src/TLFileEffectProcessor.ts	834ae6d6438cec2317f4571c86e099002f2c8cc28a8913044ab48bd4f0538ed5	1790416429119.8828
file	apps/dotcom/sync-worker/src/TLLoggerDurableObject.ts	998983b85bf30d1e76b16a36084cad5c227fa752f7c4dc285abaaca60e28139d	1790416429121.37
file	apps/dotcom/sync-worker/src/adminFeatureFlagRoutes.test.ts	f6eac22d67dfd3294a98e16a6663c4c2487ec47ca794e04c4b72c4e349d3ce2d	1790416429122.3716
file	apps/dotcom/sync-worker/src/adminRoutes.ts	0604e435bd7c20484d19c127c703c98d965c7b7b1bad9745c55a62951a6f03fb	1790416429123.3728
file	apps/dotcom/sync-worker/src/assetAssociation.test.ts	30a5701e3eb3ddc8ab5e2866b0d0763fd112bedc17ee347c385b055b2a69437f	1790416429124.3706
file	apps/dotcom/sync-worker/src/assetAssociation.ts	8e3761edd875de4d9398ecac2d68dc07e03d6833a1d06cb9455d884dbd6770a8	1790416429125.373
file	apps/dotcom/sync-worker/src/authorizeFileRecord.test.ts	3b9ee8704ffab9d88433da6eb38b11b60a503d6dc3909715ec4498972f8b6bb0	1790416429125.8696
file	apps/dotcom/sync-worker/src/authorizeFileRecord.ts	4041f1c331e09611b66eda2c2857988278d0ce41dc1ec8fcd3d6b1b5e2291a75	1790416429126.8718
file	apps/dotcom/sync-worker/src/commentRows.test.ts	71005c9177465425c9f241084eb49f421887803207d6cb31448c0ff23e1c6efe	1790416429127.8716
file	apps/dotcom/sync-worker/src/commentRows.ts	fdb6fd7deaf0dddc11da5d624c420336fc5360df0336f267f782ea526201d706	1790416429128.8713
file	apps/dotcom/sync-worker/src/config.ts	80888ebc432e345cd85b46f54c26190c0d4c9a6541bbeb13242e96e5508244b2	1790416429129.371
file	apps/dotcom/sync-worker/src/fileEffects.test.ts	4cba54efad69205ceb2d21489fca8ebfde765cdc8b8df6c91e0768dedc05f624	1790416429130.3716
file	apps/dotcom/sync-worker/src/fileEffects.ts	cda9bf934ebab24edac029c42383da24a7f2d772fcfdd13ee868e841b6cdcb1e	1790416429130.872
file	apps/dotcom/sync-worker/src/fileStats.test.ts	1e0a6ec840030f22c4897dc234995929bc9fcb59b56a2f9f326dcc4dde683fde	1790416429131.872
file	apps/dotcom/sync-worker/src/fileStats.ts	4ba4961444aa60af80f5d13a56e621d27879e5775062fbfe8ae89698dee17588	1790416429133.3735
file	apps/dotcom/sync-worker/src/healthCheckRoutes.ts	56cbe2750039396ad7449101a11b9201c2c81d398a9261c3d1e2356d3007665a	1790416429133.8726
file	apps/dotcom/sync-worker/src/mcpClusterIndexStorage.test.ts	b4d9922151a7170fecd47b0c8334407ad747825bf6616f44688b2dd4c4fbcd33	1790416429134.879
file	apps/dotcom/sync-worker/src/mcpClusterIndexStorage.ts	c7689e1a93ef456f17aeea94159ac1cadc802e1bbef876d1135b3f149351bdc1	1790416429135.8713
file	apps/dotcom/sync-worker/src/outboxDrain.test.ts	586c7ff3b966dd0b00c695087e7ecb950878f24967143e0aba1a8f617be249a3	1790416429136.377
file	apps/dotcom/sync-worker/src/outboxDrain.ts	850beedf3a9a1020e3544b97b6972542fa9dd35dd6a104d90f54809d8bd7a19c	1790416429137.3757
file	apps/dotcom/sync-worker/src/postgres.ts	c6ce675b8c82366dd080ca7a7c3254edd1fb78bbe2f4cbfba6c3ab82841399bf	1790416429138.3713
file	apps/dotcom/sync-worker/src/r2.ts	a4c0becbf5b9fdf636c8e71fe03f8041023e48b8074a7efb626296842bb4c586	1790416429138.8716
file	apps/dotcom/sync-worker/src/roomEffectHelpers.test.ts	8e6a2afb5cd47f68b5e2409baa48eac95783b11e7f1a44658ee7607f0afb089d	1790416429139.8716
file	apps/dotcom/sync-worker/src/roomEffectHelpers.ts	a86a7eb61ad36b5e640cbe88df3779f33ba60dc541b1b793fe14eb0af29c19d4	1790416429140.3723
file	apps/dotcom/sync-worker/src/routes/createRoomSnapshot.ts	c0fe4a9ecf17b8d4e998a3d8ebf34436cef87fa08d62dc70100bf447b6b35545	1790416429142.373
file	apps/dotcom/sync-worker/src/routes/extractBookmarkMetadata.tsx	db57b77ebc38f2134f04f8658a241b169e27359ae5d524cecbaedaa542d31012	1790416429143.3735
file	apps/dotcom/sync-worker/src/routes/getDocumentNameFromSnapshot.ts	ce36b8d11f45abf946997bd66dec9d76d52cf570eb1e393b41a4b9c0cc04b357	1790416429143.8706
file	apps/dotcom/sync-worker/src/routes/getReadonlySlug.ts	4ad947b8d1a9eb3bf2012407480db58703eb73cda72f16dd3c45cb8320abdf2e	1790416429146.3713
file	apps/dotcom/sync-worker/src/routes/getRoomHistory.ts	f4aefee5e79ae88ebde9bb6015336ff3394df381d822efd0c17313fb8bd1c0b6	1790416429147.3726
file	apps/dotcom/sync-worker/src/routes/getRoomHistorySnapshot.ts	512624669234907a813337b18c5883196b66a894abdfc2e4add420922b102df2	1790416429147.874
file	apps/dotcom/sync-worker/src/routes/getRoomSnapshot.ts	007e8fc08abe28f210e3dd7adc84a8f2b56aaf63b6ca1c0071382a19e82e87de	1790416429148.8733
file	apps/dotcom/sync-worker/src/routes/getSocialPreview.test.ts	96e67ac7e7f4f93d54b7348548636be60273797f4d5203b7238f979fd375b019	1790416429149.8728
file	apps/dotcom/sync-worker/src/routes/getSocialPreview.ts	4b657405b3fa62332e25e8edd212ae46473eca0f8c1e6c588e998961309585f1	1790416429150.8708
file	apps/dotcom/sync-worker/src/routes/joinExistingRoom.ts	d0e1f77d6aabe874971468687b6689fdde170e35d84a51ec08de3d8ac3d221f5	1790416429152.372
file	apps/dotcom/sync-worker/src/routes/submitFeedback.ts	7bf95bd9e53f3a9e98c02b2ad575bcaa7b4c36d856c5e91640272fb5b5baf7f6	1790416429152.873
file	apps/dotcom/sync-worker/src/routes/tla/acceptInvite.ts	c6d2f40c8216c3f4620cf50bf07f4249cdb51b5d71ca872592553b6d14ea6779	1790416429154.872
file	apps/dotcom/sync-worker/src/routes/tla/boardTools.ts	eb4396d5b20a631998443c8b02fcd684943f3194523e74130a26c6b4b6c302c7	1790416429155.8708
file	apps/dotcom/sync-worker/src/routes/tla/createFiles.ts	a84648b7fa56fdb57f734629ecc433adf715bfb8c88ff8a5cf29f8c5a8d6afe4	1790416429156.8723
file	apps/dotcom/sync-worker/src/routes/tla/evalsLocalMcp.test.ts	787ccae38dace8c7761e222f8ed4061f48324831814cc8e5f84e387498d1b8e3	1790416429158.3728
file	apps/dotcom/sync-worker/src/routes/tla/evalsLocalMcp.ts	357d466c9054f08d4b542fd07755a3f0c3ac5f989b535862ec98759f6dcd7ec7	1790416429159.3728
file	apps/dotcom/sync-worker/src/routes/tla/forwardRoomRequest.ts	93bfe9bf6400918dc3be7dad64b51724a08ef3cac7f6d4949c2b88eff25f25bc	1790416429159.872
file	apps/dotcom/sync-worker/src/routes/tla/getFileSnapshot.ts	3e018d92b548457aa1240ca85fa2c05c81deb1e410e78a23bc00b423c9f94fdb	1790416429160.8713
file	apps/dotcom/sync-worker/src/routes/tla/getInviteInfo.ts	81eb33cf70ae17229e7b73ef0aba56bc9463acd7ae955adc05a18d9567b1c62d	1790416429161.8706
file	apps/dotcom/sync-worker/src/routes/tla/getOgImage.test.ts	0a8f831854cd7320feb7f630b974cc4d089fd2bba87e5dda29386c0337bbe0bf	1790416429162.872
file	apps/dotcom/sync-worker/src/routes/tla/getOgImage.ts	03e06d222eb9b70b28a1dbfa648eacec93242880bdaf93ed7a622142e00f3017	1790416429163.372
file	apps/dotcom/sync-worker/src/routes/tla/getPublishedFile.ts	4a8a506fe84fe00af3ec28135fd6fdc1974139cf7d96685c3af9e6e088643e3f	1790416429164.3733
file	apps/dotcom/sync-worker/src/routes/tla/getSharedFile.test.ts	4bd9824f68467d2709712d6cbf4e163b651f5cf0a859db3400d4d98e8e9d93c0	1790416429165.372
file	apps/dotcom/sync-worker/src/routes/tla/getSharedFile.ts	7fb22ec853f796b5bd51143aaf40f1f12a895ac0bcef0f8adc518af209126a68	1790416429165.873
file	apps/dotcom/sync-worker/src/routes/tla/getThumbnailSnapshot.test.ts	339c51b62f8036f19c97f1817a71d476d4634d475fed2ee63d82ab54805d4084	1790416429167.3801
file	apps/dotcom/sync-worker/src/routes/tla/getThumbnailSnapshot.ts	04ebb3b367ef65dc5145ca0a6460937fe004bf6754721941d037b7a86529b9c1	1790416429168.3723
file	apps/dotcom/sync-worker/src/routes/tla/initUser.ts	0ed8c7d93a42c42e7816e66c3950bc2a3a823946da73c35afba1b187b0c22ae7	1790416429169.3723
file	apps/dotcom/sync-worker/src/routes/tla/mcpAuth.test.ts	67cb8e3992e0ceabfcce8e191ec3a8c1076383e72bb688c88c1246e141ba90b0	1790416429170.8718
file	apps/dotcom/sync-worker/src/routes/tla/mcpAuth.ts	6567848c7679ca75757c4f5cf28745d0ee89fcae50bbfb0e09396953c0f5fbea	1790416429171.874
file	apps/dotcom/sync-worker/src/routes/tla/mcpClusterIndex.test.ts	9a318562e881d3c5127579d07c022c3c0074e6ff4c3d8767ea3ddd2a222a81b0	1790416429173.3738
file	apps/dotcom/sync-worker/src/routes/tla/mcpClusterIndex.ts	1a3f9b7005f44f591d8799bc56b320330741d40746f16c7bd3b91083b91ffb8e	1790416429174.3735
file	apps/dotcom/sync-worker/src/routes/tla/ogImageQueue.test.ts	f8a62cac484f2053cc1e3a35af111eacab4bd32664450c3643d217d4fda74afc	1790416429175.8757
file	apps/dotcom/sync-worker/src/routes/tla/ogImageQueue.ts	b6660ce5385ca90bea0833c37d8d6999f2a222d849ce97b0eff4317cd475e374	1790416429177.3733
file	apps/dotcom/sync-worker/src/routes/tla/putThumbnailRenderResult.ts	104583dfcb84fb6f6bb7495209dedc5ae71c645e38ccddcc967b1cadeda6c8c5	1790416429178.372
file	apps/dotcom/sync-worker/src/routes/tla/screenshotTestHelpers.ts	5385bb1e33b0827dc88596d043117fa529c373bc83c4ec8b1304668040e0f697	1790416429179.3735
file	apps/dotcom/sync-worker/src/routes/tla/sharedBoardScreenshotMcp.test.ts	b7fac85d7c118b78624e26136c69ed2b3f2ab345bc40376c22fbbde9c99219da	1790416429181.3726
file	apps/dotcom/sync-worker/src/routes/tla/sharedBoardScreenshotMcp.ts	00eda040ea77fb5424cc35cd68fdc75f3ccc425b04537507675a801e870d8ba4	1790416429182.8728
file	apps/dotcom/sync-worker/src/routes/tla/thumbnailRender.test.ts	45c08899044c790f8809739e77f5f0dfe9cf63cf90433854bb01aa3816c633b3	1790416429183.3726
file	apps/dotcom/sync-worker/src/routes/tla/thumbnailRender.ts	1a7825c524b8cdf946d9b56abfff39f95f192ba7aef8fe55e01d2b8ab2a15b91	1790416429185.3718
file	apps/dotcom/sync-worker/src/routes/tla/thumbnailShared.test.ts	a8fe75a52e3b03e77eed9a5cdb54cf976635ca8d8a46050c83040d2694952e1c	1790416429186.3716
file	apps/dotcom/sync-worker/src/routes/tla/thumbnailShared.ts	d821e182fc54b3192b53038961870a6cc0538325f8ea891625ee6dedaf1f8c96	1790416429187.3716
file	apps/dotcom/sync-worker/src/routes/tla/uploads.ts	f92f85a9a7f1ee99638a0a4aade7118e3ba8d8f14da87bbbc4e79929dcf1c73d	1790416429188.374
file	apps/dotcom/sync-worker/src/snapshotUtils.test.ts	75ff6d11e572957fd0623d06db9f06f1a30482538b5aa63fb33eacab8e65659a	1790416429189.3743
file	apps/dotcom/sync-worker/src/snapshotUtils.ts	1d4006b8bd6069f252b99bec1e9650c385103d1fccd525eb9d801a9745c4f9e4	1790416429190.3716
file	apps/dotcom/sync-worker/src/testRoutes.ts	1d1cd00bd19ff20438da9d4c4db3df3f7f3e59a23abe3bc55f3900d6ed4c0072	1790416429190.8733
file	apps/dotcom/sync-worker/src/types.ts	a5d8bdee8536f43c15baae739753d6f7fdc7a30d254d863de29b3add9f139457	1790416429191.8738
file	apps/dotcom/sync-worker/src/undeleteFile.test.ts	a805289763846bf7e9ead506c406f3db4cd5c7a8014100ee79c0f3919553ced9	1790416429192.8728
file	apps/dotcom/sync-worker/src/undeleteFile.ts	384e1f993019792db71d0b84eed04d15064ceab79f9f77c1662032cb4b1bf888	1790416429193.8745
file	apps/dotcom/sync-worker/src/utils/analytics.ts	1ca2f89b06fc43c2148a49279ed4a3a519965f93987f77008b53653f1d8901af	1790416429195.3708
file	apps/dotcom/sync-worker/src/utils/base64.ts	a43941f8470eb9f736d148cc840e3005df4ad52b06bf13398367f9fe5cf7d3b6	1790416429196.3733
file	apps/dotcom/sync-worker/src/utils/createSupabaseClient.test.ts	b1c3442950c910d7ea0c711daa1db8f1b550e70851eba9af90611bde7860e046	1790416429197.3716
file	apps/dotcom/sync-worker/src/utils/createSupabaseClient.ts	47c6ce2a5c99e35158903539966d1a0145c47de5b67c4f82e66bc2f5de8873c8	1790416429198.8726
file	apps/dotcom/sync-worker/src/utils/durableObjects.ts	6a27f05d24d3e1fab38720cac611c1528797583f5059598d8d56b212aa638747	1790416429200.3728
file	apps/dotcom/sync-worker/src/utils/featureFlags.test.ts	d2eb85f33b98fa89aadcab802bf1aa01794c17fb5134328033f4458fee07e96d	1790416429201.3716
file	apps/dotcom/sync-worker/src/utils/featureFlags.ts	dab21733b6c2aa6aa20f9abd4d2db88b8e42b640a9c4f16cfa420d5f17c9824e	1790416429201.8716
file	apps/dotcom/sync-worker/src/utils/getPublicOrigin.test.ts	e8b1512b23e513af88da30ea6087b519ab6fa0103d604195c4fd959520de7c18	1790416429202.8728
file	apps/dotcom/sync-worker/src/utils/getPublicOrigin.ts	5af08d503b3ca49274bcc4d74f4678c2c71ea087adcd8fa793ed2c72618199ac	1790416429203.372
file	apps/dotcom/sync-worker/src/utils/getSnapshotsTable.ts	94ea5b5b1ce51827032472d1aae8a93b4d5a1d7a6156c0d70e25886e2300f06f	1790416429204.3691
file	apps/dotcom/sync-worker/src/utils/hash.ts	ef128c86ce73bb90947e5921d3e61cfb72d18550c6faa392fba0327425ab9e31	1790416429205.3699
file	apps/dotcom/sync-worker/src/utils/ogRenderDebounce.test.ts	54b50652f24a26b550d4aa9d72ee0346a38d236e10324df4dd042e3d89166240	1790416429205.8713
file	apps/dotcom/sync-worker/src/utils/ogRenderDebounce.ts	dc08eb8a24d2b5a1b3a0baccd5807da6970bb2d1c35a44b3801809481af3e8f8	1790416429206.8706
file	apps/dotcom/sync-worker/src/utils/publishSnapshots.test.ts	d20a35878d5a3b3e2ca6490bd0e7d3966c389b38226051555904fbab40b36505	1790416429207.3716
file	apps/dotcom/sync-worker/src/utils/publishSnapshots.ts	2776e8e1772958c4dbff3f9cff209b024790a27bf18eabb5d9bbbe37baab48f2	1790416429207.8708
file	apps/dotcom/sync-worker/src/utils/rateLimit.ts	865796ea8b70ff2c0e363cca1718bbe99c53b1746c8a535e19df1ef0ecc8e4b4	1790416429208.37
file	apps/dotcom/sync-worker/src/utils/renderTokens.test.ts	f72ec602f1cf64d745b1c1b21e78f0cbcc99576bf6114c5ac9b6819e4aacfc1a	1790416429208.8716
file	apps/dotcom/sync-worker/src/utils/renderTokens.ts	61032c24d2e562148aae045390c495b0313df8cf0a8a83c831380e39a4d19dcf	1790416429209.8716
file	apps/dotcom/sync-worker/src/utils/retryOnConnectionFailure.ts	c72c2bd74524d327c3534d5ab5614232cdc0e4c05e692903c940a1a2c9b6c2c2	1790416429210.37
file	apps/dotcom/sync-worker/src/utils/roomIdIsTooLong.ts	adc7ba7949df9c45b4cfd901d9106bdca0577d00024e2d3211bf981318544346	1790416429210.8708
file	apps/dotcom/sync-worker/src/utils/roomOpenMode.ts	39abfa9e2d59545e4569fcd7b85bc2d97a0be7b1cd2132d8b7cf24e6b4ce5988	1790416429211.8718
file	apps/dotcom/sync-worker/src/utils/throttle.ts	61d54f3e1e8a3fd5a09684c53544445969e5e33c51c269bfc4a274c63b30b155	1790416429219.3735
file	apps/dotcom/sync-worker/src/utils/tla/getAuth.test.ts	3de550bff4698b294e16307a76c35594e2d202f6670920b94fcafd6e8be60055	1790416429220.8723
file	apps/dotcom/sync-worker/src/utils/tla/getAuth.ts	d847fc6f1636fe700a0554d6c672d96ef2211dd67cc2efd561776814e31ed3e3	1790416429221.875
file	apps/dotcom/sync-worker/src/utils/tla/getJoinableWorkspaceFromInvite.ts	1b9cab1ea3f9e31ce021a6becd66c8af8531f6016d21b9fb45f55d8394f64b04	1790416429222.8723
file	apps/dotcom/sync-worker/src/utils/tla/getLegacyRoomData.ts	9a64fa82be6e4b3c274756f36fd24653fef9df7ce69e85f3e125b2332a10328a	1790416429223.8716
file	apps/dotcom/sync-worker/src/utils/tla/getRole.ts	c420d30b378d40f8acec39284f802a919e1a6d9249ca34c2ac1b2e38a8e83065	1790416429224.3726
file	apps/dotcom/sync-worker/src/utils/tla/hasReadAccessToFile.test.ts	b9cce4de315c43a08fae36f019d112f970ea906df2ed6b96ab8f888b01ca7096	1790416429225.371
file	apps/dotcom/sync-worker/src/utils/tla/isTestFile.ts	ae7d44499382c66aae2b2d39d53ec75e7d47a6083978323eb6cdcadd6f32a9d8	1790416429225.8706
file	apps/dotcom/sync-worker/src/utils/tla/permissions.ts	7e2da62693e48e8d5054112644fc0b7bd7f33748e91549b356e1680e4b31bcfc	1790416429226.3733
file	apps/dotcom/sync-worker/src/utils/tla/updateRoomSnapshot.ts	3829a8126962ca1283d27f3d2091520b908c5ea9c9b7f023ae10cdde240d5944	1790416429226.8713
file	apps/dotcom/sync-worker/src/utils/validateSnapshot.ts	f3b594722b0ba725cd6d644844bef14ca4bce934e248fb956b7dec69255808d4	1790416429227.3713
file	apps/dotcom/sync-worker/src/welcome/defaultWelcomeSnapshot.ts	007356567ce402ddf7ebab5e61f6032484f2e775624063abd6765f5d34f8ed00	1790416429228.37
file	apps/dotcom/sync-worker/src/welcome/resolveWelcomeSnapshot.test.ts	f5899a6520e585a4ecf68129992c7e2baaa643d3503823f2062ef6c1862b24cd	1790416429229.3699
file	apps/dotcom/sync-worker/src/welcome/resolveWelcomeSnapshot.ts	186e0f2e967eda69148e28cb8eca8794c5bb8469936d78de3f429094aa7c31f7	1790416429230.3699
file	apps/dotcom/sync-worker/src/welcome/welcome.test.ts	06261a373efe87c40c66a244d2480a3f7e945aa4a175bd9d0a2d29e30bb3a544	1790416429230.8696
file	apps/dotcom/sync-worker/src/worker.exports.test.ts	2c6c25d33d70da03b72b10a484f8d5f6531aa3b33c1e6179697bc520773627f6	1790416429231.37
file	apps/dotcom/sync-worker/src/worker.ts	6175397029862a5953cbc445d06fff9563a2b8245d8bffc5050ee7d866a6174a	1790416429232.372
file	apps/dotcom/sync-worker/src/zero/ZMutationError.ts	c66a0cfdb046d0ec5c1b982dc960945d28201d5669da727bfd993d63d4748381	1790416429233.3699
file	apps/dotcom/sync-worker/tsconfig.json	d80eb26713c86a74830889f53b82baab4477b5e25d3096916ba8f7b05eae683b	1790416429233.8728
file	apps/dotcom/sync-worker/vitest.config.ts	50313af80e54225348ee83f4b4c3a822b77c0ae478157a04aa00b0adec515904	1790416429234.37
file	apps/dotcom/tldrawusercontent-worker/src/types.ts	b1e6e431654be93a66a0d7c4a5a1ec79fc5695f599e143c8f12f8e2ac8001791	1790416429237.37
file	apps/dotcom/tldrawusercontent-worker/src/worker.ts	5effc1ea444a161eb6daef32d4bdf191c31096abc8b96aa3a7fb1fa54dab05e4	1790416429237.8708
file	apps/dotcom/tldrawusercontent-worker/tsconfig.json	9f80d692445ed80ec9206088ca110d46e974ad274720eb5bb55336d384cea416	1790416429238.8699
file	apps/dotcom/zero-cache/delete_file_states.test.ts	ddd19e549c2f5e05fb0a8b7d4a02414089e0421285c628e4d85fba816e3aa321	1790416429243.3784
file	apps/dotcom/zero-cache/effect_outbox.test.ts	80c695ce9178a8b12a570c9977f7a15680ba9932fcc5c3492905c2ab625a59fa	1790416429247.3728
file	apps/dotcom/zero-cache/migrate.ts	6361d063b30ae9617dae8e2ecebd3e56c80c0f7dca17005884386d096897a11c	1790416429250.3713
file	apps/dotcom/zero-cache/stamp_comment_created_at.test.ts	0202a0e70fdd645cc64bf5471cb83522dc3b1022b0bec7186d6a8d8a3458ebff	1790416429302.3716
file	apps/dotcom/zero-cache/tsconfig.json	943ac70f817d8b894b8ffdee46063f6a8ee397883e619c401f0dc47f1c5ee4fe	1790416429305.3728
file	apps/dotcom/zero-cache/validateMigrationFilenames.test.ts	a278363d27773f49f41a70652a7380edbf446b224979dc9c5c6667bd1b163876	1790416429305.8743
file	apps/dotcom/zero-cache/validateMigrationFilenames.ts	bc3d2bc1c8f9da7c7c7768754fcd2aba43784f21e8a21b720d4a98c710c9cdd0	1790416429307.371
file	apps/dotcom/zero-cache/vitest.config.ts	4ce9f3bd4df2f1a332a0211fae9ea89fe9897266a7fbf6e3edb161b097f4587f	1790416429307.8726
file	apps/examples/e2e-device/helpers/app.ts	2bd1062ecd182dbecfa9166d59bfc1aa9e794a79678743d1a1b077474945afbb	1790416429312.8704
file	apps/examples/e2e-device/helpers/pinch.ts	4462dc4650fe147eeab5f73cceeb0d0ce761820ca525d6e6e037f8fd0e7174d9	1790416429313.3726
file	apps/examples/e2e-device/helpers/stroke.ts	4887bd94be5ce2da24f67dd59bdbbffe6b9bdcc2469b03a069428b70e60c9420	1790416429314.3726
file	apps/examples/e2e-device/tests/draw-pressure-encoding.e2e.ts	4f702851c60cfca1d946478cff726bc0f5557b52a8cd16e6e56a3d6afee197d6	1790416429315.871
file	apps/examples/e2e-device/tests/pinch.e2e.ts	638c002391f9cdeec011be5c00399fdd0b07fdfcf85d901ccac2f68e4e3cf856	1790416429316.371
file	apps/examples/e2e-device/wdio.android.conf.ts	e52658b163e26a9f3aecce905024cd4675b606e82561bac2902f4e8b83891274	1790416429318.3728
file	apps/examples/e2e-device/wdio.ios.conf.ts	b9d8b19a253bcb95843415efe0df5e58d891fab79830536f7478fbd69a920905	1790416429319.3728
file	apps/examples/e2e-device/wdio.shared.conf.ts	4e0fafcb8e245b3816978c487b89ff7292dff0fd72688384e25da2b0167b69aa	1790416429319.871
file	apps/examples/e2e/fixtures/analytics-reporter.ts	6a56ec021affddab965871e1882073ad11416540165c01a616e9b1c614b1cf9a	1790416429323.371
file	apps/examples/e2e/fixtures/baseline-manager.ts	a2ef6fa52d1bc91bb2d3a532447c740298dded926798119250d6790550f1ef25	1790416429324.3716
file	apps/examples/e2e/fixtures/fixtures.ts	ea89fe07c8bca5e336b52bf2e21c4373ee1089091d539ffd883de7fa36d91167	1790416429325.3718
file	apps/examples/e2e/fixtures/fps-tracker.ts	064001dc875956bcdd299be2799fc494da0acef08de4122b001a83bfc82d178e	1790416429326.3706
file	apps/examples/e2e/fixtures/heavy-board-generator.ts	01ecffe14baad02a942b65f9c3ad759c10cc5da3397205b843882ef8b79a61de	1790416429327.3728
file	apps/examples/e2e/fixtures/menus/ActionsMenu.ts	f5c7edb0577b8ffcd38f3c3542a7e6eb5120c2d39003678d2de7a8bfe69f3947	1790416429328.8728
file	apps/examples/e2e/fixtures/menus/HelpMenu.ts	561afb45da4811295e9c8a7172bc16c8ee24dfb6b1171c22949bdb0a8755ee9b	1790416429330.3716
file	apps/examples/e2e/fixtures/menus/MainMenu.ts	729945b461c1cc2bb74cb1fa1fadc25130bed992613b5dc211f92633f2aaeb95	1790416429330.872
file	apps/examples/e2e/fixtures/menus/MenuClickCapture.ts	653cc4e4fcb9f56ce60ec9e762722bc1b07ecf65ac856b5c56191bfb6df28345	1790416429331.871
file	apps/examples/e2e/fixtures/menus/NavigationPanel.ts	907c7b457a8ab23db9d6e0c65c17081570f888a20cd88b2e50ffbc02732d6226	1790416429333.3704
file	apps/examples/e2e/fixtures/menus/PageMenu.ts	71d67c567e4eb086b13a06b053201486da84ab78faa88d2a8ffeb5d4bfe532b1	1790416429333.87
file	apps/examples/e2e/fixtures/menus/RichTextToolbar.ts	6c0434f99e8b7d5290063bf1ccb50a8948b259cd770e329373a5a20f587316a0	1790416429334.3706
file	apps/examples/e2e/fixtures/menus/StylePanel.ts	f240ec71b234fc61329efea2f96b6ac1518f78f3b33c5b53af7c653b277f2076	1790416429334.871
file	apps/examples/e2e/fixtures/menus/Toolbar.ts	87045ad29f4e9c4f15dc7b6a527fc9770168f1fa93ad51fd83624318e178674d	1790416429335.87
file	apps/examples/e2e/fixtures/perf-utils.ts	79ddbff79e9e8840a65ff2e6c61360294f816f1fee6938c270fe90671c5906f4	1790416429336.37
file	apps/examples/e2e/global-setup.ts	c4308c1a94acfcc660e9d261ce7ea3244d2f71768b68a36c5da3f957b659fe0f	1790416429336.87
file	apps/examples/e2e/global-teardown.ts	91f3d01ed2d5b2077da0ad37d3e5af2ea2c6612237253ff0e66f2493777dc34b	1790416429337.8723
file	apps/examples/e2e/perf/test-perf.spec.ts	dc3f87aa4c63e9dec6949267a101dd9e59f5d58d2800990e6ae56e492b081785	1790416429339.3708
file	apps/examples/e2e/playwright.config.ts	472a0cb04cb2d63eed01dff5b94c19018385e90c96a32c7a61582ff834bba162	1790416429339.8699
file	apps/examples/e2e/shared-e2e.ts	85d4735df98f1270e313c193924cb99c06bf66ad20589fbe611645dcf45d81bc	1790416429340.3704
file	apps/examples/e2e/tests/export-mermaid-snapshots.spec.ts	5a0a0b39404a68928d04b84daf17c9d4128cbc4b47811889eede0961c51549f4	1790416429342.871
file	apps/examples/e2e/tests/export-snapshots-data.tsx	b6b8a5ebf61af2a79d6e9ec129c488f30cba2c9742e55f4ca62c590dee8cd245	1790416429355.8699
file	apps/examples/e2e/tests/export-snapshots.spec.tsx	73b076d79827aa6a50145bcd144e4dd962049457697f434ab40c674061c39188	1790416429356.8696
file	apps/examples/e2e/tests/test-a11y-style-panel-navigation.spec.ts	8fee58c944a54fec9076a3aa77dc5c359493300f8e284261519153ffb50c7691	1790416429425.87
file	apps/examples/e2e/tests/test-actions-menu.spec.ts	f4ba05bb7e8431eb9212455173a9505d87f07ac7c8bbd7945df48a00f1ea8a1a	1790416429426.3694
file	apps/examples/e2e/tests/test-api.spec.ts	27bef41816e7bf9533d556cc41cb1d7b385fd2b3e77935d2e94f91213f727ced	1790416429426.869
file	apps/examples/e2e/tests/test-camera.spec.ts	49f5e70871cf9beb5cd6165babd8f1afcf632116d73a9afe2326dba1359548d4	1790416429427.3691
file	apps/examples/e2e/tests/test-canvas-events.spec.ts	1bb62041feff98f80015577eccbdaeff63d2d5a0408d2a50634545c615c9ea62	1790416429427.8716
file	apps/examples/e2e/tests/test-clipboard-events.spec.ts	c29f5a5fedb20ae538f6b6e69f18e7c8d98648e480bf3e7fec72e3c635b3bf8f	1790416429428.3713
file	apps/examples/e2e/tests/test-clipboard.spec.ts	f75f48fbaa188afa17e01c4f0be02d52306a653742ed07791296776898c422e9	1790416429428.8726
file	apps/examples/e2e/tests/test-commenting-a11y.spec.ts	2954826b14a53420d90d68decefa01f3c1f7ed5f6d77b646a2cff6f35bd05bea	1790416429429.3713
file	apps/examples/e2e/tests/test-context-menu.spec.ts	c961f457c49e10b6d785e5e16e270a492e462f271dfd8d17fbd7daf94e974c23	1790416429429.8713
file	apps/examples/e2e/tests/test-dialogs.spec.ts	33ccd98048903e301506909c2622ca217a80a50c67fe006902872d32096f6c5b	1790416429430.371
file	apps/examples/e2e/tests/test-focus.spec.ts	2012f5b2818781fa01e138579c3589242d3b465d9963cfc13d0765d2fe0723de	1790416429431.3713
file	apps/examples/e2e/tests/test-image-toolbar.spec.ts	4216dcd723eb5e0788f6dd59892e7fd7ba4e9decd52c955a5b36a536815fe6ef	1790416429432.3694
file	apps/examples/e2e/tests/test-kbds.spec.ts	41e8219ff215f3e7e9624043a5d0f74718ff2bd73131da0a7bfdaa908c08a3ee	1790416429432.871
file	apps/examples/e2e/tests/test-licensing.spec.ts	ccbdfb8dee6cf9450e200d261011f658e08c684b7443ca079ba8383beeadb012	1790416429433.3716
file	apps/examples/e2e/tests/test-main-menu.spec.ts	fdffb5c337fff8772044db4d71de2db220bec5f76e75a9171ac5a38d5ff2fa63	1790416429433.87
file	apps/examples/e2e/tests/test-navigation-panel.spec.ts	96998ccf125a21a0fa1c0c70a730fb47e6df524d6b7d6f7f047b12ce3ab2f83b	1790416429434.3713
file	apps/examples/e2e/tests/test-overlay-snapshots.spec.ts	dc3b63b21b92c1a508be858011c7bd7ea6b8d7f0126fe1f12e2687ffce2d33f6	1790416429434.8704
file	apps/examples/e2e/tests/test-page-menu.spec.ts	6935a1ab91aefd24e341b198d3beb311c14b50503145258f457179b823ad41d4	1790416429445.8743
file	apps/examples/e2e/tests/test-paste-text-measurement.spec.ts	a9e3fc421cd050af0baa221aca74df7b545ffc2619ae364d8a5616c604f66b6c	1790416429446.3752
file	apps/examples/e2e/tests/test-rich-text-toolbar.spec.ts	d19ff96b556504eba3944ac01468f287be167b4b1c8d99dd9c8a55bb548281fa	1790416429447.3704
file	apps/examples/e2e/tests/test-rich-text.spec.ts	1970f6197bee5bd8fd2caedefd83ade24243b7b0b0fd9bec19bb80d323f76202	1790416429447.8706
file	apps/examples/e2e/tests/test-routes.spec.ts	39fe8d835f0a81065eb7f7f4b9617e39389e2ba8697eeff209aae5ffac9dc5a9	1790416429448.3752
file	apps/examples/e2e/tests/test-rtl-text-alignment.spec.ts	f7fe38a878491b2b16e190498bb94645c71afeb4e6a108660ba1113f526f3db6	1790416429448.8752
file	apps/examples/e2e/tests/test-shapes.spec.ts	a5bdaab84c2587e61660f781481585246f91a05e85a78cb355bbae0ca309ed0c	1790416429449.3713
file	apps/examples/e2e/tests/test-smoke.spec.ts	b5e2f14edc422ae1afce63897626c8bfba98b8ff42e109a1afdd1774cdaf7c43	1790416429449.871
file	apps/examples/e2e/tests/test-style-panel.spec.ts	8c971d61932530e62ab3294b07270f7ad7dcb9a600d23c71a87d2cbf847c01a8	1790416429450.8704
file	apps/examples/e2e/tests/test-text-export-ink.spec.ts	18b0713701b58ef593f305a75752bc6c64658dbaa55099483a69cbc8bfaac4f0	1790416429451.3716
file	apps/examples/e2e/tests/test-text.spec.ts	3a133ae33d845b87686c7c9f62e774a674be1effecc013329a1f46b44e147bda	1790416429453.37
file	apps/examples/e2e/tests/test-toolbar.spec.ts	9bc4b3e6c87e42dab01f9f84121c462a45cc399fed72a59ebbd4c377187235ff	1790416429454.3723
file	apps/examples/e2e/tests/test-video-toolbar.spec.ts	fc72cf3253b1f34d0cdb5e0e70cd952861feeb0615f1b2a65942ed1b4a26f607	1790416429454.8708
file	apps/examples/src/ExamplePage.tsx	360bcbadc20f9de2c120d0523124abd48649f4614424a721af629da1f48202fb	1790416429495.3718
file	apps/examples/src/ExampleWrapper.tsx	7c245da26e3ee819e085ccf4d823fe6095686693410fe080c3e9f699fb96e905	1790416429495.8691
file	apps/examples/src/examples.tsx	44deab6ca868de169a9210259d54412e3147554909898d380782223f353db88a	1790416429496.3767
file	apps/examples/src/examples/collaboration/comment-anchors/CommentAnchorsExample.tsx	8b741ce5807903d942e075719d0903d6026bb2e205a2a3d9fb1fb1bfd8758b8c	1790416429497.8706
file	apps/examples/src/examples/collaboration/comment-clustering/CommentClusteringExample.tsx	5b6d2bcdad6213975d1e30158c9b3b1d49d740ddd758715754ddd6bf0f2d344c	1790416429499.8738
file	apps/examples/src/examples/collaboration/comment-drawing-reactions/CommentDrawingReactionsExample.tsx	d93a1f85467bdb3cea63e53e51c8a4253979d5734696450e5213f206c14b22ca	1790416429502.872
file	apps/examples/src/examples/collaboration/comment-drawing-reactions/drawing-reactions.tsx	63be6445719eae37e60dab0fd4f4beefebb15579ffe257cfc82a4cc7fb3d0fa5	1790416429504.873
file	apps/examples/src/examples/collaboration/comment-history/CommentHistoryExample.tsx	8e73c79655c9a2a3cee4077021830dbbac7fba27e3fd1557bfc05e86a3bbbf89	1790416429505.8738
file	apps/examples/src/examples/collaboration/comment-notifications/CommentNotificationsExample.tsx	4ee4e88f00615922b83da3b37a40f807b58404ea8a834f8109cbfe21f72cbab8	1790416429508.9272
file	apps/examples/src/examples/collaboration/comment-regions/CommentRegionsExample.tsx	19266dc171ffb5208af9f2ffb4c6bda18720e98367414e65e25b2ad2904781b9	1790416429511.3706
file	apps/examples/src/examples/collaboration/comment-shape-precision/CommentShapePrecisionExample.tsx	0cebc7c0bde15b87e47933eed9ddb0fe3b678290525762bbb86faaa4bfc109d2	1790416429513.8738
file	apps/examples/src/examples/collaboration/commenting-mobile/CommentingMobileExample.tsx	9a932209baf33867782dd131573590e27a1664323dacef8541b39cb4bc8d10db	1790416429516.871
file	apps/examples/src/examples/collaboration/commenting-sidebar/CommentingSidebarExample.tsx	5f6f2e7d8f8e0aa3487b6694f0ca105c1695d5e68185abb015f602c649711f6f	1790416429518.3713
file	apps/examples/src/examples/collaboration/commenting/CommentingExample.tsx	96b571a2274c49ae44666dc680bd1f5749bdf7fa1fb5eb967df0368221246c8b	1790416429520.3718
file	apps/examples/src/examples/collaboration/sync-custom-people-menu/SyncCustomPeopleMenuExample.tsx	3e7a6b118f647ce399d58c81b1a152ff5c637ae54dd764ac61b826eb7c132ce8	1790416429522.8748
file	apps/examples/src/examples/collaboration/sync-custom-presence/SyncCustomPresence.tsx	6476cc70438cbdd22bdb1b8ebee477668ac7585e81148bcccb57a5f3d53f2ca7	1790416429525.872
file	apps/examples/src/examples/collaboration/sync-custom-shape/CounterShape.tsx	2771f79809419bd2887ad1f68d2c44f86b91cc42c186c8279b31cd8e5c499124	1790416429527.3713
file	apps/examples/src/examples/collaboration/sync-custom-shape/SyncDemoShapeExample.tsx	e22b9de0f8ed1809ffd19a810878bbe0c0b2e5baf805a8432b77231c99c0a1d6	1790416429528.8699
file	apps/examples/src/examples/collaboration/sync-custom-shape/ui.tsx	c8b1f249d32dd967417c5b75b7c3191b075d819b79c1c9cf9e5cc509d469f704	1790416429529.3704
file	apps/examples/src/examples/collaboration/sync-demo/SyncDemoExample.tsx	c7f4ed15a88f825e9bffea576c6913a091a2cb304e992201fe7f30e3349aa831	1790416429531.3713
file	apps/examples/src/examples/collaboration/sync-private-content/SyncPrivateContentExample.tsx	a627303febc5842898a8e45a11cd6d1c77412aabd317291e9f16b3c50121a428	1790416429533.37
file	apps/examples/src/examples/collaboration/sync-private-content/Toggle.tsx	c724bba57bd6289ee713a7f765303d10fc961608896f06f1145cd2509fe88938	1790416429534.3694
file	apps/examples/src/examples/collaboration/user-presence/UserPresenceExample.tsx	ee7b934d602bbe6786d786adf86ed345e932834d609ae48d4bfe9f233cbe476f	1790416429536.3708
file	apps/examples/src/examples/configuration/arrows-precise-exact/ArrowsPreciseExactExample.tsx	f8951196a5a4b10218f3656e09c4ea1d107f9774d4df27c8c486482e12ddb8f9	1790416429537.8708
file	apps/examples/src/examples/configuration/asset-props/AssetPropsExample.tsx	151659e7b7d9e23bc9d51ff3381a68eb31e0312c21af9eb497f222f127d690e9	1790416429539.873
file	apps/examples/src/examples/configuration/camera-options/CameraOptionsExample.tsx	9e4c06971dc396244594dd7ac6980024b435e82fe9c21a5a1b3f40933956fdf3	1790416429541.8704
file	apps/examples/src/examples/configuration/configure-shape-util/ConfigureShapeUtilExample.tsx	0586ee435dd35145a5fd9a57352a26b2ee545c4ccfc0b533150bbf1a34c3441f	1790416429542.8728
file	apps/examples/src/examples/configuration/custom-embed/CustomEmbedExample.tsx	a67d8d100eeeedb5cfa5b78dcc7fa584a44295257e1f5b5d47e71f07e5d5b7f6	1790416429545.3728
file	apps/examples/src/examples/configuration/custom-options/CustomOptionsExample.tsx	5aafdc7704d4562c5f419f611ca83584cabb5d2ffa136e24bc8fd1fd9c02dcfc	1790416429547.3713
file	apps/examples/src/examples/configuration/custom-text-outline/CustomTextOutlineExample.tsx	16ebd76b7e21fe2fc94286e92474bfad5071a29512bbfcd457be605c3be3b387	1790416429549.3696
file	apps/examples/src/examples/configuration/deep-links/DeepLinksExample.tsx	a04a68c0f4df2552b84077602f336442e88848d9cad812f2516c3e34ff5069f0	1790416429551.873
file	apps/examples/src/examples/configuration/disable-pages/DisablePagesExample.tsx	9bfc2e80c171b4aeaf24a547b10b986bcfcf4ee2c64251f15068cdcc6613cdbb	1790416429553.8728
file	apps/examples/src/examples/configuration/display-options/DisplayOptionsExample.tsx	bf18e58b992e0500c05452479d688f58403adff7d2a30f69f4313501d546593e	1790416429555.8704
file	apps/examples/src/examples/configuration/edge-scrolling/EdgeScrollingExample.tsx	d0af8b0d14b66635c96627165e23c5051ae88502311e7206d5d65cbda1ee3102	1790416429558.375
file	apps/examples/src/examples/configuration/embed-permissions/EmbedPermissionsExample.tsx	7141ebb5d1b5a6c1f815a24f63f80f09f45feb6240a1387d7c0531ea58e7cb64	1790416429562.372
file	apps/examples/src/examples/configuration/environment-detection/EnvironmentDetectionExample.tsx	010cce0455cd6605ca09fb0a4238fbf25f62b7da2a4a021cf411ed6d04200906	1790416429564.8738
file	apps/examples/src/examples/configuration/exploded/ExplodedExample.tsx	072d5e7da0de27c5fead9a69a7eb47e7297ff188b448973ab04aca206192b7e9	1790416429568.3735
file	apps/examples/src/examples/configuration/frame-colors/FrameColorsExample.tsx	29ec937adfcd559d88b8b5e91aa8619aed136c320d6b4f46090f8ea731885301	1790416429571.3755
file	apps/examples/src/examples/configuration/only-editor/MicroSelectTool.ts	6946468aa37742f6bd23be97d36d46c057f03080109dcb78ad811973636669cb	1790416429574.875
file	apps/examples/src/examples/configuration/only-editor/MiniBoxShape.tsx	6411a857592bd2a502f12111e994c8b23a6e4ef120a46c6ac9f68488835ec7f3	1790416429576.873
file	apps/examples/src/examples/configuration/only-editor/MiniSelectTool.ts	0600d29f7874a6cb139ff40f49812f2f09c85926ce37cde541655b4b283dc221	1790416429577.8735
file	apps/examples/src/examples/configuration/only-editor/OnlyEditorExample.tsx	5920ccca6ef8b00013596281cc0ecc4fea1da0be1e82ae3c0dde5fd8b4f678cd	1790416429579.374
file	apps/examples/src/examples/configuration/persistence-key/PersistenceKeyExample.tsx	1acb957469232da35e6d3bb0782a063cfb2773eacf1934dbb57d4b774a2459dc	1790416429582.873
file	apps/examples/src/examples/configuration/readonly/ReadOnlyExample.tsx	a4efcec280c9b6d655dc8ee7ba66dba3fd36a99a97d7d9e600fb3dbf5918941e	1790416429586.3728
file	apps/examples/src/examples/configuration/reduced-motion/ReducedMotionExample.tsx	4172ee7ac919bdb33dd552a7e3332e8ee5cf73393ecdeb66351616a384d778ee	1790416429589.8728
file	apps/examples/src/examples/configuration/resize-note/ResizeNoteExample.tsx	2575a0bd165d085cdd1266462f830fb32ca1de8aa3882dac88f4f2f2352d94e1	1790416429593.3757
file	apps/examples/src/examples/data/assets/clipboard-events/ClipboardEventsExample.tsx	221edb690d3a8ba694a0b763938f66f099d3cdd6e502df79c2b966581f45c3d9	1790416429596.8723
file	apps/examples/src/examples/data/assets/custom-asset-type/CustomAssetTypeExample.tsx	605a99c4e78d7e271e4d4f1daf833b72829d3d97ac13886a5406e5dd53d5bb67	1790416429600.873
file	apps/examples/src/examples/data/assets/custom-paste/CustomPasteExample.tsx	fc599d27aa606a7b2cd8bdc2acc1535e74323bf2112f42d7fddc5742f0d9d943	1790416429603.3735
file	apps/examples/src/examples/data/assets/custom-records/CustomRecordsExample.tsx	97b1dc8e1c445bfd94605b3aa2bf99be00344e8367d6f7d3aeaa705c84d14877	1790416429606.3733
file	apps/examples/src/examples/data/assets/export-canvas-as-image/ExportCanvasImageExample.tsx	a311d9037e0f8592cbc6d8ec0e5f5382603052ae1dc431b12a3c62a5df0e0335	1790416429609.8738
file	apps/examples/src/examples/data/assets/export-canvas-settings/ExportCanvasImageSettingsExample.tsx	d2fd4c24028d1b0b66531d4f1f25877eb867fab668cbe7f607dcc8f2bca4b64e	1790416429612.374
file	apps/examples/src/examples/data/assets/external-content-sources/ExternalContentSourcesExample.tsx	93d40c59acf34ea507701b1d7fad32ae44940074d8ecd069a9a9b51e56a82dde	1790416429614.8733
file	apps/examples/src/examples/data/assets/hosted-images/HostedImagesExample.tsx	ddafa840948dd0795a5c73dc83dc34a6b6ab8da38a6a2bbb817f97882129dd4c	1790416429617.3723
file	apps/examples/src/examples/data/assets/local-storage/LocalStorageExample.tsx	ccc3d0e4f24bc4c5dde99c4bfc3e0df507e957bfed37b7da134d2a7a7bdb1a87	1790416429620.3723
file	apps/examples/src/examples/data/assets/meta-migrations/MetaMigrations.tsx	21b1e5e511796b77496df7764f57164eafaa5dbee846f1655630b79f6d765cad	1790416429622.873
file	apps/examples/src/examples/data/assets/meta-migrations/snapshot.ts	a16f0326116790a90bdd58c07fdf47e21e6497a67108f711ac28f087b38eeb26	1790416429625.8733
file	apps/examples/src/examples/data/assets/meta-migrations/ui-overrides.tsx	dc8fe9734814a17537c2776ba4468cdd080b3dccb49bb6ef5961a9992dc3e09e	1790416429626.8733
file	apps/examples/src/examples/data/assets/static-assets/StaticAssetsExample.tsx	f3d22db4f01cfcdf79e7c140cb0b4ef1cef6a8e4543e911a0323f40a54a8e17a	1790416429629.8713
file	apps/examples/src/examples/editor-api/align-and-distribute-shapes/AlignAndDistributeShapesExample.tsx	15f06e67224bd50d1329fe4828c28718f8ff934b2bda1faf50ac653ecdf8c0ad	1790416429632.3735
file	apps/examples/src/examples/editor-api/api/APIExample.tsx	58c279a42ef32a75dfbe10f09c10416980fd0ebb220f6282b60ed389aa974493	1790416429635.8723
file	apps/examples/src/examples/editor-api/arrow-labels/ArrowLabelsExample.tsx	92c309683da6a383dacd640e0f6174cafec7b8b7688234ecbabeb5b3c013bb2d	1790416429638.3718
file	apps/examples/src/examples/editor-api/conditional-culling/ConditionalCullingExample.tsx	e16ea42d1cc0eb914a51d88a097688da416053630c99b51fbf046656c0511f74	1790416429641.3728
file	apps/examples/src/examples/editor-api/coordinate-system/CoordinateSystemExample.tsx	dc10892cede44d40624c0ca34a5343c028a2e336f4c846476968ddc973f6b049	1790416429644.8735
file	apps/examples/src/examples/editor-api/create-arrow/CreateArrowExample.tsx	9b0aa451ad6464c37e412c9a3830acd07f213ce614f13ea3c696e97864e9c4a5	1790416429648.8738
file	apps/examples/src/examples/editor-api/custom-clipping-shape/CircleClipShapeTool.tsx	3432402af77a182689e083340caefdf1c491f6ef3019018cafa81534084dd525	1790416429651.373
file	apps/examples/src/examples/editor-api/custom-clipping-shape/CircleClipShapeUtil.tsx	2f194b0b0ce1eaa9445ecea5576be76220486a876a0e2ea08a569676745d5313	1790416429652.3718
file	apps/examples/src/examples/editor-api/custom-clipping-shape/CustomClippingExample.tsx	6d0d7d2172b6d000f955b41524a8aaf8c800758293cbfddfb2522c7a588c7c11	1790416429659.3738
file	apps/examples/src/examples/editor-api/custom-overlay/CustomOverlayExample.tsx	66269d0fc775803885592f60f7e99a5c1cdd937b16afba7fbc135d8246309c2b	1790416429688.8767
file	apps/examples/src/examples/editor-api/custom-overlay/PointerRingOverlayUtil.ts	0970175a1c0340679558567c91e4938361004b18acec76e67d013939a383c5ef	1790416429706.8733
file	apps/examples/src/examples/editor-api/dimensions-hud/DimensionsHudExample.tsx	65656d4b6e26387f50ba35fbd4c448c29d54e08dddaed276c71e8f542c846b2c	1790416429711.8726
file	apps/examples/src/examples/editor-api/dimensions-hud/DimensionsHudOverlayUtil.ts	b7b9b509710e992c8c32dd3900a9dc6a01a864668d70f5e7423d30c6b9262de8	1790416429713.8726
file	apps/examples/src/examples/editor-api/dynamic-tools/DynamicToolsExample.tsx	fb3dee078ee1a0a96906e1b4688a7e9617b2dd68fda51527a2eb339cca622827	1790416429717.3733
file	apps/examples/src/examples/editor-api/easter-egg-styles/EasterEggStylesExample.tsx	39dd0d71de96e407373f5aacbdac7e573bd4007173ee0ae7a8eaa43b99bb8e57	1790416429721.8723
file	apps/examples/src/examples/editor-api/editor-focus/EditorFocusExample.tsx	544d4dfa7b5a6d1ddbd001383424a4c3c25182803e407535cb4b047c544212d9	1790416429725.8728
file	apps/examples/src/examples/editor-api/focus-mode/FocusModeExample.tsx	967e3469827835ee771d59ba57105ad9f0e9de91759895737b2f98e562807c77	1790416429730.3738
file	apps/examples/src/examples/editor-api/hovered-overlay/HoveredOverlayExample.tsx	f64ffb49253a0deb4b348c7a8ecad0445f0cbbad6ffe9da9d8cca5fa14044403	1790416429735.3728
file	apps/examples/src/examples/editor-api/interaction-end-callback/InteractionEndExample.tsx	106cc89fc5ce7c35e72b499142539b752a29dd307bf071637e5acce30089545c	1790416429739.8755
file	apps/examples/src/examples/editor-api/lasso-select-tool/LassoOverlayUtil.ts	f7185e91f0360bd754a2a50481e6cc6604a2c04a55007fcafc4568ffe0f285c1	1790416429742.3716
file	apps/examples/src/examples/editor-api/lasso-select-tool/LassoSelectTool.ts	ff103fe81f5e303526dccf3bc9a2ee644a4f86e6e4c638acbaedaaab8b34da8a	1790416429743.3723
file	apps/examples/src/examples/editor-api/lasso-select-tool/LassoSelectToolExample.tsx	109cd94139b2d70c999672daf23cefca2fe54012c976420074e82ec9a5210607	1790416429745.8718
file	apps/examples/src/examples/editor-api/local-images/LocalImagesExample.tsx	8f6425d89b5946cd30844798b0c1a45e20c2313f1e3f75878087ac8d44556d94	1790416429749.3738
file	apps/examples/src/examples/editor-api/local-videos/LocalVideosExample.tsx	2c021175ea97f97bf906facca85943c0dc41a1ded31e27b35e8326bf88080875	1790416429752.374
file	apps/examples/src/examples/editor-api/lock-camera-zoom/LockCameraZoomExample.tsx	448e719cdbe8bf05b6373e20dadfc92801a0df0adfc993ce2b47353c98b14831	1790416429759.372
file	apps/examples/src/examples/editor-api/locked-shapes/LockedShapesExample.tsx	24eb9d738fa73cb2bfcff42d4cb919f963e6b3798d1ae589fccebcafc0f9663b	1790416429764.8706
file	apps/examples/src/examples/editor-api/performance-hooks/PerformanceHooksExample.tsx	361dd50ef19f2722d68a6f05dcc761c32643866d0f01e22bb657a83620cd0048	1790416429767.872
file	apps/examples/src/examples/editor-api/reactive-inputs/ReactiveInputsExample.tsx	efe1e0b374454c29fffbd5b151519512f5336e58d5695b8ef1b6064dada3dcc6	1790416429772.371
file	apps/examples/src/examples/editor-api/replace-brush-overlay/DashedBrushOverlayUtil.ts	8e439a8e8f79edb81b5ab0377e71a08d8623aa444ab5cbba037892f410510b8b	1790416429774.8718
file	apps/examples/src/examples/editor-api/replace-brush-overlay/ReplaceBrushOverlayExample.tsx	08f978c0bc4da30e346e46b2174af81bace12cc547f41cc1799b8e13041ed683	1790416429778.373
file	apps/examples/src/examples/editor-api/selection-bounds/SelectionBoundsExample.tsx	7c1f8e92c1696d297268c8f328125e4abf5ceb4cad774e607d396860d698ed24	1790416429780.8728
file	apps/examples/src/examples/editor-api/shape-animation/ShapeAnimationExample.tsx	600a9361db18c3354e3d886ac08f7c98b5ae43127ff9e2b64bb749c9e18c8d44	1790416429785.8733
file	apps/examples/src/examples/editor-api/snapshots/SnapshotExample.tsx	ae572025fc343a02f4724315f2e8e21f2161cd93fd8ddbc47f914209d202407e	1790416429789.3733
file	apps/examples/src/examples/editor-api/text-search/TextSearchExample.tsx	0aa8dfe105cb846f2b8bf48459c778217c3cf397c8f8b597838c60cc458e76bb	1790416429793.8733
file	apps/examples/src/examples/editor-api/text-search/TextSearchPanel.tsx	60b118ded0ef771cfa1af16aebac88ca7eb6d892090362aab4a2c271a0f7db83	1790416429794.87
file	apps/examples/src/examples/editor-api/z-order/ZOrderExample.tsx	c87ce97e77faca4f14028816555c14f9aa581e13eb729f082390ca2317bb4f88	1790416429797.37
file	apps/examples/src/examples/editor-api/zoom-to-bounds/ZoomToBoundsExample.tsx	917a275e129de94460d151fd35c8e120e931ff36fd2b4b429b0138b3a2a5e3e9	1790416429800.3718
file	apps/examples/src/examples/events/after-create-update-shape/AfterCreateUpdateShapeExample.tsx	0b8c31c607cd1b6c945b41ebd7489ae5de4ad39259626676d4b9c9da5e7c3c3d	1790416429802.8708
file	apps/examples/src/examples/events/after-delete-shape/AfterDeleteShapeExample.tsx	c96337aa0024be6e512de05e01bf473a3eae65f58140fb5b9911308de8f0ab20	1790416429805.373
file	apps/examples/src/examples/events/before-create-update-shape/BeforeCreateUpdateShapeExample.tsx	4a71a25d6728e0f8d6d93fa57c923dd4f18503e6ced8f54ce4d91aca92b5e2f0	1790416429807.8718
file	apps/examples/src/examples/events/before-delete-shape/BeforeDeleteShapeExample.tsx	ab71fcedcab2cf569259888232a876ff81ce700fef9de4a990e52c951ee48ed9	1790416429809.874
file	apps/examples/src/examples/events/canvas-events/CanvasEventsExample.tsx	27c7a81a1e0819a285e20326b634f20ec7dbd54f4987c2b5fc2ebf47843374a3	1790416429811.8762
file	apps/examples/src/examples/events/custom-double-click-behavior/CustomDoubleClickBehaviorExample.tsx	6b897870522c06eb531909ba601b2be45686c5a5e956871a2a82095f29a409eb	1790416429814.8735
file	apps/examples/src/examples/events/derived-view/DerivedViewExample.tsx	0775e5ff36608a09b30ee0ab7c3215190f8fb48603dc2ab8759a2ce82f28c318	1790416429817.3716
file	apps/examples/src/examples/events/event-blocker/EventBlockerExample.tsx	f31218f36c51f8c5b179ea240a10dc98168dd45730449e250787a9032a6b4738	1790416429819.3716
file	apps/examples/src/examples/events/meta-on-change/OnChangeShapeMetaExample.tsx	ddfc6edec232d9c2fe75f770a94913870aaa3c83cddb753ef72726c1666cb3af	1790416429822.8728
file	apps/examples/src/examples/events/meta-on-create/OnCreateShapeMetaExample.tsx	7a66a7295b4f9bc3670460ecda41c56a9df0dcabeadcb9297c7d3abd621479e2	1790416429824.8716
file	apps/examples/src/examples/events/permissions-2/PermissionsExample2.tsx	2ec773ded0fc26f07b2e6b85256d06f6471a27b4c6f5bd692a95a7ab70eae9b2	1790416429827.374
file	apps/examples/src/examples/events/permissions/PermissionsExample.tsx	b9abe26719c99940dfafbe305d87c2ed069baeb4f4456b43959e2663b52d29ff	1790416429829.3699
file	apps/examples/src/examples/events/prevent-instance-change/PreventInstanceChangeExample.tsx	9cf139ff41c67159306eb7ef416d1b505b9943bdd660d000af5496cf855a5723	1790416429831.374
file	apps/examples/src/examples/events/prevent-multi-shape-selection/PreventMultiShapeSelectionExample.tsx	d401fc2eb3bd17834cd04486f282ee669cbcb2be65c5eec6a5e173f61f46348a	1790416429833.8706
file	apps/examples/src/examples/events/prevent-shape-change/PreventShapeChangeExample.tsx	2b5415fac35bcf797df29da0e14dab91704ce12f0396f53ce867e09dc5fbef5b	1790416429836.3713
file	apps/examples/src/examples/events/signals/StateStoreExample.tsx	0c85db2094706cded82093202dfd936bbe45cf1cc08bc2738105c7b94d64be4e	1790416429839.8706
file	apps/examples/src/examples/events/store-events/StoreEventsExample.tsx	747bc601b746fffdf725da04a3b325716171bb90ebb8921cd4adf587cbb1dea8	1790416429841.8728
file	apps/examples/src/examples/events/ui-events/UiEventsExample.tsx	3529c02691b260be6854fa2acc022a34899e547db95e1fe8b93b7fcb19e12a6a	1790416429844.8713
file	apps/examples/src/examples/events/ui-events/codeSnippets.ts	9da3dd5894bd1e07759ee285cb9c86a2991aa78e489c79134675823e04f8eb00	1790416429845.3716
file	apps/examples/src/examples/events/unsaved-changes/UnsavedChangesExample.tsx	2d665e59b613aa2efa1b7149087c1c80e29890adfee6a05804ddf004a25ff6df	1790416429848.372
file	apps/examples/src/examples/getting-started/basic/BasicExample.tsx	2b14d899738d340d7d9edeb7510de488b3772875fff21af41daa6b71cd942de3	1790416429850.3716
file	apps/examples/src/examples/layout/external-dialog/ExternalDialog.tsx	223dd27208f4697caf5af2631be8ddd563b6a5576c867d3bb05c906e56c9fb4a	1790416429853.3723
file	apps/examples/src/examples/layout/external-ui-context/ExternalUiContextExample.tsx	26682dd29815e3384e9b0321374294d04d6527beac58dad394194b686c3197f7	1790416429857.3787
file	apps/examples/src/examples/layout/external-ui/ExternalUiExample.tsx	8f6b03c33a0ceb8762d92f257754a4a1e2c789f61f8c45475710838421f6539b	1790416429860.875
file	apps/examples/src/examples/layout/image-component/TldrawImageExample.tsx	fa247c77263ea088023044569180e083a75ccb638475694a3127b6c122cc6ef3	1790416429865.3735
file	apps/examples/src/examples/layout/inline-behavior/InlineBehavior.tsx	d36e419257de76af18a0ebd83b3297e3a9a53ad8bd82073a7f25e49d336e4aa5	1790416429868.3716
file	apps/examples/src/examples/layout/inline/InlineExample.tsx	06ada913ee5987ce85949a78d55f8a56d081a0c1f71c2ceb418ca7c1f38e1194	1790416429870.8726
file	apps/examples/src/examples/layout/inset-canvas/InsetCanvasExample.tsx	ed751e2370037fe28d5dd10b3a80cd8b2f3ef711d4fdba53f9353482034ca43f	1790416429872.875
file	apps/examples/src/examples/layout/inset/InsetExample.tsx	9c729f875d6fe604c5637c08c8942b8de9828794eddedb33cbd94e755e432030	1790416429875.8708
file	apps/examples/src/examples/layout/multiple/MultipleExample.tsx	8d0f8add3ea87a95c1e64b598b8a2397cdc90657d311c59427e05d30f51c8623	1790416429877.877
file	apps/examples/src/examples/layout/scroll/ScrollExample.tsx	64a696f01bb98abcf7a238713de867f983b8dc7064c709f2928929c161ccb872	1790416429880.872
file	apps/examples/src/examples/shapes/tools/ag-grid-shape/DataGridExample.tsx	3bd29eb02c8d68e254773c789739e3a2c057c05285a78a56e0575f12221b186c	1790416429883.8728
file	apps/examples/src/examples/shapes/tools/arrow-binding-options/ArrowBindingOptionsExample.tsx	e58c46837d9f1c4e741448077856a6b8ba010b990c1339165c388bbb80889a3f	1790416429885.872
file	apps/examples/src/examples/shapes/tools/bounds-snapping-shape/BoundsSnappingShape.tsx	11749d0b2d3009fc88e9b38a0a7d05ff5ace59a61d48f48dc1aeadcd1fa7e92d	1790416429888.372
file	apps/examples/src/examples/shapes/tools/bounds-snapping-shape/PlayingCardShape/playing-card-tool.tsx	3d29234b957e4585fc7b0a7ba36f75535e8f7649076ca7f27daf2e682270ccc8	1790416429889.875
file	apps/examples/src/examples/shapes/tools/bounds-snapping-shape/PlayingCardShape/playing-card-util.tsx	a91967ef91136594479b264b013f0f8792153e5e7eb0890b80ce70896b80481a	1790416429890.8738
file	apps/examples/src/examples/shapes/tools/bounds-snapping-shape/ui-overrides.tsx	5673ba8c4345e7e704b43ca7c549fecf351eb0253874c72be1002e9c60c7a8b6	1790416429893.873
file	apps/examples/src/examples/shapes/tools/cubic-bezier-shape/BezierShapeHandleOverlayUtil.ts	ee861cec1c4470794ae132865864a7cb054804ed4b57d2be6f873f20524b06e0	1790416429895.37
file	apps/examples/src/examples/shapes/tools/cubic-bezier-shape/CubicBezierShape.tsx	cd280a482d0f41e05cdd4b3f5103c51b4582a6506f8d44a39bd395e2679298ec	1790416429896.3713
file	apps/examples/src/examples/shapes/tools/cubic-bezier-shape/CubicBezierShapeExample.tsx	b855a0231edec002e0fda3557bfe160dab4174dad4e7053d222999f6eac8036d	1790416429897.8738
file	apps/examples/src/examples/shapes/tools/cubic-bezier-shape/SneakyUndoRedoWhileEditing.tsx	d820f2781e26a79516a9b448b93aef95b66c9fe8fae1bb300c86a413f62f2128	1790416429899.3735
file	apps/examples/src/examples/shapes/tools/custom-config/CardShape/CardShapeTool.tsx	a73c8663073f6528aa56e53c4dd439532678778698f5acc718b5d05531305ae2	1790416429901.3706
file	apps/examples/src/examples/shapes/tools/custom-config/CardShape/CardShapeUtil.tsx	be80fea9a71ea71eb8ce827892137ffa201fdb18fb4b5fcde0efd407037b0582	1790416429901.8716
file	apps/examples/src/examples/shapes/tools/custom-config/CardShape/card-shape-migrations.ts	f97642d654cb0a9696a5a67554f467586d79e947c3fa951bfe6f9c598e55b226	1790416429903.3726
file	apps/examples/src/examples/shapes/tools/custom-config/CardShape/card-shape-props.ts	eeac29324f161d4bc90e1073a346f2d54d15351edc3429e48d965ca261b15891	1790416429904.372
file	apps/examples/src/examples/shapes/tools/custom-config/CustomConfigExample.tsx	895c4e5e807ebc82d9b4d72baf2448d53cbade9f3e42bf84bb8cdafe901b812a	1790416429904.8716
file	apps/examples/src/examples/shapes/tools/custom-config/ui-overrides.tsx	631b5f833bf4064d1d97faeec526479b11f62fec9c8da1a52a5adfaf1024c770	1790416429906.8723
file	apps/examples/src/examples/shapes/tools/custom-geo-types/CustomGeoTypesExample.tsx	08836eb3b5327039825332c74338f5b64a2d661e6eeda16c1264ab281a76ca46	1790416429908.3704
file	apps/examples/src/examples/shapes/tools/custom-relative-snapping/CustomRelativeSnappingExample.tsx	93c4ce4be95b173c9af13d0389dfa7ed09d624bc69b93304ab7accef3775551c	1790416429911.872
file	apps/examples/src/examples/shapes/tools/custom-shape-wrapper/CustomShapeWrapperExample.tsx	78c7c91b2ddd8a7cac0c0225efd58de68912c712ba5090fb65259c09e6c2de08	1790416429914.872
file	apps/examples/src/examples/shapes/tools/custom-shape/CustomShapeExample.tsx	a963a454597cbefb6b7c1cbc34d87ae6102afb50876c3e9e2b930cb739aa416d	1790416429917.8728
file	apps/examples/src/examples/shapes/tools/custom-tool/CustomToolExample.tsx	1d042322bd71c0a1a80ea003d1a640c8cec6e24f2e11b642b717ed585645f575	1790416429920.3726
file	apps/examples/src/examples/shapes/tools/custom-validators/CustomValidatorsExample.tsx	9e64a07fa4b4e340e0ce11b40dbfa214b6711e90db5975dbbc38760b9ee3f369	1790416429922.872
file	apps/examples/src/examples/shapes/tools/drag-and-drop/DragAndDropExample.tsx	4345a68ea5c63b1c8f3e3c2696ce8b5b928eccbdb3674d055e04dc92e356e8d9	1790416429925.3718
file	apps/examples/src/examples/shapes/tools/drop-zone-shape/DropZoneShapeExample.tsx	c6ead9fe59dd0990a1770546190730bb24826ae1362c25d63ff72cc00bb02583	1790416429927.8743
file	apps/examples/src/examples/shapes/tools/drop-zone-shape/drop-zone-shape-util.tsx	8a123693ae57566eeece0f3fd34f1875126f1bdde75237c63c05909e209ca6db	1790416429929.8716
file	apps/examples/src/examples/shapes/tools/editable-shape/EditableShapeExample.tsx	bb0bbef1fad5cdb0f9440f548416c75fe8445f2f8b025c68fb73b75f1d1e02b6	1790416429931.8716
file	apps/examples/src/examples/shapes/tools/editable-shape/EditableShapeUtil.tsx	f010aaa29f156fb37c66e5b91ce332deccc54abae7d1f146b128eaacf6fad46e	1790416429932.8755
file	apps/examples/src/examples/shapes/tools/flex-layout/FlexContainerHelpers.tsx	318173e54f96c86994a6e0eaf371587466485a4db3c41ca0e7086a35eaf3ab0c	1790416429935.3718
file	apps/examples/src/examples/shapes/tools/flex-layout/FlexLayoutExample.tsx	2bfa802f0eba096ddefb074379ff51b0f7619625366675095ec3f8091db65317	1790416429936.3718
file	apps/examples/src/examples/shapes/tools/frame-layouts/BoardLayouts.ts	91d0225ccb757c8db759505a5f3c49a7ae9e209d8377f5cf4d9e6e9517d35b97	1790416429939.3723
file	apps/examples/src/examples/shapes/tools/frame-layouts/FrameLayoutsExample.tsx	0bccd793c676f5c5f626f5ba1fdc820b698fd1c1cbb924072a5e6179677c4231	1790416429940.3733
file	apps/examples/src/examples/shapes/tools/frame-layouts/MediaCardShapes.tsx	8daa047538eb8b1069f390f508f293747aa685f72846ffd88c3bff6b0c0f47e2	1790416429941.3708
file	apps/examples/src/examples/shapes/tools/globs-editor/GlobBindingUtil.tsx	9b0b4655362604d073c4158a67f986f06df5407b2186c19c4fb0e5af8d388ff2	1790416429944.372
file	apps/examples/src/examples/shapes/tools/globs-editor/GlobShapeUtil.tsx	0996baa1f9740987c8671765db998bca3251bac907ef46e2ee8b010c91ed05e1	1790416429945.374
file	apps/examples/src/examples/shapes/tools/globs-editor/GlobTool/GlobTool.tsx	7aa03c5c0abd00ab0050d1a4acb4f0fd97c50e4e23ad58ad91bea6fd31eeed05	1790416429946.872
file	apps/examples/src/examples/shapes/tools/globs-editor/GlobsExample.tsx	e0682685e3a9299082fd7ff2c1aa0f51c04f259fa316f6a303e5e146ac2fb231	1790416429947.87
file	apps/examples/src/examples/shapes/tools/globs-editor/NodeShapeUtil.tsx	0bd16a9b962f4f68ea2d418c8203d88d262e788c77c352cf24a5c6d1086ed86a	1790416429948.8713
file	apps/examples/src/examples/shapes/tools/globs-editor/shared.ts	bbb0f2daf69780c2eb94e382e6e74ce388ff6188cbdbf2d8b27cb368bb924b43	1790416429950.371
file	apps/examples/src/examples/shapes/tools/globs-editor/utils.ts	0107a66b0b46d271c6c9cb3dff32a51cf63c6d058265bf4bad1cfae72eeb672b	1790416429950.8716
file	apps/examples/src/examples/shapes/tools/interactive-shape/InteractiveShapeExample.tsx	aa5a7ed0a627481f80700cbe86cc23450993ac1d647aea971097fe00c64c8f3c	1790416429952.371
file	apps/examples/src/examples/shapes/tools/interactive-shape/my-interactive-shape-util.tsx	4433c3ea890e6999e5be4ac81a14435734f109659d3279a77208d0fb35453154	1790416429953.8706
file	apps/examples/src/examples/shapes/tools/layout-bindings/LayoutExample.tsx	42ba649e4cf689b476227fef4b9eb3fa025e38d067d4cc1cb5e157732572c74c	1790416429955.3716
file	apps/examples/src/examples/shapes/tools/outlined-text/OutlinedTextExample.tsx	d6538912b1f0c155bc12806850400c29e97ab7f16cff3b97e26951aee438ac42	1790416429959.3726
file	apps/examples/src/examples/shapes/tools/persistent-iframe-shape/PersistentIframeExample.tsx	b212a7873ef984d3135175d7cab08007e4d53d65695d2f0175b9eb421aee93f8	1790416429961.8718
file	apps/examples/src/examples/shapes/tools/pin-bindings/PinExample.tsx	28d70d7c15b17387a011ea7980bba1df10337dbc883a8fb3ca9e11f7d50319c5	1790416429963.8723
file	apps/examples/src/examples/shapes/tools/popup-shape/PopupShapeExample.tsx	a2516bd5655006eff8adb152c3672954f6059eb8b366c9e163783d9129587475	1790416429966.37
file	apps/examples/src/examples/shapes/tools/popup-shape/PopupShapeUtil.tsx	ef62b4bb420f67584a333d624e711a9df12b3585cc01c972c9c61eadc6290c48	1790416429966.873
file	apps/examples/src/examples/shapes/tools/portal-shapes/PortalShapeUtil.tsx	ed8a5f81d35ff00b68eb90bd2796e09889b97ada11334cdb6206b1d422b57d20	1790416429969.3704
file	apps/examples/src/examples/shapes/tools/portal-shapes/PortalShapesExample.tsx	498aeb51a6d114c610b5dbb60f9315326d9ba2a99077799b0dea6865bb94b90e	1790416429970.3745
file	apps/examples/src/examples/shapes/tools/rich-text-custom-extension/RichTextCustomExtension.tsx	08125b27cff56e4925d95d8810df7d8be5cde9fe7efd919ce7113696cab33a48	1790416429976.371
file	apps/examples/src/examples/shapes/tools/rich-text-font-extensions/FontSizeExtension.ts	e47290fddcd2cf882dd9f9c3430522c70c4b3472fa994dd5eb91381229ecc858	1790416429977.3713
file	apps/examples/src/examples/shapes/tools/rich-text-font-extensions/RichTextFontExtension.tsx	abef49aa39ff57ab9ca1a585af21d293c5048f765e73d86a895bddb1df3c89a0	1790416429980.3713
file	apps/examples/src/examples/shapes/tools/rich-text-font-extensions/fonts.ts	2efae35076a216aca9f631ad0104ee56411d8292d6d721a0cbd60a7bd885aa8c	1790416429981.3745
file	apps/examples/src/examples/shapes/tools/screenshot-tool/ScreenshotTool/ScreenshotTool.ts	3296ad4c426f829d1cc99fa653fefa085333b239e520c5b7eaff938a6c303553	1790416429983.8716
file	apps/examples/src/examples/shapes/tools/screenshot-tool/ScreenshotTool/childStates/Dragging.ts	bbddfb6754dce92d1ca381cbcf5b6376739034dd036a346e907cfacba5ebb91d	1790416429985.3699
file	apps/examples/src/examples/shapes/tools/screenshot-tool/ScreenshotTool/childStates/Idle.ts	2d86b7b8b3d07be0f3b177e882a9d0ac221f13fdd7944b12302f8fea2729a167	1790416429986.3716
file	apps/examples/src/examples/shapes/tools/screenshot-tool/ScreenshotTool/childStates/Pointing.ts	db563c3562aeb6647a1ac39dc61791d60dd4ea89d509897d2f4e795ad44e2417	1790416429986.8733
file	apps/examples/src/examples/shapes/tools/screenshot-tool/ScreenshotToolExample.tsx	074b0bbd1145dee869c1a2bcca81017e8a9fec7dd847ecbd6214d5cafeded8c2	1790416429988.373
file	apps/examples/src/examples/shapes/tools/shape-with-custom-styles/ShapeWithCustomStylesExample.tsx	c34d8157885c8cff055de21ce454db800dfbc54895f5560c9f5c87c5c5575201	1790416429990.37
file	apps/examples/src/examples/shapes/tools/shape-with-geometry/ShapeWithGeometry.tsx	808c9c4a1c23c4d55a878607ce5a259781588b1445d83312d68c03824cf22e13	1790416429992.3713
file	apps/examples/src/examples/shapes/tools/shape-with-migrations/ShapeWithMigrationsExample.tsx	249ca365db0d5af69329f344d07e91d307ca81859132753ae41f98667226fe37	1790416429994.8728
file	apps/examples/src/examples/shapes/tools/shape-with-onClick/ClickableShapeUtil.tsx	180e7a1b9de38e931cb76a6fbba1cded57c8001e9b68954c3a01ee6d32ff479e	1790416429997.376
file	apps/examples/src/examples/shapes/tools/shape-with-onClick/ShapeWithOnClickExample.tsx	bbbf47376b8b17087f7f95929b12fdc5b4f1e3b18055207bc5c44218c60acebf	1790416429999.8723
file	apps/examples/src/examples/shapes/tools/shape-with-onDoubleClickEdge/ResizableShapeUtil.tsx	64587f93cb9c2148b9c7bf6de3e6a0189b441820bf5a5207eacd024214aab51f	1790416430001.8713
file	apps/examples/src/examples/shapes/tools/shape-with-onDoubleClickEdge/ShapeWithOnDoubleClickEdgeExample.tsx	dd6d458a45a3356cf1bc99603abdbb4d68281cf7aef11b1b1dedad9b49214273	1790416430002.8704
file	apps/examples/src/examples/shapes/tools/shape-with-tldraw-styles/ShapeWithTldrawStylesExample.tsx	ea88f2a598edd40d788193879fd25c7382abcf9d797f0b94bedfbc5d297b8889	1790416430005.3696
file	apps/examples/src/examples/shapes/tools/size-from-dom/SizeFromDomExample.tsx	4ef287ef1890c2f66c482719c60935c820c636601050cf139000e97314eccc8f	1790416430007.8743
file	apps/examples/src/examples/shapes/tools/size-from-dom/contents.ts	add43a55a772863b5398552ce09a2719c3c6a07a0a8b9b7382a44ec2ff9763ea	1790416430008.87
file	apps/examples/src/examples/shapes/tools/speech-bubble/CustomShapeWithHandles.tsx	11e9c73ce5f9f633b5abc69a495ade388bb7cde228ed94c5be1014b64ecc5992	1790416430009.87
file	apps/examples/src/examples/shapes/tools/speech-bubble/SpeechBubble/SpeechBubbleTool.tsx	c6208a6f39cac0ff19f9b9fc85ddd341a1cdcd5aa28c5665b762c6a94129dfe6	1790416430012.3716
file	apps/examples/src/examples/shapes/tools/speech-bubble/SpeechBubble/SpeechBubbleUtil.tsx	0b2152c829162727caa54c16f96dc77a5e2a311195ba3a7d8b2516da5bf3248d	1790416430012.87
file	apps/examples/src/examples/shapes/tools/speech-bubble/SpeechBubble/helpers.tsx	1fc21a3af5683360a770518d8caf60230d776de7a1618a7f7fc91af407d51573	1790416430013.87
file	apps/examples/src/examples/shapes/tools/speech-bubble/SpeechBubble/ui-overrides.tsx	4e3bfbbbe2ce8843f9fdbc28342bb14a602fafdd6aeb4be68b7261ebbc0cd9df	1790416430014.3699
file	apps/examples/src/examples/shapes/tools/stamp-tool/StampToolExample.tsx	cb8da2dd92383befcec03e12afc228ac0de51d481b8d0feabe2567117115f27a	1790416430016.875
file	apps/examples/src/examples/shapes/tools/sticker-bindings/StickerExample.tsx	d66e8af5ec4bb8dce1bbbb8a759ffef56c375addab1906872b5df5b0189cf95c	1790416430019.87
file	apps/examples/src/examples/shapes/tools/text-shape-configuration/TextShapeConfigurationExample.tsx	4ccd58839b728defcb5a49f955abce0101d207cefb2205acd6d8de147c61017c	1790416430021.3708
file	apps/examples/src/examples/shapes/tools/toSvg-method-example/CustomShapeToSvgExample.tsx	68a867db1829926a46a23f88dbd1ccb5e21bcac609c73e3d7269ede086f29a7d	1790416430022.3704
file	apps/examples/src/examples/shapes/tools/tool-with-child-states/ToolWithChildStatesExample.tsx	fc0eac9438c0dbdfb873b2001d1edc6266455f666da7aa2389e93a1cec23a0de	1790416430024.8706
file	apps/examples/src/examples/ui/action-overrides/ActionOverridesExample.tsx	34a098cef31b969ab0b3266598725a6d8310a69a47485d390838506c438a175a	1790416430026.372
file	apps/examples/src/examples/ui/add-connected-shape/AddConnectedShapeExample.tsx	512bad8209729bb1d57aa46f463c9c4658eddb9508f727e4943f27a25292c17f	1790416430027.871
file	apps/examples/src/examples/ui/add-tool-to-toolbar/ToolInToolbarExample.tsx	aecef880e7a9730f3de363d30e08b9d32ae903b9bd41094dd1d62c5ae940e595	1790416430032.3708
file	apps/examples/src/examples/ui/add-tool-to-toolbar/sticker-tool-util.tsx	3af3242a3bf34f65ab5203a240285053e3e9ae9306f51121a55cc8a531a003c8	1790416430032.8704
file	apps/examples/src/examples/ui/changing-default-colors/ChangingDefaultColorsExample.tsx	ddc15a0ba81d0cd3b6946d502b444f74ee46631b2baaf671a7832fb615c0e744	1790416430033.8706
file	apps/examples/src/examples/ui/changing-default-style/ChangingDefaultStyleExample.tsx	3e33573569187b78c8609fb5ef71cae917da56f79a7810938e42abd8ff70f19d	1790416430035.37
file	apps/examples/src/examples/ui/color-picker/ColorPickerExample.tsx	5cc35b51acbfff9d0475f5abc21dc1e6e3ebcf304ac47671e90194eb95c0379e	1790416430037.3716
file	apps/examples/src/examples/ui/contextual-toolbar/ContextualToolbarExample.tsx	8b033c1751e2ae836125c1a993d44a22724851e3ba1d8dfbbca40597c6cf08d3	1790416430040.3704
file	apps/examples/src/examples/ui/custom-components/CustomComponentsExample.tsx	c526e7eca6c920f2c46cd09102c42e1b0559634d3e64d57f8038f9fd084b8027	1790416430043.3718
file	apps/examples/src/examples/ui/custom-error-capture/CustomErrorCaptureExample.tsx	134ef479f129608cda0bf6e04a6f82cd7483be9a5d23ead110eaa7cd308e439b	1790416430044.8733
file	apps/examples/src/examples/ui/custom-grid/CustomGridExample.tsx	01620511a37472b09cb57f08e528507e79e7726230f83a4cf532aa3e54d02dd1	1790416430047.3706
file	apps/examples/src/examples/ui/custom-language-translations/CustomLanguageTranslationExample.tsx	1eba29f774b9f0159c4d97b789ffa2b7882650a944707183ef7ef04e1db8b2df	1790416430049.3704
file	apps/examples/src/examples/ui/custom-menus/CustomMenusExample.tsx	f13e162b09be3df089b785643dcd60aa030466bdb8b222405846d1e7f06178fa	1790416430051.871
file	apps/examples/src/examples/ui/custom-renderer/CustomRenderer.tsx	8d64b8f63ec78c1fb2380be10722836943be3ac199aeaf125d995723a7e2d769	1790416430053.8706
file	apps/examples/src/examples/ui/custom-renderer/CustomRendererExample.tsx	e948cc86790879924378f135921ec4e49b3442ed92f8c05c914395ae1570c75b	1790416430054.3745
file	apps/examples/src/examples/ui/custom-theme/CustomThemeExample.tsx	7f6b4770a3b5c0bf2b4900f9a6fac0d0e756df971f6ec1ec054a5c2979cb0321	1790416430057.87
file	apps/examples/src/examples/ui/custom-ui/CustomUiExample.tsx	a449d23c6a30058de27878383b5b413513ccd1f02c8b2290800354af80f8198c	1790416430063.8706
file	apps/examples/src/examples/ui/dark-mode-toggle/DarkModeToggleExample.tsx	f9281144d911f415704f83735d214a8f0385d0eb2ee619de9ba6482b43af7b37	1790416430066.3735
file	apps/examples/src/examples/ui/dark-mode/DarkModeExample.tsx	75f5722715aac65cc6688f1e9de7e76f6aac352b33425038ecf55b61b0dcc0ac	1790416430068.369
file	apps/examples/src/examples/ui/drag-and-drop-tray/DragAndDropTrayExample.tsx	d1e7d02d0c660961383fb4e10c5add0554d9a0d46fdef68fc589911a2dda2e78	1790416430070.8716
file	apps/examples/src/examples/ui/drag-and-drop-tray/trayitems.ts	2abe78869e88da1c0ec6f13e80d6e8426fdd60e82af875ce2bb1cfe86de06a7b	1790416430073.8718
file	apps/examples/src/examples/ui/error-boundary/ErrorBoundaryExample.tsx	e9eb6e708fc24849048a260ef7c0f420c56953d9caf1b17f01d12cdba644ec7f	1790416430075.373
file	apps/examples/src/examples/ui/error-boundary/ErrorShape.ts	73c551dc8d045091653916bda11ffb77b1209f0a33736626adf1ed40fe62d511	1790416430076.3716
file	apps/examples/src/examples/ui/escape-shape-focus-trap/EscapeShapeFocusTrap.tsx	f2f133fa21c9e9d965b3daf035eda7e4fce2602676e42183f6527210c5bb246c	1790416430079.3723
file	apps/examples/src/examples/ui/floaty-window/FloatyExample.tsx	71cfcac2d0fbb35daa93288f7b61b74589e5d9721d06793038c64d1d37242a7e	1790416430081.3716
file	apps/examples/src/examples/ui/force-mobile/ForceBreakpointExample.tsx	b1e479ab8cbc112351ac3e2d0f160bacce7dd603bd5fdfdfe18d5491ad55144d	1790416430083.8704
file	apps/examples/src/examples/ui/hide-ui/HideUiExample.tsx	626313180e94fcafe42b77207835714b3b6f0e5af823c2e4280b8a351da34e2f	1790416430086.3718
file	apps/examples/src/examples/ui/indicators-logic/IndicatorsLogicExample.tsx	0878a3e65088623ea91179ec3a0500c58f64110496095a849d586fd3b2ab4d3b	1790416430088.8726
file	apps/examples/src/examples/ui/inspector-panel/InspectorPanelExample.tsx	4088d8cdb3714b4e131f8d1b58787df16d39b37afc5772760bbe25cf67d24f9b	1790416430091.8728
file	apps/examples/src/examples/ui/keyboard-shortcuts/KeyboardShortcutsExample.tsx	c17cbe2824e9a347fe7ce11717c85d780b2ff10599d8509c2e8920b95ffdae2b	1790416430095.8706
file	apps/examples/src/examples/ui/layer-panel/LayerPanelExample.tsx	ed2a4255a2dc878d9bb700eff07476855d223d28cffa0545fcb027259e9ff1b3	1790416430099.8733
file	apps/examples/src/examples/ui/layer-panel/ShapeList.tsx	ac1ff2cc389c74f7ab300c1894842c2cb9aea51536165392f684efc9e8a970fa	1790416430102.8713
file	apps/examples/src/examples/ui/menu-system-hover/MenuSystemHoverExample.tsx	34375e7008e294f9251594fdcefd4c17a2bcb0b1f0cc3f807546093805d88e13	1790416430106.8728
file	apps/examples/src/examples/ui/multiple-themes/MultipleThemesExample.tsx	c7011f083b37ec56a880684926984d803633212e8f094a78eddd88d937394d0b	1790416430110.872
file	apps/examples/src/examples/ui/overlay-theme-colors/OverlayThemeColorsExample.tsx	e87acdf4ff189f39252f8166d09e4204154b40bc29cb2f5b16130355479aeebc	1790416430114.8735
file	apps/examples/src/examples/ui/page-panel/PagePanelExample.tsx	79a3a16bea1bdee34154d6c6e17fb42b144043868b9811307f4df1b259968a3a	1790416430117.8713
file	apps/examples/src/examples/ui/remove-tool/RemoveToolExample.tsx	88adfe2ae0eb4ad3094eae8702b735dcc50123c94451782f9ceab1937eb91265	1790416430122.373
file	apps/examples/src/examples/ui/rich-text-on-multiple-shapes/RichTextFormatOnMultipleShapesExample.tsx	0bafdffe791ee70a522cc1ddea8edc24fed477853987aaaf4b5fa7f19ab11199	1790416430125.3733
file	apps/examples/src/examples/ui/screen-reader-accessibility/ScreenReaderAccessibilityExample.tsx	eb7c6f23f9548bafc5864abfd732b56633d1a1682ba851496ad3a7c741165d4d	1790416430127.871
file	apps/examples/src/examples/ui/selection-color-condition/SelectionColorConditionExample.tsx	674a4b7b80847f6ab4f4e0e84a44a4b877401eec8cf8dd08d653667a3bce3cbe	1790416430131.3726
file	apps/examples/src/examples/ui/selection-ui/SelectionUiExample.tsx	356367e50697ebff79b8e4199f6882397e792b23ccada1576d8c3cf49b36dc3f	1790416430134.3733
file	apps/examples/src/examples/ui/stroke-size-picker/StrokeSizePickerExample.tsx	6bf11e7376b24773444ed618b9d11a2915b545163b9b12fd692e649c4774ae78	1790416430136.873
file	apps/examples/src/examples/ui/text-mass-style-updates/TextMassStyleUpdates.tsx	fe05ee7ef220fb43b63d66328a5b3711daa56c34144096c90ebeb323bacb040d	1790416430153.3728
file	apps/examples/src/examples/ui/things-on-the-canvas/OnTheCanvasExample.tsx	3d56f932c34602050fcdc87890a5afa1dc10af1fc575cd832ab7fb733f59b258	1790416430154.8733
file	apps/examples/src/examples/ui/toasts-and-dialogs/ToastsDialogsExample.tsx	c42760e3846fceddd543646b3862e7b58d1b0f5875759e4ed34e541c4493ee16	1790416430162.373
file	apps/examples/src/examples/ui/toolbar-groups/ToolbarGroupsExample.tsx	33235820668f5232f2a2bbcc77a5e7f410f2881d952f55f1646f740d81d22503	1790416430164.8728
file	apps/examples/src/examples/ui/ui-components-hidden/UiComponentsHiddenExample.tsx	3611d4beec0297ac8afda782c1bc7e58a4037f425e816e3de69807e15f9d406a	1790416430166.8728
file	apps/examples/src/examples/ui/ui-primitives/UiPrimitivesExample.tsx	02b04e913fbcf359e46e19b78213dcc8d7059892bd05cef4daf0091310c3b15c	1790416430169.8738
file	apps/examples/src/examples/ui/vertical-toolbar/VerticalToolbarExample.tsx	dba97d9b440fd3652f1d050a64b6559ebccde3e773e8d920d73449533e8c7165	1790416430179.374
file	apps/examples/src/examples/ui/zones/ZonesExample.tsx	701c23b4908d0ef5bf1c5e1e9c766ed93b46fb97bb52794cd5e9207ea97f06eb	1790416430183.8733
file	apps/examples/src/examples/use-cases/custom-shape-mermaids/CustomShapeMermaids.tsx	80ae829b85574882a42ded9595a979acad32bb007a2ff68aeb07fdc0db960a06	1790416430187.3718
file	apps/examples/src/examples/use-cases/custom-shape-mermaids/customMermaidShapeUtil.tsx	2604b7ea6ec2a981716283b42821f820b6bbd5d9dbf1ef825d50318f8cfc75a1	1790416430197.8733
file	apps/examples/src/examples/use-cases/custom-shape-mermaids/flowchartSourceGuard.ts	b6b1b8df72a866ee57b5b4790be6c3468a6f5820a42181c23c12006a5a8bbbac	1790416430198.8723
file	apps/examples/src/examples/use-cases/custom-shape-mermaids/mermaidPipelineBlueprint.ts	3a229acdb0cf6a95aaec6fcd086832cec4844993a5996255310964908d6a0537	1790416430200.871
file	apps/examples/src/examples/use-cases/custom-shape-mermaids/mermaidPipelineState.ts	c64ff7943e925c5ef118225b23bc336013ae9c636ac7227ef7464aa5dda1a6e5	1790416430201.8728
file	apps/examples/src/examples/use-cases/custom-shape-mermaids/pipelineFromEditor.ts	506030c0a172449487359962e840161b3e231c17b6c412508ef6f459e5dd7fdd	1790416430202.3745
file	apps/examples/src/examples/use-cases/custom-shape-mermaids/pipelineGraph.ts	a4ef82601881ce9e88af1abc2ab577bb0d93b17481cad011b69b40828ea56e13	1790416430203.373
file	apps/examples/src/examples/use-cases/d3-map/D3MapExample.tsx	294968df3d8d00e248bb34b081d456062f5fe042b89c3e2e880ecf09411332db	1790416430206.3728
file	apps/examples/src/examples/use-cases/d3-map/UsMapShapeUtil.tsx	be74749b39025fedb50a495b95f408e638d82bfb74f379d6c95bb907f57a7b47	1790416430208.3738
file	apps/examples/src/examples/use-cases/d3-map/UsStateShapeUtil.tsx	658a61addcdc6d01cb87aa1d02174107b9512c0abddf8072fe4d0989c282d2fc	1790416430209.3728
file	apps/examples/src/examples/use-cases/d3-map/us-map-data.ts	a87c46b4d49eecebd6665e8f74d9fb0b598e4b4fc0f1ed98959cdc151fa663f9	1790416430211.8708
file	apps/examples/src/examples/use-cases/education-canvas/EducationCanvasExample.tsx	b1c5cd0b007e546e0be8a103d814e44f71e593f1e869194e57b510bd8f0b82fd	1790416430213.374
file	apps/examples/src/examples/use-cases/exam-marking/ExamMarkingExample.tsx	2d8828590cb569f302a21a6f8c8655faccb057b6c1c4bffe0ad837d11f74a753	1790416430216.8735
file	apps/examples/src/examples/use-cases/exam-marking/ExamScoreLabel.tsx	a06628974812ca10627e717b7245de6e0a6af2fd0d304040c7d3cdfaad7b1ec8	1790416430217.8726
file	apps/examples/src/examples/use-cases/exam-marking/add-mark-tool.tsx	9cdb36a808b6eb627e5fa005a2fe2c8587ca70b07abfb1709dd3077fe3759cd8	1790416430219.874
file	apps/examples/src/examples/use-cases/exam-marking/add-mark-util.tsx	e6789c3eac9abbae5d5ebe6a3a8aed7c40f4b51d56168893f522190fe8fa2b11	1790416430220.8733
file	apps/examples/src/examples/use-cases/exam-marking/pdf-editor/ExportPdfButton.tsx	51d1fe9c4d5ca099a120dde6d29ff821ed79d19171366d1857b0f5d06da06874	1790416430255.874
file	apps/examples/src/examples/use-cases/exam-marking/pdf-editor/PdfEditor.tsx	da3871acbae3895eebbec06c498cc40bcdc6c8ba9f283f81f7c8e44e7871d778	1790416430256.8743
file	apps/examples/src/examples/use-cases/exam-marking/pdf-editor/PdfPicker.tsx	ab069e7cafbba73c33d8d64fc4156c42fe744e5a98a89009c79daa369dc20120	1790416430258.3735
file	apps/examples/src/examples/use-cases/exam-marking/ui-overrides.tsx	a7296e9b343e7bd58416e025181fc823f49344cfd36319afa6cc37d8c7e90e85	1790416430260.875
file	apps/examples/src/examples/use-cases/fog-of-war/FogOfWarExample.tsx	9772e1837c4cdbea6d2d2ff2df883a2e467c4832816316a7636cb1f231944991	1790416430261.8706
file	apps/examples/src/examples/use-cases/hundred-mermaids/MermaidDiagramsExample.tsx	7fb90865ee933b12c96c2cb2eca1b27983c5f00da0fe89d0aa7318e396e493a1	1790416430264.3706
file	apps/examples/src/examples/use-cases/hundred-mermaids/mermaids.ts	0aa2460f023c6a0d0b6b62b8e07db7a35ce1583af82cc490a7990976e392d07b	1790416430267.371
file	apps/examples/src/examples/use-cases/image-annotator/ImageAnnotationEditor.tsx	56b3ec5290d53f891f35882ca32d7250d65c85ed786b08ffd58ff44ad7a58dcb	1790416430268.8733
file	apps/examples/src/examples/use-cases/image-annotator/ImageAnnotatorExample.tsx	8ab88b38259809c17cb08314c4fceeba532b10f1372282d4909afe4b01ebb905	1790416430269.8755
file	apps/examples/src/examples/use-cases/image-annotator/ImageExport.tsx	3189a32d93f005eef5cb607656043fcfbef9386598a2a9783411fc3302d078cd	1790416430270.371
file	apps/examples/src/examples/use-cases/image-annotator/ImagePicker.tsx	4852182b9938d872922f69a5712ec0c3dcfe718b701c3a97cfaf7fc5e1d293fb	1790416430271.3735
file	apps/examples/src/examples/use-cases/image-annotator/types.tsx	ecab26f259f57ee06dfe1e2fe140ec4b245e419411e3717001937c789dabb2a5	1790416430285.8733
file	apps/examples/src/examples/use-cases/many-shapes/ManyShapesExample.tsx	b07025db2e56b046b6b555725c3a2bedb6955faffc3806a1de2cbd0069607e83	1790416430287.3726
file	apps/examples/src/examples/use-cases/mask-window/MaskWindowExample.tsx	5face8e227f614b025075d3ffb5750f25ad5978e1c274227788c0db5d266f9d5	1790416430289.8733
file	apps/examples/src/examples/use-cases/mermaid-pasting/MermaidPasting.tsx	80e58d5ddd4ab68870cdccefaf96503db506c6d63f1f1381c303bc36fce3c789	1790416430293.8745
file	apps/examples/src/examples/use-cases/pdf-editor/ExportPdfButton.tsx	5878e394994484ef8164179d9ac4fab1bf9cc45c11f65f174c6afb8a59e96564	1790416430296.3708
file	apps/examples/src/examples/use-cases/pdf-editor/PdfEditor.tsx	b1e69279efd68b5b9c8cfe3a1bc463dc90e77adb4dbdd8064d1e677ca344d60d	1790416430297.3723
file	apps/examples/src/examples/use-cases/pdf-editor/PdfEditorExample.tsx	bcebefbab7098075dc8b46780eefa57a09540994de702060d84c34446066ff47	1790416430298.3708
file	apps/examples/src/examples/use-cases/pdf-editor/PdfPicker.tsx	59a1f248e0d30ceb0c1cc37fa0df43a294851e7ff6e006dd0062e623b2a3a669	1790416430299.3706
file	apps/examples/src/examples/use-cases/slides/SlideShapeTool.tsx	fac371c4756b9c1852f70e8a7f27d467e11be11e430b5869cf28709e8a817cf0	1790416430308.3738
file	apps/examples/src/examples/use-cases/slides/SlideShapeUtil.tsx	c26d4779233a61a3e4b740b11969952c4dbf3344d4ad9bbea4280c528f8e9b7b	1790416430309.3713
file	apps/examples/src/examples/use-cases/slides/SlidesExample.tsx	b7480fe782cbffa89de0fa97f4f024fa57b41a891b7a9d0311a7fcda2e6f176f	1790416430310.372
file	apps/examples/src/examples/use-cases/slides/SlidesPanel.tsx	bcc5428f3599adb0a6cd4773c26ca8b10046bc13d88f5e6bbf674110a9671f43	1790416430310.8733
file	apps/examples/src/examples/use-cases/slides/useSlides.tsx	2718ce9b804f15a86e72056a5b56e268f6b54ec2e44b71999a3342aa50e8e01c	1790416430312.8738
file	apps/examples/src/examples/use-cases/slideshow/SlideShowExample.tsx	c9397efd52d27137c19548f8a2f5a4a67a44e3505a752e764a90f1271fb2e4a7	1790416430316.3723
file	apps/examples/src/examples/use-cases/slideshow/SlidesManager.tsx	beb7feb37c38739105ce2bc8b1c7bee9c097b43f3032bbbd41f4cb4fe69d7ba7	1790416430316.8728
file	apps/examples/src/examples/use-cases/snowstorm/SnowStorm.tsx	ca969d4d0e4f3de9005ef20eefdb9c79538fce38ffdcfd4113287b3c1952474a	1790416430319.3699
file	apps/examples/src/examples/use-cases/snowstorm/SnowStormExample.tsx	a23f0d8cd15f759e0338e24cf1baf9401c81f032195c122f6eef8a1b376f4edc	1790416430320.3708
file	apps/examples/src/examples/use-cases/soft-clip/SoftClipExample.tsx	3c05324b4fdf40f0081624c725ea4f69b4c5f7d65a949ce36c72158fcaeb5d76	1790416430323.8745
file	apps/examples/src/examples/use-cases/timeline-scrubber/TimelineScrubberExample.tsx	70a940756e76a28a79e2c1a4063944c594a31920a4f8e1ba842d18167086a6bf	1790416430327.3733
file	apps/examples/src/examples/use-cases/tower-defense/TowerDefenseExample.tsx	2f4168c1a5d9142b3aa2f7752082c2b9d2ef1fe212418d4a5758fda73040ec61	1790416430330.871
file	apps/examples/src/examples/use-cases/tower-defense/enemy-config.ts	dd2d596c9a4bcf25d4f6a344126c987848e38a6a001bde2fdef7f80e754005b2	1790416430331.3704
file	apps/examples/src/examples/use-cases/tower-defense/game-loop.ts	a9284a84c0aebece03d625f9989fe25d4e07622c367fd2bd0f9ec06f5ffe15d5	1790416430332.374
file	apps/examples/src/examples/use-cases/tower-defense/game-state.ts	397b3260cbf4d766b91b7be2bfdbaf48d25826470755c75bd0c0754ad2ae500d	1790416430333.8748
file	apps/examples/src/examples/use-cases/tower-defense/overlays/EnemyOverlayUtil.ts	cbfb26921f6af5b6b3e365ef59f13670a7cc916523d9cdce25d46fb6585607a9	1790416430335.8726
file	apps/examples/src/examples/use-cases/tower-defense/overlays/ExplosionOverlayUtil.ts	d63c918431097ee66f4942f0deb8e36d682f5df3e5d10b33be38efd113115c5f	1790416430336.873
file	apps/examples/src/examples/use-cases/tower-defense/overlays/PathOverlayUtil.ts	fc02ad30a47c3844779e3b80ae5cf2e22933937904ed5a810e864bf7fd19cb33	1790416430338.372
file	apps/examples/src/examples/use-cases/tower-defense/overlays/PlacementPreviewOverlayUtil.ts	69ef8bcc0d3a2cea2a4e6536eaf8585d6cccf65c5a68d1e97bbcb391b4e77c91	1790416430338.8728
file	apps/examples/src/examples/use-cases/tower-defense/overlays/ProjectileOverlayUtil.ts	0856c96463f17000385d7fe1a7f2dcb1c70667fc306cf6a8bf048d272c875511	1790416430339.8743
file	apps/examples/src/examples/use-cases/tower-defense/overlays/TowerRangeOverlayUtil.ts	186423e55e21a0aec1e310530a58eb35ed8fcf45ff37d89d7486b5aafccf5047	1790416430340.8723
file	apps/examples/src/examples/use-cases/tower-defense/overlays/UpgradeButtonOverlayUtil.ts	a9b64bf5b458a01758947896dbbc7f512e9fc0a652c09ddda379edd9812872a2	1790416430341.87
file	apps/examples/src/examples/use-cases/tower-defense/path.ts	446bdd3e7c5bef6a946df7e04e35edf996d4ae0b71b48d314b91c85908712d53	1790416430342.872
file	apps/examples/src/examples/use-cases/tower-defense/sounds.ts	5be07ff8bb8cf037b5e634267ccb628c73ad156ee97e6d267c6fabdfc600129a	1790416430343.3735
file	apps/examples/src/examples/use-cases/tower-defense/tower-config.ts	e088d103470661274c5a2c899f7bfc176048dc1647876f65ae7f9be3467f0029	1790416430344.3738
file	apps/examples/src/examples/use-cases/xkcd-dependency/XkcdDependencyExample.tsx	172fd5abc3c7912c7ceb2901f363caa1adfd06c301860e74752ea70fe59cdfe1	1790416430348.3728
file	apps/examples/src/examples/users/attribution-timeline/AttributionTimelineExample.tsx	ed3c1c7e0421b19e4095bc78e56e14dd907178a8c4fb91ee5c07a611ed4cc4c3	1790416430350.3706
file	apps/examples/src/examples/users/attribution/AttributionExample.tsx	0f3c0ec912b534993d85d811449529b8d7a1cb8c4c152c24c2a280b0db542e8c	1790416430354.3723
file	apps/examples/src/examples/users/custom-user/CustomUserExample.tsx	dd160c779a97621255011129a6b3ad0e1af0c5ca13e7bbdd6dd6a92d438ba909	1790416430357.3704
file	apps/examples/src/examples/users/sync-custom-user/SyncCustomUser.tsx	31eb4fc517caf4e7ba356faa6f0731338d0c1f0170b8eab86a81bd11363bb022	1790416430361.8706
file	apps/examples/src/hooks/useDebugging.tsx	10d820a82fed9e6f386ac238130a6f17705d552631814ad2a874718aa5f74391	1790416430363.3726
file	apps/examples/src/hooks/usePerformance.ts	be04282fffd00dea294eb6e2152c5f1113ad10e4d86687806f4db5e3a2dcf18b	1790416430364.3728
file	apps/examples/src/icons/icons.tsx	d063adc3e6ab5d58f4499086bec1a11b36765fe4351b60d6aad7fd97018df890	1790416430366.8745
file	apps/examples/src/index.tsx	dfb7089a012b951b780cdc499f7d7d0c1a17191753d14d99cd64eab05107051c	1790416430370.372
file	apps/examples/src/misc/EndToEndApi.tsx	c089efb4a8312365a2462e2179e89c4aeb7c0f8abe4aa754053edfa982507096	1790416430371.372
file	apps/examples/src/misc/a11y.tsx	6a138ef5b61894cef4ef8026b8d8f4fff2740abb3b988c9a8f748ab71440fa92	1790416430372.3716
file	apps/examples/src/misc/develop.tsx	7b25f09abc2b0afa997ddc613a30d21d550d4116e77d1e6c856f1182f6e1037a	1790416430373.3728
file	apps/examples/src/misc/diff.ts	7086da607f9e774ef72e81e5e2e7d20bd0eebe4acaa782e508d5b6d3521df047	1790416430373.873
file	apps/examples/src/misc/end-to-end.tsx	46647f1c18253d3cd82810d3f049f21d9207f0879d969ed341451ca5e69e5bc7	1790416430375.3723
file	apps/examples/src/vite-env.d.ts	424faf9241dd699dda995b367ed36665732da1e6ec1f33b2fd40394488ecac92	1790416430376.373
file	apps/examples/tsconfig.json	85b1bd50772133970e7e2f81959242e344fc3a8c2d3de4f558baa8d3c5ccb5fd	1790416430378.012
file	apps/examples/vite.config.ts	ac4998c835c122cf8f528410f62e334a4abbbe283d37ecbd35fe908ef6495c00	1790416430380.041
file	apps/mcp-app/scripts/extract-editor-api.ts	e4ba15aabee1fca08e7efece6d45f697129cf452590751d1d641113e72a62c62	1790416430403.0986
file	apps/mcp-app/scripts/prune-sessions.ts	bd5302585d71e8bac081b3339dd84e2b0c6942589ba3cd1de66a09677b46b197	1790416430404.6006
file	apps/mcp-app/src/agents-canary.test.ts	3709bdd76d58b5c91c8c08ac20d571c60355430f5f301092ad930dbed6888d36	1790416430407.1025
file	apps/mcp-app/src/canvas-store.ts	a383c87531b09550307406964fb0ef41d761dfa019147a794faa394307047bde	1790416430408.097
file	apps/mcp-app/src/large-payload-smoke.test.ts	05283935d8d3b6f60941dc0be6e8c9b6eef023bb71ce3eaa1a322daf69705a88	1790416430409.1
file	apps/mcp-app/src/logger.ts	605033798d0cfdd659bd3d1bcdfd815a2cda781cbaf979eea9dd415e5fb38606	1790416430410.5977
file	apps/mcp-app/src/prune-integration.test.ts	aa6eb9183ba0a13647d15a8e20f9664ca2daf0c596d10b678a1e5b16244f4bc1	1790416430412.099
file	apps/mcp-app/src/prune.test.ts	95ead89cc64852c9deffc880fd7f5193a5c0b751faee8c007e8e6486456643fc	1790416430413.0945
file	apps/mcp-app/src/prune.ts	4bab1b7899633542444a8cabb83f961f5651f432406a8665e6410ee7113af20f	1790416430414.0972
file	apps/mcp-app/src/register-tools.ts	d97e15cd67fbe22d0bfdec4d14bff2df64c08e9e22769e116d97fabf12269226	1790416430415.1018
file	apps/mcp-app/src/shared/exec-key.ts	607f87bd5774149df22d469223ea226d8c5209efa08b15a54c586708f347cd12	1790416430416.5974
file	apps/mcp-app/src/shared/generated-data.ts	984bc06c824c2c0905859bf5971827d8721b0b2441bc4fd6c5cdcc1b154b7cf0	1790416430417.599
file	apps/mcp-app/src/shared/pending-requests.ts	a2962a7cb242e0fa086ffa6f432f0f0683db31e284dcee58d86269fca1585c53	1790416430418.1104
file	apps/mcp-app/src/shared/types.ts	3666dabf45e6cd3141cdc844effa90895baa99409156d343c60069bd67528f3a	1790416430419.1084
file	apps/mcp-app/src/shared/utils.ts	c9928343a973c887da42427a64a43a3a44e00372f7f58bc99d02f91f1472b1f3	1790416430420.6167
file	apps/mcp-app/src/tools/exec.ts	f2731acb18eb37a116df061293e5b47d619b9dc1b23ce4be6a0fd11ac31cbd82	1790416430422.111
file	apps/mcp-app/src/tools/loadCachedCanvasWidgetHtml.ts	4f7842e4deb1ec1a23123b6fec9af697560fa4cb12b7a83a9845d46a464ac6ae	1790416430423.111
file	apps/mcp-app/src/tools/search.ts	7239eb8784b9ff184963164719da6e8b078aa7e7146a4f36754b8c97d4096d1c	1790416430424.6099
file	apps/mcp-app/src/widget/app-context.tsx	f2a2f4c10c959bda14ace4be4f3424fa5c15220a81b95c3f8e0ac9090b4c8024	1790416430425.6067
file	apps/mcp-app/src/widget/dev-log.tsx	c17d5221ad27298b02635cca29491b75e0f901712ac4672b731acdce72a04e54	1790416430426.607
file	apps/mcp-app/src/widget/exec-helpers.test.ts	24615fff669b0509d1ab3da75cfbc7b251dd2f60a40c02c5cf81599effe234f6	1790416430427.1082
file	apps/mcp-app/src/widget/exec-helpers.ts	f6f06c82fa4c3082ca8bf77e86689d38d76be3b41c66b3d5f6952aad0bff47dd	1790416430428.1123
file	apps/mcp-app/src/widget/export-tldr.ts	c897a52955f9c5fb0da716521594789f3ffe341f9b87cec89bc55c2a1bb886ce	1790416430428.608
file	apps/mcp-app/src/widget/focused/defaults.ts	edb53cfd0db1373383b4148546eaebc99c1ef674e316920e62c86704a1af59b7	1790416430430.1118
file	apps/mcp-app/src/widget/focused/focused-editor-proxy.ts	882e5e8fdd450feeafb4e44ebb24cb2aa089843bddee800462d296d8604f5c0e	1790416430431.107
file	apps/mcp-app/src/widget/focused/format.ts	d984ea250282b0db4de0c8f366fa127d3178ef8070d37a2d88e64f6776dfc307	1790416430432.1094
file	apps/mcp-app/src/widget/focused/to-focused.ts	5820be9f8d40ae42cd3b58e6196db560753c77cf064558c7943ab0947f0f9edf	1790416430432.6096
file	apps/mcp-app/src/widget/focused/to-tldraw.ts	d60b787ea083e9a84e105ce853633fbcf2895c58b4f6d23d0d754f0376c89915	1790416430434.1082
file	apps/mcp-app/src/widget/image-guard.tsx	35220c449ef76afbea2f5096f2d3a92f05dbdf07599816c12ef0d2e52c836513	1790416430434.6064
file	apps/mcp-app/src/widget/mcp-app.tsx	6cab493852cf9a70a40b082ec331480a4254486b2d32bcc077cfb6af894ecb60	1790416430437.6082
file	apps/mcp-app/src/widget/persistence.ts	85afe5e7a56f45f8446951266f389c4623ef34dd47d4ca6cbaaa9203453ee076	1790416430438.6116
file	apps/mcp-app/src/widget/snapshot.ts	8279599a691d1ed9fd8b655b6fb14c1eeeffad734600dd30735b53312c6fc176	1790416430439.112
file	apps/mcp-app/src/worker.ts	c9e1826cb36b41e50d719915782c1e3b9034786547122928ae57403ec1cc0f9e	1790416430440.1116
file	apps/mcp-app/src/wrangler-dev-harness.ts	9da098a7ba6ab60ef890245139e89688131172cf6e642034e8edcb0a0765a698	1790416430441.1086
file	apps/mcp-app/tsconfig.json	529c44405187b346703d95d0efe8c48cd65304cdcd25710838b07f3faededdde	1790416430442.1094
file	apps/mcp-app/vite.config.ts	6ef844fa227f1f391db68e008986d2816345d2b8c6703a1daa60ba3152e39c20	1790416430443.1091
file	apps/mcp-app/vitest.config.ts	74e4bf8c1ce5c5bdca885ce2314a90d0967cce4d646899da25d9302676ed18d4	1790416430443.6106
file	apps/vscode/editor/scripts/build.ts	2ed24bcea77a5898d6062bc2808cb03e2834ecb76a5be8caf7d15dbe0cb53f17	1790416430462.6206
file	apps/vscode/editor/scripts/cli.ts	0d31cc90ddab41d0aadb3f8739d31da9e70e24d6098b0b4cc4cb9383b3064824	1790416430464.1445
file	apps/vscode/editor/scripts/dev.ts	3741274861c59566ad0162dc6c239ee515581e4e950498f8b2a165ef52d3e03a	1790416430465.14
file	apps/vscode/editor/scripts/helpers.ts	05515b2a40b6c26c12ad3b3383ffd8b3a47d934cc956fd099452bb84b13db79e	1790416430466.64
file	apps/vscode/editor/scripts/path.ts	58d2ef6a3a49a55d108895cb3b13b6b92990c93eec55e5bc8c66bd58ba6b7746	1790416430467.6404
file	apps/vscode/editor/src/ChangeResponder.tsx	3198ada7b6c23af5e4a0723828624a3c1785bc7828f9ce2f7d08c50bad27d846	1790416430470.1384
file	apps/vscode/editor/src/FileOpen.tsx	27b19362dfc591bd993ad01397645a09da51d75e6bfdbd3dbe2baa47eaeea207	1790416430470.6392
file	apps/vscode/editor/src/FullPageMessage.tsx	6a02bc4013290b7e522781bf0b1ba2b056872bab35e5bf469d184bb2e3542050	1790416430471.6394
file	apps/vscode/editor/src/Links.tsx	6d4bd57665bcee1dd32b9a4c259ccc8d30126e8d9a237c01ea504614e5a784e2	1790416430472.1384
file	apps/vscode/editor/src/app.tsx	c39af02d65a5d9dabe220e5b5341d644e440dc0aee2f3a50711566f6dc7038f7	1790416430474.141
file	apps/vscode/editor/src/index.tsx	b61e1be7bd867f91d21400354fad2ff4178a51e9548413ea0ee3dc7b20d60535	1790416430475.1543
file	apps/vscode/editor/src/utils/bookmarks.ts	c4c993523a5a2a046ed88a473444857b7e9e4e07011e539f52034bf6c4e7282a	1790416430476.6575
file	apps/vscode/editor/src/utils/externalUrlContentHandler.ts	05898dac73a13dd4b7ef73f51f52e5af55bd34fc8b6156bcb1342252a2775442	1790416430477.656
file	apps/vscode/editor/src/utils/rpc.ts	21e858d0e5bdf2780925eb72a20c1693dd6b55b1e6421405cc1a58ea9e866397	1790416430478.654
file	apps/vscode/editor/src/utils/url.ts	62e445ccb44f94b1f5ffd1dbcb5a0614314537e774d8e8f4fae5ad0618f3806c	1790416430479.6523
file	apps/vscode/editor/src/utils/vscode.ts	60fd85dca941d5c142375e27f9af8587cb3468eaf6933363ee0d8213eb252a21	1790416430480.6526
file	apps/vscode/editor/tsconfig.json	1414239c44ad32c82738534ee26db9660386f001cee5fabdf44f420d9670421b	1790416430481.1538
file	apps/vscode/extension/scripts/build.ts	85e424a8da27d2451cba5f201541a208ac1ec3618fd164d0c3f8d1efaf13e5c1	1790416430547.6777
file	apps/vscode/extension/scripts/cli.ts	0d31cc90ddab41d0aadb3f8739d31da9e70e24d6098b0b4cc4cb9383b3064824	1790416430548.1775
file	apps/vscode/extension/scripts/dev.ts	2a20ff531534146fc38ce55173d580708654cf4bd1893358627af37a81399acd	1790416430548.6777
file	apps/vscode/extension/scripts/helpers.ts	05515b2a40b6c26c12ad3b3383ffd8b3a47d934cc956fd099452bb84b13db79e	1790416430549.68
file	apps/vscode/extension/scripts/package.ts	3bfac9b0cd41753ba0dfa99baa434059195506cf515ad6c978333923dffdfa9f	1790416430550.179
file	apps/vscode/extension/scripts/path.ts	58d2ef6a3a49a55d108895cb3b13b6b92990c93eec55e5bc8c66bd58ba6b7746	1790416430550.6797
file	apps/vscode/extension/scripts/publish.ts	a4efed758469db95f0abf6d913ffbafe5a78aa894994c5ebfe7bc615640ae607	1790416430551.6785
file	apps/vscode/extension/src/TldrawDocument.ts	1ee10bf1b7808e9cc891a6fd96c826c6dfb5777e4d0ec479201b085178eec67d	1790416430553.1797
file	apps/vscode/extension/src/TldrawEditorProvider.ts	a842765a48f180cd1038881346080052ca3daa472dc2cc34f246f9c201a61f7b	1790416430553.6782
file	apps/vscode/extension/src/TldrawOfflineFileProvider.ts	79ead324cd792c8b187ef3c57a5f0f8cd402b1add973ede719688dae3335518e	1790416430554.6802
file	apps/vscode/extension/src/TldrawWebviewManager.ts	f15f93164f1137ffe6c9703b57a01b9a91417d765a8ccca4449b89f31eea9eb5	1790416430555.1792
file	apps/vscode/extension/src/WebViewMessageHandler.ts	550bcb32e81c0aafabb31eaa5841745fdab5b77fb37b84a9564e6498880cf6f2	1790416430556.1794
file	apps/vscode/extension/src/extension.ts	9ced3a1b0d309a1396d2d1ea098e69971537f003af806b8900f5f7bdd8893983	1790416430556.6787
file	apps/vscode/extension/src/file.ts	004b25f08932ff2c388eb6779d98c8b2b7fccffccacf820b0f877b211a102686	1790416430557.679
file	apps/vscode/extension/src/media.ts	4fd455a1d3bc2972f0e4390bd874230f87e81857b27178f9c42fe02f99d45180	1790416430558.6777
file	apps/vscode/extension/src/unfurl.ts	964655c0c79635c0af14747780a0c4d2c38020b4ec1ba38419b670fcb009bfee	1790416430559.1785
file	apps/vscode/extension/src/utils.ts	e2ae8c887b7d04d0343b40119cbd1d57fa799f9669d9b0460246f5cd076b7630	1790416430560.1863
file	apps/vscode/extension/tsconfig.json	60ce34c5dd4b6cd64eba7b8aab214f992a86a995441105a33fc53c75ac25505d	1790416430560.6836
file	internal/apps-script/build-workspace-app.ts	a2ec64d76e1a4b0dc23f0adaedebca1ce6706a8edbc0ed8bf5d64a661d2fcb77	1790416430787.1797
file	internal/apps-script/tsconfig.json	33b643efbe60abd2210aa11c367b41c60526f1dd3e7ce8e018645a336b2f8f37	1790416430788.1782
file	internal/config/LICENSE.md	97cc327b9e06df16434ea0638508312adac3553af9514c3025a716269f6fb41a	1790416430789.6782
file	internal/config/api-extractor.json	2af221e062bc4f4577fd39779f957e8926992873ff3190ea74630663e415e5f3	1790416430790.1794
file	internal/config/package.json	9ceccc919d082936d40ba4b552c864bfda4db031e2938133251f79602803373d	1790416430790.6775
file	internal/config/tsconfig.base.json	9b1e48ed2d3a686ae699c240039c8f9d64863d79cdbd82c6b9ece971fa2dbabf	1790416430791.177
file	internal/config/tsconfig.json	1c3c7c0619812dc9d5101d050306a50b9eb123f1235d18c632a968dfb3f9a9f5	1790416430791.678
file	internal/config/vitest/node-preset.ts	e84a3efc5f62cc88044641fe1ddcc5c17cc5128bc070f3c475ea1b780b87d2f1	1790416430793.18
file	internal/config/vitest/setup.ts	995d3da4523483f63833949e2627441e2b453926f1e5ba14c6d3fcb7f2c75909	1790416430794.177
file	internal/health-worker/src/discord.ts	294b110101d0bd8efb0c6322c64a67110cd5ba03e371b848be3e028b16f7e908	1790416430823.6797
file	internal/health-worker/src/index.ts	e0cc520603742dbf92a64423af9c05f000518024b76272e1b8387e5107dfb853	1790416430824.1797
file	internal/health-worker/src/updown_types.ts	c55ac91d803ec6096c7489071da1adae35245f0e195eb1ffc1d70ddf65a8e4e6	1790416430824.6782
file	internal/health-worker/tsconfig.json	66806d1cb81fb8ecf7ada53b625ef75a11c396cb39d11ef0542314e9d83b72a3	1790416430825.1792
file	internal/scripts/api-check.ts	df31aea628a24c76dcf4d0d23a6513b4f3908197cd742282b89bb16cf15f364e	1790416430826.6787
file	internal/scripts/benchmark-dict-validator.ts	b2dd93ee4c28637a9c40b46278018aa0ab252e4e1b94c8ca804274da368c1d95	1790416430827.178
file	internal/scripts/benchmark-validators.ts	a6337e921332dca28f451cae418ec33064a8f6539293da5218d638db13b21f43	1790416430827.678
file	internal/scripts/build-api.ts	633a291f54dae86f44c354d19e5242df602d6f8c6a4f12ca4489d86dd0707f0f	1790416430827.678
file	internal/scripts/build-package.ts	23d80ec366a0c039dcd321b9b0aa5eca033e56e88fa91bc95c37629b476153ce	1790416430828.6777
file	internal/scripts/bump-versions.ts	6414512904a643da16c09e3bb5dfaa841ddb840cda614f8a968bddd2bea4c5b9	1790416430829.178
file	internal/scripts/check-circular-deps.ts	b90f86d5e90283fae3ed027713e2c9494135d0afe932d3366809121479c59caf	1790416430829.6804
file	internal/scripts/check-packages.ts	c35242fc68641a51a625bfe21fa03d91428a8c705b178430cab693bc8bdc5a33	1790416430830.6777
file	internal/scripts/check-worker-bundle.ts	7b75188c8da86ee40b08a2376a6a6dba94c7964dbd4b59857108e608ad356528	1790416430831.1787
file	internal/scripts/clean.sh	098671ce46f977544ab654e336e681f8b461a49fd1872d2fbfdc43b3cba14ece	1790416430831.6768
file	internal/scripts/cloudflare/dns-check.ts	117cb27089093d123a52ab30890eb348f34002240bf7b407066aee7a0784e3ea	1790416430832.1777
file	internal/scripts/cloudflare/ssl-cleanup.ts	d41ffa90181829452a7cd0b4fe2126f62a62f03aef0718ff88ef5736ad79400e	1790416430832.678
file	internal/scripts/create-docs-reference.ts	c55cedee2702582c9435527313796e27b33391b05786f4f8da65c01ed4192062	1790416430833.177
file	internal/scripts/deploy-analytics.ts	fbf98987cf2d604d89b9149d8b5050ae6ea0608358612cf37fcfc6e2d64e49c3	1790416430833.6765
file	internal/scripts/deploy-bemo.ts	147239513ccc4b16fc67686eec9eadad4e14517588483f67c6a9df496336857f	1790416430834.178
file	internal/scripts/deploy-dotcom.ts	92cd86dfb9d3ba5fd3574e1382df9b5831294f3b8e16e2daa056ca033216fef7	1790416430835.177
file	internal/scripts/deploy-template.ts	a43a73e6c24fffd4385a9aeddd1674055ac5b726e4e0681d769cbaba6842ac8e	1790416430835.6785
file	internal/scripts/dev-template.sh	5195bc3ed688ce7909a51e29e0fcf5702aac7e80ebd57b0979750759987b2cbc	1790416430836.1777
file	internal/scripts/dotcom/cleanup-test-files.ts	639622535ee93e93f31dc85ef1871322258c5fb06e7a3a473a4018579c4eb75a	1790416430837.1775
file	internal/scripts/dotcom/copy-random-files-to-staging.ts	94836b609c45e98553d7a97d1e2f97ec14c756bb3fc3b25bb40ddce9b6614d53	1790416430837.6772
file	internal/scripts/export-template.ts	caff7467668dd2fa67ad79d1cb50ad5dbe6e979a2a4b4d08ea8352d84f9a832e	1790416430838.178
file	internal/scripts/extract-draft-changelog.tsx	81a383ae0871573d3eea9334dce76c5b58557f2a04a7ea2931f28532502d8dac	1790416430839.178
file	internal/scripts/fetch-fly-logs.ts	a639c6b8a06f07ae5a43b8d373b675abc4158f11bbaebeb09a90ab572f5a654c	1790416430839.6765
file	internal/scripts/fetch-fly-metrics.ts	1bfa34762c2cf673dff81195dcfb7763fcdabbcfb81573501cee59832cee5beb	1790416430840.177
file	internal/scripts/fetch-screenshot-metrics.ts	31ef9413220a8d59be526392dbf37ff2750b309250de0538ac39a2d55c4e6526	1790416430841.177
file	internal/scripts/fly-common.ts	928b763171f867a904bee780a0ef91efa1d4e54aa3eba218bda0aeadd925dd00	1790416430841.6775
file	internal/scripts/generate-test-licenses.ts	2632205df56a38e968bcd6f5b0fb86bf909fcc3e67906047dde073c326e59ca2	1790416430842.6765
file	internal/scripts/generate-tldraw-package-docs.ts	e90a267b1ce59756c0fbcde17e3021dc4746a72f77bef95bf473559512cf75e2	1790416430843.1775
file	internal/scripts/i18n-download-strings.ts	d5e71040b9640ad4094c2ac4737c075ec463146a5f0d81ca3e78e96b62a7fadb	1790416430843.6775
file	internal/scripts/i18n-fix-strings.ts	3774c14cdb93638866fdb971cf485d4c16707651c0c881c580adeb4d86572a77	1790416430844.679
file	internal/scripts/i18n-upload-strings.ts	00d572bdaf42122c24fb087685105a2a42e44db0087d8461ea5f841be8498da8	1790416430845.179
file	internal/scripts/lib/add-extensions.ts	bedea64fcfdb342b5ba0f31cabdbe4ef7e7e4533f432f31347dbd2eeaadc1997	1790416430846.1814
file	internal/scripts/lib/deploy.ts	79a6e6678654733c6f305d8ea8d7392fda9a87a008a60e71bf73067759c360be	1790416430847.178
file	internal/scripts/lib/didAnyPackageChange.ts	ebce8462af1f938de2ca81093c5660dc4f680cbbb927182bfaeb062f4a76153e	1790416430847.6785
file	internal/scripts/lib/discord.ts	cc46c899f23c4d31fb147d893c0c751f449bef02afe321ae2874f448bacd242e	1790416430848.68
file	internal/scripts/lib/exec.ts	d5a44abaa9b665dd82802f1bcf799b19701898715b48248f91608ae3f1ef8502	1790416430849.1787
file	internal/scripts/lib/file.ts	e3a304354a1907847c54b147403619a7eac135d0ab879abd21e044268966d180	1790416430849.679
file	internal/scripts/lib/kill-tree.ts	2c2dee121f1088a25524755fcfd141dfcc2f24b6572fbc75331320d526605296	1790416430850.1785
file	internal/scripts/lib/labels.ts	1ed1a51e52133852f3cf849898c4a22498336a1b4cbb5ac0f87c0c5a7ae1a788	1790416430851.1797
file	internal/scripts/lib/makeEnv.ts	afbad5eeb52b89bd0b956730921c8dd7c78881a1800eccd6b141dc9f6adcf1f2	1790416430851.6792
file	internal/scripts/lib/nicelog.ts	17e2c5956d148318c48b46882f543804558e928278416a512fe853938104cb6a	1790416430852.1785
file	internal/scripts/lib/posthog.ts	ee35ce0e816efbece4d24f47ad8df18dfe78a5ad6ece794de3f3d80b5318e49c	1790416430852.678
file	internal/scripts/lib/pr-info.ts	84c426a2f4410d72efde8a8d9e033f9da61400e4fcb0ea33cefb5e57a3c70d5a	1790416430853.1785
file	internal/scripts/lib/publishing.ts	1fe879ce7cde88a783a69695a90d1c69cacd902f260fc5a1c7e91752a42ac87e	1790416430853.679
file	internal/scripts/lib/sort-unions.ts	9ae81656e4ed2e33fd024306ca234e7736833c2eabf81d7949ac344e79c8052c	1790416430854.1797
file	internal/scripts/lib/types.ts	9f873e49b8ecbfa92800352625c106dd4cc38d1e3d46ca7107d279d25f3edc92	1790416430855.1792
file	internal/scripts/lib/upload-static-assets.ts	b9992c084fcf04321de7a1599a26d32a4367ecf30fcdf78eadf2535960af6de9	1790416430855.6794
file	internal/scripts/lib/worker-externals.ts	f461d6c5193c51dd2589724b81c70dede5d0bf79799579ea9534b03479f2245d	1790416430856.1792
file	internal/scripts/lib/workspace.ts	8613de817871febc17262fc9874877ef70444f9d857fab40018c3d65b922abb7	1790416430856.679
file	internal/scripts/license-report.ts	94c144744b4d276b19b8586a46e52f46f4a783dca633e1606afda29144f7c543	1790416430857.1792
file	internal/scripts/lint-staged.ts	fcbd90611158426c141e7f15eacae31b5ac559c36474f0fb3617df4e30d2bc1b	1790416430857.6792
file	internal/scripts/lint.ts	164d5919b6b2a5c3d1660026b5665a6b9070f2642f2061e17af712363651b507	1790416430858.179
file	internal/scripts/oxlint/tldraw-plugin.mjs	9ebd5988223c850477c1cf409bf21fd6990da3a381c1dd861f3295c647adb160	1790416430859.1792
file	internal/scripts/package.json	127c11cb75abd8901b3f390d10c729c933aa0f109d9feb2dd6241c0e4487be24	1790416430859.6804
file	internal/scripts/postpack.sh	81516eb08f9eb39d438cac2123e3c8bb2fe1e9e9e1224b167f5435ad1b4878f4	1790416430860.6826
file	internal/scripts/prepack.ts	26cef41f48a6d6e85438b7a30ee80247e806b6287c24320ff667b3eed169d6a2	1790416430861.1785
file	internal/scripts/process-compose-bin.cjs	b54bf0defd6e940fc576f4a206d30298d0cfa27dbdaa5ac5c07aa119ab3fceae	1790416430861.6775
file	internal/scripts/product-manifest.ts	98c25bfcc575b3d4dd5e9fcb01d7f7c9f90964daca886af5cfa45d9217b1ce6d	1790416430862.1765
file	internal/scripts/profile-tsserver.ts	6105aa4cbadd8b18fadd4c6b6f454d103b18b19f901dc04b9608822d5673b1cc	1790416430862.6765
file	internal/scripts/profile-typescript.ts	85a5d8e70beef18ae3a0ffd1c0f1d1b1a391de0ff593b324466f2a1d4b13542e	1790416430863.6782
file	internal/scripts/prune-preview-deploys.ts	74e40157ba34ade6f7efc955449aeadac4fee739e1019c85b6e794f2a53a541e	1790416430864.1785
file	internal/scripts/publish-editor-extensions.ts	611174895deb87fb13b6e363b4f730de65de1696c2fecd4a0dcf67beb954ae8e	1790416430864.6772
file	internal/scripts/publish-manual.ts	7da009898768ce61cfe3c4af9ef306b773a4da9699e0dfd70b70dea84dc2f690	1790416430865.1782
file	internal/scripts/publish-new.ts	245a1d22ffc5e494650b7d7e9a3ff4b33816073d157fc5fcf3efb8d554cb11e8	1790416430866.1777
file	internal/scripts/publish-patch.ts	ebe122d329df61f3d41f1af79fa4d87df30d362e178ed0e2d88bf2217fe65eab	1790416430866.6797
file	internal/scripts/publish-prerelease.ts	2a089841a5c61060346bf0479421ea7db657372c006143768be83f0f0900771c	1790416430867.1797
file	internal/scripts/purge-css.ts	10f17425a4aeafde14dbd786d7b3704793ce779a0a9d0ea7451847a1d3374a9b	1790416430867.6787
file	internal/scripts/refresh-assets.ts	d1e6e48979bcec1a120c1fc6def3a891acfc569b236a743d343b44831d044bf3	1790416430868.677
file	internal/scripts/refresh-create-templates.ts	198d29ba15da53b128d86b0a7426c411dd1b296637a464d0fb84ace2eddf9335	1790416430869.1782
file	internal/scripts/trigger-dotcom-hotfix.ts	93ec63a05615a793877e915d075e17466c2bb8a93f11d58f0b6142d54d5adec4	1790416430869.677
file	internal/scripts/trigger-sdk-hotfix.ts	ff9220ac7392d897b93a85615e1bbae4916e3b7b4d638ddcc2388a419817e871	1790416430870.1777
file	internal/scripts/tsconfig.json	79abce65c26ee43d2d473f57b1a20a34321976c06feb6c0caf57f54231a6f24e	1790416430870.6777
file	internal/scripts/typecheck.ts	26af3ef89f2000467ce65b749d96f0f08bf218463d020a0e3c3461ccbeb788d2	1790416430871.178
file	internal/scripts/update-pr-template.ts	84c575b7cd1bc3406719d88ef9c16dac79ddf916d742d4399b32c964f0478e7e	1790416430871.6768
file	internal/scripts/vercel/build-docs.sh	83f598a86aac2be34ee40a985d2f82ef6cac0b82b2a2f4cfd3e3ca664c1e6bc6	1790416430873.179
file	internal/scripts/vercel/build.sh	d846d635fad5b134a0068841ff80316dd968087234f75b41c0519cb895a601d2	1790416430873.6775
file	internal/scripts/vercel/install.sh	cc7e15566bb313fd591e8a10a57a898c96832fdad15290bc1bf89983a1aa0f6b	1790416430874.177
file	internal/scripts/vercel/should-build-analytics.sh	78df8c27d817eb5803f61d92db90257e51cca9ebdabe458992aac31887cf7872	1790416430874.177
file	internal/scripts/vercel/should-build-docs.sh	407e201be1a4230793799c6e311659afcb4334a0fad74347567130a6566e03b2	1790416430875.1782
file	internal/scripts/vercel/should-build-template.sh	d9b11393370915302769d0277a03e4c18654e666a4a1972fb45d93440ec6389e	1790416430875.6812
file	internal/scripts/vercel/should-build-tldraw-new.sh	6f2f7aef7dd61544ba80964af5f7c8f69aa50d89bd1f233961d9b8a6c2377c2a	1790416430875.6812
file	internal/scripts/workers/dev.ts	4b6990e20ed4cf38368ac6ff2b8daf4e88e46545066fa94069379bc89945fd1b	1790416430876.6777
file	lazy.config.ts	b66f5e9219affe7e371d77cc90eb7f49c3298fef1a6571a982ab836c8b3d8603	1790416430877.1772
file	package.json	9149f9c3c9ed7f17a9a23940b1b4de707dfedc5d168a94068860303fe361027f	1790416430878.677
file	packages/assets/imports.d.ts	10203ed6139f489f83014f00b46a8e7931acfe2b78a3b5867ef344460034a6b7	1790416430881.1792
file	packages/assets/imports.vite.d.ts	10203ed6139f489f83014f00b46a8e7931acfe2b78a3b5867ef344460034a6b7	1790416430882.679
file	packages/assets/modules.d.ts	470dc9f531957aab9b7225fe222c5a5290e4cca65d0efe04a4b2c8b343ae63b7	1790416430883.6758
file	packages/assets/selfHosted.d.ts	ecb0dc9bc795d1eaeaa97cbd50154e603f4d55d0ce9853ab4f97ba17bfa6f0f7	1790416430884.6782
file	packages/assets/tsconfig.json	4af5ea7f7a65d4edbaf0f84cff6d44b977fcef70d2e08f2f2eae7a965ac965e2	1790416430885.677
file	packages/assets/types.d.ts	e932445a08786711dccae831a7cd29db2e4e074eda72633c212bf07bef8dc4cd	1790417087178.6328
file	packages/assets/urls.d.ts	33a1b3e2064f565768528061e0bd13d0e10b548176dfbf0975b0a905ca3b725d	1790416430886.6775
file	packages/assets/utils.d.ts	4ebf323123847bdcbba8ac898db4f1fff5f488b880f0722d8ff047196c5b53a5	1790416430887.6768
file	packages/collaboration/src/index.ts	769d68d26b526284b3ce22e8d5427611670e08c3004c7ec0fcd48281fdb3b860	1790416430893.1758
file	packages/collaboration/tsconfig.json	47033e1aa3a62b1b2f061fd70ada1e0ba4af19d94901df2600f0d08069b3dceb	1790416430893.6772
file	packages/collaboration/vitest.config.ts	4420580d51a881775afa192d0bbd427b3e3a8296536f9526c40abc17fce9102d	1790416430894.178
file	packages/commenting/src/canvas/anchor-lifecycle.test.ts	4152d27356ab26c9af3eaeb3eff974b9f74ce883bfe5678f47ca99a772307a21	1790416430899.6772
file	packages/commenting/src/canvas/anchor-lifecycle.ts	002350fe485dd52034428abbee0a8f57b55e3df2cc81684d47367356be0bc36e	1790416430900.178
file	packages/commenting/src/canvas/canvas-events.ts	9b4f1d4ecb69a2108528447da6e2d67478b69dd8bba7ee70e2b5e5054db5e515	1790416430901.1782
file	packages/commenting/src/canvas/cluster-badge.tsx	e14b34056e63eafbb8f93430389ba3dcfb4061c390913c4d441baa3650a0cd1a	1790416430902.177
file	packages/commenting/src/canvas/cluster-fade.ts	5933d33d188379853b0f7add9662a08307e1e2b73107106b2f8d046cf54aaa47	1790416430902.677
file	packages/commenting/src/canvas/cluster-input.test.ts	672d300693076a5b65ec3aeb17626d62907ede4b862b52077000bcd05175f6ee	1790416430903.6768
file	packages/commenting/src/canvas/cluster-input.ts	accb196af9a215fd02c68db43c3b57b9ffc8dfa67a57f4c43292b11c75e43b0b	1790416430903.6768
file	packages/commenting/src/canvas/cluster-model.test.ts	5937157e9a82a6cb7e1860325759104e99a3672d5d991b2949e912b7d99dfdef	1790416430904.1775
file	packages/commenting/src/canvas/cluster-model.ts	1a1d0fdfe0ee9b77dcc3b94702127563b6b27e4d4d45f223270856e51369b420	1790416430904.677
file	packages/commenting/src/canvas/comment-body.tsx	13caa3ce93746d65e7853416e545333090c881bb1e1690c784a69836bad9b7df	1790416430905.6775
file	packages/commenting/src/canvas/comment-drafts.test.ts	339d7ceb86de9ac1ce1ed2cdc337f39da6de7eab916a561c5e5d08da59c6745c	1790416430906.1782
file	packages/commenting/src/canvas/comment-drafts.ts	a77a55d31b202175aa8252373b8a198993f19722737594d2a44a408a0a9a7983	1790416430906.1782
file	packages/commenting/src/canvas/comment-mutations.test.ts	d04e7c61ed3586c4b7c543ddee12b01fe8369ee10be391b5778d99514872ab3a	1790416430906.6782
file	packages/commenting/src/canvas/comment-mutations.ts	624db488d3394618acbb035658fba00b78e6e81c217f6befc691c77ab9f10246	1790416430907.6777
file	packages/commenting/src/canvas/comment-reactions.test.ts	d58e770737bdc8b963a0d45b8d800f1f430f28f72efca4dd1249010e00fe114c	1790416430908.1765
file	packages/commenting/src/canvas/comment-reactions.tsx	4032a163947379800b56f126b52b3a2970e818e988c70c7cf30b98cf63c34840	1790416430908.6787
file	packages/commenting/src/canvas/comment-render.test.ts	1b850fcb4999354d6d60ac1fb416c14fdec54cad66059c1427996dbd93cd7269	1790416430909.6782
file	packages/commenting/src/canvas/comment-render.ts	94efac990aa6e1941547f683b42c5a32093f6a01a49803e04c40715c90cdae58	1790416430910.1785
file	packages/commenting/src/canvas/comment-store.ts	52f47e901d3fae1307988cd0056e4dd4d153b004ad1a3df848b8704f1aa00ac5	1790416430910.678
file	packages/commenting/src/canvas/comment-tool.test.ts	ca2100e010ccee8471118fdf082a17981d00b48e17bffd5c86258314f1015f37	1790416430911.1785
file	packages/commenting/src/canvas/comment-tool.tsx	f4b6ce08c171a79e3309ce9bc9f31462e733cdca524b0dd17ab9e7ace790e3c4	1790416430911.6785
file	packages/commenting/src/canvas/comments-filter-menu.tsx	accf1421adbf06b1c1a91a046a314aaf9b4cdc061f92774726ec87e5b6e90ac4	1790416430912.1787
file	packages/commenting/src/canvas/comments-menu-item.tsx	0bf3a34e114e1f8a1292108277cb7ad99d4920a77eee24cf57bff5e59e6e3f0c	1790416430912.6782
file	packages/commenting/src/canvas/comments-overflow-menu.tsx	d6f383b07daf20dc753746293138033f11805bf235d66197e3e6ae592376491c	1790416430913.1787
file	packages/commenting/src/canvas/comments-overlay.test.ts	0af0c95da198bcc8064c6a244873ead6fc3b07b60c2937e2dc3911fd20d3c2fb	1790416430913.6785
file	packages/commenting/src/canvas/comments-overlay.tsx	00009d282958d30718791aac6a27b1ebd54ccc00ff68784b3ad9533f8873c34b	1790416430914.1777
file	packages/commenting/src/canvas/comments-sidebar.test.ts	ff62c3b37594b866aea0d2e0fab5f004a300140add258a3b1b69424cdc573cad	1790416430915.1797
file	packages/commenting/src/canvas/comments-sidebar.tsx	1795212d5e6c6b2ecf5841401d02741901b71b312cec0826871a9c76ef2e0d21	1790416430915.6785
file	packages/commenting/src/canvas/comments-visibility-toggle.tsx	7720e1d22f9e2cba18d762a9b7c96314c076cbadfee8615b2fbbd57e8e5ec0af	1790416430916.178
file	packages/commenting/src/canvas/context.ts	a98a57563fa8997ac5f9e0a3af339acfd13138038d25fafdf249b3f0e28881e4	1790416430916.6775
file	packages/commenting/src/canvas/hooks.test.ts	911bb27694974c728472aa6ab874996d0b7e8273d40c96daa09e03294ba25505	1790416430917.1787
file	packages/commenting/src/canvas/hooks.ts	1355f37afd2607b2583920014234c79369bfc50ac3fd1cc580e737a8972a7ed7	1790416430917.6785
file	packages/commenting/src/canvas/license.ts	b17d3bf6e27aaa20cd219fbbf456e402bacc82006f92e67983119a1009221017	1790416430918.1785
file	packages/commenting/src/canvas/mobile-placement.ts	2df39609e20f2af0900f7f4a2095ffbb37c9b0179f959345424393e3445e2b7b	1790416430918.6787
file	packages/commenting/src/canvas/options.test.ts	07d714a5d4d7cf5e0194526d711c0b8999664e7722d346b14deb24973ce149bb	1790416430919.1787
file	packages/commenting/src/canvas/options.ts	7511429f3da76423bca247cff1bcd65fbaeb3e481da4474897f4a072ae1c0f26	1790416430919.6782
file	packages/commenting/src/canvas/pending-composer.tsx	3220567bdbd1881866f4c8d453b82eac46d88cf70da0829db4d113dfeeac7718	1790416430920.1794
file	packages/commenting/src/canvas/pin-stacking.test.ts	1c139356afe7bcbf7f84adefe7cca320427cdf6c37fb97fc96b1f358555380b2	1790416430921.182
file	packages/commenting/src/canvas/pin-stacking.ts	de04c8f51d8c46eef2377a8b757c94fdd1d6b4aac9e5ccd245cf364b86ecb563	1790416430921.6802
file	packages/commenting/src/canvas/region-box.tsx	821ef40fc2af2966a0b6f1659a3926808654e22005d3ffbc4eb7149e6a976704	1790416430922.1792
file	packages/commenting/src/canvas/rich-text.ts	f5540cb242ed4795cbc3bebfed3af6c79d4c7ff4aeb32a31cbe3849db2cbfea8	1790416430922.6792
file	packages/commenting/src/canvas/sidebar-filters.ts	63e23cbb82bce66ff421c3db5bbbdc637e566106b977f385df21395727dbe659	1790416430923.1814
file	packages/commenting/src/canvas/state.ts	3b8ca34757c6d1deffb580cb8247f33372f92a8477dd862ed2f6a0401732305c	1790416430923.68
file	packages/commenting/src/canvas/thread-pin.tsx	01b3c491b05eb23c2c4a5cd41b58ca2b6f971a3eecbbc2c26d137d8018ed1c0c	1790416430924.6812
file	packages/commenting/src/canvas/thread-preview.test.ts	ac3a6cfed182fcef247dc4aeb20665057904dc22437cad689f556f1980388149	1790416430924.6812
file	packages/commenting/src/canvas/thread-preview.tsx	ae1e38568fb0183772da6fbf322f5a55f12b02c7cc17ac2b63533eeaaa1ab2d2	1790416430925.6797
file	packages/commenting/src/canvas/thread-stack.tsx	fae79f848449eb4a8ad6b0f3993eb681e9bc3eff337c5de991e0a614a49c5b05	1790416430926.1785
file	packages/commenting/src/canvas/thread-state.test.ts	64cad1b7659c4efef02073d043ca247ed2b127c52b4517c34712d9d051cd8d6f	1790416430926.6777
file	packages/commenting/src/canvas/thread-state.ts	6e5cb602f7d15e97fa6f0994ddd861c8390690bebe7da290d6fdc19787547c88	1790416430927.677
file	packages/commenting/src/canvas/thread-view.test.ts	eb1f809ae8f8be6c2b678b1a7d0f59860b30832586e8f1cfb3c8ba87d310b1f1	1790416430928.1775
file	packages/commenting/src/canvas/thread-view.tsx	6c88d69e8f8ffdb60c523df6706a37725509b6e82c276976cc92cafed236064a	1790416430928.677
file	packages/commenting/src/clustering/computeClusterTable.test.ts	cc524ffe3b1e5b069fd3d82132385b3515768ed430b96379976028f50d7b89cf	1790416430929.6763
file	packages/commenting/src/clustering/computeClusterTable.ts	cd84f275bed3ffe673a7787214756f809682ff5950d00ab62ceccd035e8cf639	1790416430930.1768
file	packages/commenting/src/clustering/locality.test.ts	70c4ec84d966366939ba8b554bd07c316c4392fe3269486e0b95399d5339a30f	1790416430930.677
file	packages/commenting/src/clustering/mst.test.ts	d0f5897b9173e0c2038aac0bbe7107da22d0ac4b4b5e3190510791f4076580a5	1790416430931.1765
file	packages/commenting/src/clustering/mst.ts	37cc4660f2fd088c64495ce3a2034b0ad83c36b644552bd1372a3745e6cb4238	1790416430931.678
file	packages/commenting/src/clustering/replay.test.ts	b6db010c5df3cc826d2af1524bd9ddac4a817ce4369bf09beca453fc869b7dc0	1790416430932.177
file	packages/commenting/src/clustering/replay.ts	56cea7301621eac690f79ac06666d91d30bd61b0ccd6edf412001bd8d7b6e04c	1790416430933.1768
file	packages/commenting/src/clustering/runtime.test.ts	d2e84d44a5094fe7feacba3481828e3c31062a74bf28da914d1d995875b5572a	1790416430933.678
file	packages/commenting/src/clustering/runtime.ts	ca7e0e05eeebf535b39e958db7e0ca2bfb9730a0fe5d553c4b6045f1ab5e6c91	1790416430934.1768
file	packages/commenting/src/clustering/schedule.test.ts	f9ba21bbf240322001d2a349a16779bec667451f02594807bcbecf859ea58605	1790416430934.677
file	packages/commenting/src/clustering/schedule.ts	465b2991bd33f2e671182cefe91fc1cdd69337adca88010cbfcdb55016e0831b	1790416430935.6765
file	packages/commenting/src/clustering/screen-offsets.test.ts	aa5b3cd5a5b784d6c0dd6d3c7eca08de7aee26145951e47e75f15792c9442663	1790416430935.6765
file	packages/commenting/src/clustering/types.ts	4b90e9a2ba07f4a30c7655a1d0671bd4a144cccda761765cea71f340c0d512ba	1790416430936.177
file	packages/commenting/src/index.ts	9fb8c17e58a7a27416edfc11069f06507c7bfd37f0895bdbcb80c8c747978b4b	1790416430937.177
file	packages/commenting/src/ui/byline.tsx	d428d81a91bbb397cbc38264d42f595f54e8563e69611a7811e405e64b2b921d	1790416430937.6787
file	packages/commenting/src/ui/comment-card.tsx	94a3545913b1692384cfb79df6b1778a2cf66776dcb40b794404b247ec461e97	1790416430938.677
file	packages/commenting/src/ui/comment-composer.tsx	bd87d16c5ae9fe5c2fab808109f50f71bfce9d3197457821c10777d0a46d84b3	1790416430939.1772
file	packages/commenting/src/ui/comment-extensions.ts	6fc4ae085528692607c76da007ae838be6d5c5ed54a5360c259263e2d3176571	1790416430939.677
file	packages/commenting/src/ui/comment-pin.tsx	811676464a32a2ae36f0e25f86ce72e3e07d11e536bfba7f9a7a992a643913ea	1790416430940.1772
file	packages/commenting/src/ui/comment-thread.tsx	209e170574976e559c07b7acc908008c5b7226837c86223294ea7afd4791f937	1790416430940.677
file	packages/commenting/src/ui/comments-list.test.ts	8ef9f6b16a80ac1e09b810af4dc0ad9ec33d1304513aebfc9dfa41cf14cb049f	1790416430941.678
file	packages/commenting/src/ui/comments-list.tsx	480d414fdb38f7933bee56425a9cd0371deb17ab147b820d6cf6476dd9a29d05	1790416430942.177
file	packages/commenting/src/ui/count-badge.tsx	d1058259cde52163bcbb9de3246bc72fbf3334a4331d1baf5259dab8ccf49b8b	1790416430943.1775
file	packages/commenting/src/ui/emoji-picker.test.ts	9de96ef7fa2b44abb8b225be13637cad5a89a58b27d122d91aaa9b1c984af438	1790416430943.6763
file	packages/commenting/src/ui/emoji-picker.tsx	7a4f8274cbc0beed1e09db72b0d45297747fa36c23fdf1e5577d3a3efb439d5d	1790416430944.1777
file	packages/commenting/src/ui/empty-state.tsx	1fd5ba7e39271ebac06240bab24ced809a0e4fa999c8acb8f6b7b00e217d3ef9	1790416430944.677
file	packages/commenting/src/ui/format-time.test.ts	758fb5792bb581c36626a7bbe1c09a4a4988625b08732a734223abc630521b5b	1790416430945.1768
file	packages/commenting/src/ui/format-time.ts	ae379350ae4a21d9a066823aaf18e88eb1c06f043df6d073fc21da333676e2de	1790416430945.6765
file	packages/commenting/src/ui/icons.tsx	7326e9d25b318df9d68ca8b539ac35da07bb36c8e09bd8035e6ba610e6f2e6b5	1790416430946.1777
file	packages/commenting/src/ui/reaction-picker.test.ts	feb1dcb36a095c15b77ddda2a5efb50dacf1da2f3c6faaf09a8bc9f41a96525d	1790416430946.677
file	packages/commenting/src/ui/reaction-picker.tsx	1c429085eaa499863d9637581eb952191b516677deb172ac20e0f3096750d4e6	1790416430947.1812
file	packages/commenting/src/ui/reaction.tsx	c8ee75efeabea3b8995d7684626e480e4c3363237c3f040fd1efad96df6261ed	1790416430948.181
file	packages/commenting/src/ui/reactions.tsx	bf68266b4a09c7d7aebecde1ae1273927e09f4207908fd6378f07b2d405f5dd6	1790416430948.6821
file	packages/commenting/src/ui/reply-count.ts	e29a71844797dcb45ffc1b99fbae823b29d692bb6767299d9030e83719c17698	1790416430949.1804
file	packages/commenting/src/ui/send-button.tsx	49999539e52cf235a077c67619aaeb19b3bb37c669a7556355a4c9a728e97791	1790416430949.6816
file	packages/commenting/src/ui/visual-viewport.test.ts	c70169f3cb1f20c4c646191ace829d67a33237cc86a3dabaad0610dc337abc6f	1790416430950.1821
file	packages/commenting/src/ui/visual-viewport.ts	28360d1561cbc25af04e36c21186d086d41c71aa16b4eb95b24fa45d8170d413	1790416430951.1792
file	packages/commenting/tsconfig.json	7c42d95a9c28c6a1f3fe14003df4f0b44de355c93de729b85e191711550b9b91	1790416430951.681
file	packages/commenting/vitest.config.ts	5a7213645b125dd9099a2f872ae3c357099f6171d5169d9b2edb74b5ef8f23d9	1790416430952.182
file	packages/create-tldraw/src/group-select.ts	225bcac7afb8839813d4744f16853f3c1c65ca3e59d4239644b2b75c75361652	1790416430957.6826
file	packages/create-tldraw/src/main.ts	e09102e1d777132a4e81f11829fc5593ac8bc3c9eadc2e8404e71d691732e17d	1790416430958.6765
file	packages/create-tldraw/src/templates.ts	b50944569295fadf772b6424c74cb19a235edc97ebcf2b4d7d9d4ef1ce7b4f5a	1790416430959.1782
file	packages/create-tldraw/src/utils.test.ts	f0dd87975dd83060b84bd03ee11a5e49d52d59e030e752de096ff23f742a27ae	1790416430959.6775
file	packages/create-tldraw/src/utils.ts	c3c3dd8ab3698255bdd6c6295ab941339c66a8d23be8bf685adaf7c2a29411ac	1790416430960.6772
file	packages/create-tldraw/src/wrap-ansi.test.ts	e8efa47d37280873e582bb16b4369766ed99d124bd7ed4438709c84b436aacc6	1790416430961.1763
file	packages/create-tldraw/src/wrap-ansi.ts	ec498eab87ef442683ec8315efd13a2a7defdeca36f834bddd67d39d224bcc2a	1790416430961.6775
file	packages/create-tldraw/tsconfig.json	8cb069d994ca32f270db5d3d1b0ef41de16bf017f6f047897c2b722de0053d89	1790416430962.1763
file	packages/create-tldraw/vitest.config.ts	ef7c0f63fc8d4f859a64e19bc20f842b2d3bcd6b0d67c34a921339b349679875	1790416430962.677
file	packages/dotcom-shared/src/capabilities.ts	ab884d8504e5c69fc3a681cbb963f6b0800197c2d3ae5e1dae3971fa38e2d1d4	1790416430965.6758
file	packages/dotcom-shared/src/commentMentions.test.ts	f361ab27d9a9ae0efb8ee798145a2ccbe1e289d8070e19301ba46c0ad7901333	1790416430966.1758
file	packages/dotcom-shared/src/commentMentions.ts	20277458c81f44e4ff2f79f3e2c2a4d4fa973e40797728b60059991074d1b2a9	1790416430966.6755
file	packages/dotcom-shared/src/constants.ts	4d3d51d4dacc38bd25b598f9e18513cd6911c1654d283c0db6b7c60bd335b086	1790416430967.6763
file	packages/dotcom-shared/src/index.test.ts	f7ed7d78b3e752f285812e47cb37b88118e8336dce322d42a257aa377be99985	1790416430968.177
file	packages/dotcom-shared/src/index.ts	a6f3b2a40bc2ee7387269259f298c25faec973d1eec21f289e716ff9fa17e685	1790416430968.677
file	packages/dotcom-shared/src/license.ts	17c580c6aac14c88a27876cf9500a53383c95aceba31f445939fe9cdb79abf78	1790416430969.1765
file	packages/dotcom-shared/src/mutators.test.ts	2eca071ea518039f5fc678d7a10f5aeb468b1e792f67353aad6ad2ee980149fd	1790416430970.6797
file	packages/dotcom-shared/src/mutators.ts	e7ed8c38b8db723e69998c9e49d0c4fa5c109f9b7165532a570a65d1b9c69e87	1790416430971.1804
file	packages/dotcom-shared/src/queries.test.ts	3a9916c606a2b01e825eae5ec55863c123ba42c37164f68232be9a1a0ad0025c	1790416430971.6777
file	packages/dotcom-shared/src/queries.ts	b5b763b556aa094cb40fd149eb25e71531f11e8725518db72ea1f707555aa38f	1790416430972.676
file	packages/dotcom-shared/src/roles.test.ts	c5f90b8a520fee9f6e78e9075d08201de3e9db84f68b50ae9be51b03b07cf637	1790416430973.1792
file	packages/dotcom-shared/src/roles.ts	7585d282d6b01e5c8f437ae71a0f8c54a147b2b2c25d1effa1759bbdbf90ee78	1790416430973.6785
file	packages/dotcom-shared/src/routes.ts	699983ad9bd91612c595ce797cc2c5d9fa3db5b6b0b1808d74bc845ea0dfba50	1790416430974.6777
file	packages/dotcom-shared/src/shapeClusters.test.ts	044ae192250683442e3e5b950013b7cc22406457da3b08dbcac7c04cb478f639	1790416430975.181
file	packages/dotcom-shared/src/shapeClusters.ts	8a080b741188d2e8c58c145c30c2b3daafa64d8cc1edcf16365f68f45db35a87	1790416430976.1768
file	packages/dotcom-shared/src/thumbnailScreenshot.ts	a1e4c41714519215cccd177dac6ed81f66e2a05e08a02b3e1bb8332774746e54	1790416430976.678
file	packages/dotcom-shared/src/tlaSchema.ts	a01935e7aa9f522fe28ba0872dac0e41fa376e3a7c8b62ff90d02bc134dd38c3	1790416430977.1787
file	packages/dotcom-shared/src/types.ts	2c1a00b2f89911dbe62b03b684d3447f6929cf5cdae45f1f69a541fe8abf273c	1790416430978.18
file	packages/dotcom-shared/tsconfig.json	9d165d5e20b03df3390c7770ef637bf35e73e1fa8c2c98f55783dc821c09ce71	1790416430978.6777
file	packages/dotcom-shared/vitest.config.ts	a26bc822bfdd4494f47378ef320c530e67cc21c187b796058ac1267d0db01456	1790416430979.1775
file	packages/driver/src/index.ts	c4b56186270c67cab3f817ff8faa65cd83967d8d3fc11da99cf0d4090a0758c4	1790416430983.1777
file	packages/driver/src/lib/Driver.ts	47c7a66f3de6cf226e19f752cab83f7aeeb0e6f798ff97a9f99a87e2d0fedb3d	1790416430984.177
file	packages/driver/tsconfig.json	618046f1e63da0a40e6103fa8cd97cc01d176ad456c7b606c89f882b125e5528	1790416430984.6777
file	packages/driver/vitest.config.ts	78b84374a106f0ecaaebe65252afc8ddadc3265b75cb35107027f0fa296d4b04	1790416430985.1777
file	packages/editor/modules.d.ts	b14c7f5377fc3599cad13070af053ad10a4a8e544a0e7b293c314fa764579aed	1790416430989.6775
file	packages/editor/src/index.ts	779a517fe59765dcd746920416f32b69d77c7ecedecd2bb8342b2c41cefa2d0a	1790416430992.1765
file	packages/editor/src/lib/TldrawEditor.tsx	72871ae3246b227cf4e93fab16d111348cfa2b290d0d2fa339b23173bc96eca5	1790416430993.179
file	packages/editor/src/lib/components/EditorPortal.tsx	4b82641b14931fe4181cfd60f612fd649f38ba9a9d0f637e55a0e7a49a7c0f71	1790416430994.1772
file	packages/editor/src/lib/components/ErrorBoundary.tsx	c72c7f83f2312c684c210d771cdee6df3abcbf16699d2f3d64ff75ea1451913a	1790416430994.679
file	packages/editor/src/lib/components/HTMLContainer.tsx	273fabbeb102fd54235905f41c50c3dd81f634320d7c41ff86e2bb1fea490469	1790416430995.1785
file	packages/editor/src/lib/components/LiveCollaborators.tsx	d889cbb3776d610f5c71806f71c9bca79eb677e788c09484226a1bfd48c393f5	1790416430996.179
file	packages/editor/src/lib/components/MenuClickCapture.tsx	b711c21fb9b6db0dfc4fbd161b79eb62f23f727dbf0521865623546b962ab03f	1790416430996.6792
file	packages/editor/src/lib/components/SVGContainer.tsx	4f79eba3918ca07de7fc440b3b5664750ffce9ffce64856352ca327f92bf1e7d	1790416430997.1787
file	packages/editor/src/lib/components/Shape.tsx	0b3bf980a2fad016a393dea272a32376ebb9397fb5c0bd81b86b7e4726344355	1790416430997.68
file	packages/editor/src/lib/components/default-components/CanvasOverlays.tsx	06ce28b1017bcbadd03f745b6832a64455a5ee26c2483d94db22120c2b8c0b7c	1790416430998.6792
file	packages/editor/src/lib/components/default-components/DefaultBackground.tsx	cc3ff77243d76d02f3de29fd9064a9afe0cf12cd83df10f5d8a15d3860822fa3	1790416430999.1785
file	packages/editor/src/lib/components/default-components/DefaultCanvas.tsx	c1458b904af41d1f3bfb10b612be7593c46ff1a0fe02f3a6b2cf8309b44b9a58	1790416430999.6775
file	packages/editor/src/lib/components/default-components/DefaultCursor.tsx	18d91c0a38f2185c751b63c549d482fe56d94d770f7155f219f5a937987ff6c0	1790416431000.6785
file	packages/editor/src/lib/components/default-components/DefaultErrorFallback.tsx	f683544bf794921a46522f4ac3fee62c9cd7e5bbc1958a066744fb678e90753c	1790416431001.18
file	packages/editor/src/lib/components/default-components/DefaultGrid.tsx	7b233d1f5dca079db8da3607241afc7cbb2da3c4f0be0c2405f011f4523c4a25	1790416431001.6797
file	packages/editor/src/lib/components/default-components/DefaultLoadingScreen.tsx	07b2755e24d62ef8a8cc1cb69429447022e7c2e38c8b12214024cd2f9fab6038	1790416431002.6775
file	packages/editor/src/lib/components/default-components/DefaultShapeErrorFallback.tsx	22e93cc2bdf77fc38e28ae0dbf568904df38c36790c19989fea59ae0d329cb5c	1790416431003.1775
file	packages/editor/src/lib/components/default-components/DefaultShapeWrapper.tsx	397140f35c08b0a5ea5dcb27d758bd51653ef6b5cd35a36c1002d9b6d1258b4f	1790416431003.6772
file	packages/editor/src/lib/components/default-components/DefaultSpinner.tsx	4c03a06ca177478619ca901b562b96ba6ba4e81748adf4ee56658ac7028c8fe2	1790416431004.1775
file	packages/editor/src/lib/components/default-components/DefaultSvgDefs.tsx	015e4fda7bd8c7e16fa5778db1ee845359596555530d549d8966bc6198c435d9	1790416431005.177
file	packages/editor/src/lib/config/TLEditorSnapshot.test.ts	2f8f6a7539872caafd83c3de4f5e405f8ade21bab8643ecf4b7300ca65776e89	1790416431006.1777
file	packages/editor/src/lib/config/TLEditorSnapshot.ts	5a82353ce1d1bdc1229790166769d0cef4c81ac9855e7122912c96c7a565e7a6	1790416431006.6775
file	packages/editor/src/lib/config/TLSessionStateSnapshot.ts	b0a7ab271a3affda3f949f132b6b777deb6ed2af823343ba7d900a09b35d41aa	1790416431007.6775
file	packages/editor/src/lib/config/TLUserPreferences.test.ts	365f3ce3570c986c91b884580d3d8e9d00fd46e1ccd28c919b8ddcddd2dcd508	1790416431008.1775
file	packages/editor/src/lib/config/TLUserPreferences.ts	69597351d98e59495ad0b915ffdf17e327c222986694a2b1263a53d1bbd886a4	1790416431008.678
file	packages/editor/src/lib/config/createTLCurrentUser.ts	3855ddfb6da2ffe161c0d8f03df40cb28bb3c60d029aa927f9f808b29109f063	1790416431009.1802
file	packages/editor/src/lib/config/createTLStore.ts	b9f988879696c0d12d3f57e90dd2eb49cf60ff4d99cac90ac68b252adfe0424b	1790416431010.1807
file	packages/editor/src/lib/config/defaultAssets.ts	dd1cce8cd357b479d135d868126031f312fcc8eccf4056f84faed9f1ff9f50ab	1790416431010.677
file	packages/editor/src/lib/config/defaultBindings.ts	331634755b108a0e34f7ff8e94b6a4d390289043d61f314a5df243c8e4b2f393	1790416431011.1792
file	packages/editor/src/lib/config/defaultShapes.ts	c1abfde575ee6fb24b6b36049746a638ddee26869c2a295443ed07ae6e6a681b	1790416431011.6794
file	packages/editor/src/lib/constants.ts	6afb92c39325845b1e0984410b14fd67cf1eb1d52cd5027169839cf041ed7fa1	1790416431012.178
file	packages/editor/src/lib/editor/Editor.test.ts	27dfe63817bfe0ebad84927b1eba29d3fe560ca26ce8ad20280f3b9f966ea2d7	1790416431013.6765
file	packages/editor/src/lib/editor/Editor.ts	d3fb966c3b85eaf7fde165d93f09a49977d033708abbc26e85f1c20dad9f084e	1790416431016.1758
file	packages/editor/src/lib/editor/assets/AssetUtil.ts	44d056385e55f0f28b7e8a4da1a55b1aada871d1cd16ae96aeb21015171db79e	1790416431017.1758
file	packages/editor/src/lib/editor/bindings/BindingUtil.ts	02497f3efb78ad1b3f59ca23f5ce7d4667ae1eff3bd794a3c574c081ad5eb0ce	1790416431018.1758
file	packages/editor/src/lib/editor/derivations/bindingsIndex.ts	7fec53a6e725f8922e1e513f405b8ac39529b35a404c6f1f96701a6a710eb1a9	1790416431019.1753
file	packages/editor/src/lib/editor/derivations/notVisibleShapes.ts	b5ac889d80ddff358db50c9ca8b165fd175f19f9e49029645f6060c82533f255	1790416431019.6753
file	packages/editor/src/lib/editor/derivations/parentsToChildren.ts	a6c2a5ac1ff775e1ca54caffd8a41065b3d73b56118e3ae27a5ac66aa1f97ffb	1790416431020.1753
file	packages/editor/src/lib/editor/derivations/shapeIdsInCurrentPage.ts	8c839ec013db3a9d4323666e74f1b6ab105ff412d2c45479cfcf4692929312f1	1790416431021.1753
file	packages/editor/src/lib/editor/managers/ClickManager/ClickManager.test.ts	580b1b0f1d8044bbdc326043b1ddf5dca4afe2f186e2b463b198ddf15871d190	1790416431022.1753
file	packages/editor/src/lib/editor/managers/ClickManager/ClickManager.ts	e51b7cc78b5a168040b2d14c4103bc533a31a49fbf495e9d6c991bb0ed01ec8d	1790416431023.179
file	packages/editor/src/lib/editor/managers/CollaboratorsManager/CollaboratorsManager.test.ts	26b165849d99422139426cf60f01722eea8cedf8ee2de7e8cc5018dad990d2b8	1790416431024.181
file	packages/editor/src/lib/editor/managers/CollaboratorsManager/CollaboratorsManager.ts	e7c314f331809751ac8063d433c5377839a70f08cefffafd864e56a6767ed90e	1790416431024.679
file	packages/editor/src/lib/editor/managers/EdgeScrollManager/EdgeScrollManager.test.ts	e49885b58175127be679b7349c9cf08bf7f5d6b2c68cdcd29d0b812ee0d19b5e	1790416431025.6765
file	packages/editor/src/lib/editor/managers/EdgeScrollManager/EdgeScrollManager.ts	a3bb10dc5ff473f4d8314850de36176952478279bafa5aa51c102b3794b4f848	1790416431026.177
file	packages/editor/src/lib/editor/managers/EditorManager.test.ts	8c95c299c4add758d2a00ee6a31e72a5188dca65ec85628125a6698add844fa7	1790416431026.6765
file	packages/editor/src/lib/editor/managers/EditorManager.ts	32a8918f86cf90b16282fa7b9c38a5ac7eb595c4eed79c95b9e47a0524ef48a2	1790416431027.6775
file	packages/editor/src/lib/editor/managers/FocusManager/FocusManager.test.ts	a2e8e88cc17c80f4f234c735dfb2aeaca015930753b193af5ac24604b61426cd	1790416431028.1787
file	packages/editor/src/lib/editor/managers/FocusManager/FocusManager.ts	85592ff3c48b817ac40f1bd743d4f3c722e9c1f7c8e80d0db6d2c44594e1bc64	1790416431029.1765
file	packages/editor/src/lib/editor/managers/FontManager/FontManager.test.ts	01aa0f71570eb45e57336747266ae48feb86d1cc391521b61714dab64c7e994e	1790416431030.1785
file	packages/editor/src/lib/editor/managers/FontManager/FontManager.ts	4b898c112ad8cba1cd10a0247c2efb67b905b4f1403000c2f0676d7067275cab	1790416431030.6787
file	packages/editor/src/lib/editor/managers/HistoryManager/HistoryManager.test.ts	34b63f34de2184f4dc57c98606605afd20daf9c9ecef909ff911149465c5d626	1790416431031.679
file	packages/editor/src/lib/editor/managers/HistoryManager/HistoryManager.ts	a9fa3f9abc371fddc190bc2edab71cbbce9e9489698d9def415d22eac7b5e448	1790416431032.1782
file	packages/editor/src/lib/editor/managers/InputsManager/InputsManager.test.ts	db4dee3b3f0620990121130d2b9ffbec9aa60765826c29f73fe3c503d24056ed	1790416431033.1782
file	packages/editor/src/lib/editor/managers/InputsManager/InputsManager.ts	2464657bcb1393046696947cc3c59fa84e02885963d0ee457cf9e01e74672487	1790416431034.1785
file	packages/editor/src/lib/editor/managers/PerformanceManager/PerformanceApiAdapter.ts	5c2072aba3591f2a1b2b9e5d113327dc073785d78412d2432e5eb4383526185e	1790416431035.1772
file	packages/editor/src/lib/editor/managers/PerformanceManager/PerformanceManager.test.ts	94f92d040279e5eebc40728785ec344a3ac2f93d9e15f8968c76c6a6d7a1e116	1790416431035.6792
file	packages/editor/src/lib/editor/managers/PerformanceManager/PerformanceManager.ts	e9b49fd2bd544d474ea017d16de903dfdff017e5df5fcf37786c8ffa80419da1	1790416431036.6787
file	packages/editor/src/lib/editor/managers/PerformanceManager/perf-types.ts	2a7ef185b9c614e4c9352b6bee41843ca3e1189cbf5d14abe8f65355ab577416	1790416431037.6772
file	packages/editor/src/lib/editor/managers/ScribbleManager/ScribbleManager.ts	6e5f496e505525609ef355d32eec60da9b31770d47a18732aefbc1302034a2ee	1790416431038.677
file	packages/editor/src/lib/editor/managers/SnapManager/BoundsSnaps.ts	84b5ab1ed8b7e2afaf8a4d9f23e6e39251fa3de14bdda08a2367d6e31de77deb	1790416431039.678
file	packages/editor/src/lib/editor/managers/SnapManager/HandleSnaps.ts	caaf74e0e5380d7877b130cc354c31e5331b5db0f70b29c8b0b6f7e6177f0559	1790416431040.6765
file	packages/editor/src/lib/editor/managers/SnapManager/SnapManager.test.ts	b1447e577ec1eb85d6abdafd37760943afc8d3a93de92cca6df5a708039fb889	1790416431041.1792
file	packages/editor/src/lib/editor/managers/SnapManager/SnapManager.ts	7e12b0be4f3b00c3725af0610897ddc4331ad5642e932eede32b879ca850df3c	1790416431041.6794
file	packages/editor/src/lib/editor/managers/SpatialIndexManager/RBushIndex.ts	568111a96e6ac14e45b20d470ba5ea7d1e5f9dca993405d92e5b0c529b0c7911	1790416431042.6807
file	packages/editor/src/lib/editor/managers/SpatialIndexManager/SpatialIndexManager.ts	b288a95d0cb2057092962e0367bf9014ea5dbbc7db0e50079fac04972e6913dc	1790416431043.179
file	packages/editor/src/lib/editor/managers/TextManager/TextManager.test.ts	bc166881bbafd0907fe05b25f7924efed7b2b4eb01bb0e7ac879e9f4aa4575a9	1790416431044.1792
file	packages/editor/src/lib/editor/managers/TextManager/TextManager.ts	23959c80c23175b5dcdd56a26cfb3c9b8b4f60b32c720072335391e80010f574	1790416431044.6792
file	packages/editor/src/lib/editor/managers/ThemeManager/ThemeManager.ts	30e0d19f1b61f75e610a144f4526e86914db000ed3b50bc7adf2a716e706c9c9	1790416431045.6768
file	packages/editor/src/lib/editor/managers/ThemeManager/defaultThemes.ts	9e451cb80f4edca84259f42270ee425377c039cb3a5164f811074b76d98eccbd	1790416431046.1768
file	packages/editor/src/lib/editor/managers/TickManager/TickManager.test.ts	ede4d3c2c9561fd3379568909ea3e6c73a3cbe6a4f7ebbaf2f5232b80e5974e5	1790416431047.1787
file	packages/editor/src/lib/editor/managers/TickManager/TickManager.ts	2e7053de11f4f078c41b4599d003cb6ebbc8c2ebbf7739dfe9ef5ecb68ab2646	1790416431048.1792
file	packages/editor/src/lib/editor/managers/UserPreferencesManager/UserPreferencesManager.test.ts	ae4bcfb3ebc4dfcb3909dcc91483516a2fc265424fdf5a8848ca894cc667914c	1790416431048.6792
file	packages/editor/src/lib/editor/managers/UserPreferencesManager/UserPreferencesManager.ts	ed934e0c3da9ea15fa17c8b57bca8a7b305a6732efeba56254a21e552d32f3c4	1790416431049.678
file	packages/editor/src/lib/editor/overlays/OverlayManager.ts	6e488c65bbe0262e2da4d6973e26445f77d6a06d7b4be00265ff0d3c3d8b3d2a	1790416431050.1777
file	packages/editor/src/lib/editor/overlays/OverlayUtil.ts	24f50b88504c29c64a847f0408ad02bbd1524b15b406442379e0798b315bf512	1790416431050.677
file	packages/editor/src/lib/editor/overlays/getOverlayDisplayValues.ts	e6c5ac8885f359fac40c8283db79de910d2cb995ae739e8aead1148db5f079a0	1790416431051.1765
file	packages/editor/src/lib/editor/overlays/strokeShapeIndicators.ts	e4d1e8bc1aa1e1cfd666670ddedb787e3a4dc07dfbc600dedb2cef0a4f04d0a2	1790416431052.1763
file	packages/editor/src/lib/editor/shapes/BaseBoxShapeUtil.tsx	e566abd887bbe75aaff0b3961923eb2850d36db0cf6c4d08844e8ef11871138f	1790416431052.6775
file	packages/editor/src/lib/editor/shapes/BaseFrameLikeShapeUtil.tsx	0a4dd26f9eaac9f7f5042eda0215fd3072e5b372b214a3276bcb753d0fe862a8	1790416431053.6768
file	packages/editor/src/lib/editor/shapes/ShapeUtil.ts	a040abf4dbd2230a391db836ef7f25bebc44eb4502081e24833095087c92c810	1790416431054.678
file	packages/editor/src/lib/editor/shapes/group/DashedOutlineBox.tsx	9cdd037fbf1319ba8923ea43da37f97af0311cf0819f3fdf8a12b3b647ee0e0f	1790416431055.678
file	packages/editor/src/lib/editor/shapes/group/GroupShapeUtil.tsx	30353ad459eae7ed6cd15aeb8c613d1e2524eb23e769caea2ddc66bcb46ab272	1790416431056.178
file	packages/editor/src/lib/editor/shapes/shared/getPerfectDashProps.ts	a23bdbe06bf8f11d7ffc8069d2144732d395fba860238f6cb43ec9a6dfb5075f	1790416431057.177
file	packages/editor/src/lib/editor/shapes/shared/resizeBox.ts	737ae58a1d8d9b497933d58ed8494421975b826b30c01b8ead9df2897d83afa4	1790416431057.6758
file	packages/editor/src/lib/editor/shapes/shared/resizeScaled.ts	fefc8b1662801ce72e570c03e80bbd03bba69e9b74e5597f9621d7cbaede3d19	1790416431058.178
file	packages/editor/src/lib/editor/tools/BaseBoxShapeTool/BaseBoxShapeTool.ts	3e592222e55d27d1b2569114bc67a9e9eb93b8fa2104e371bee88c40de7aea1d	1790416431059.1775
file	packages/editor/src/lib/editor/tools/BaseBoxShapeTool/children/Idle.ts	6aff7597a625a814bb244a81fc96676dd08d79db612b2614f4c137cd54fa8bc4	1790416431060.178
file	packages/editor/src/lib/editor/tools/BaseBoxShapeTool/children/Pointing.ts	8a786e0bc7259aa43507e443889f9d0a376270dcb36ee7aa7470a12821094d73	1790416431061.181
file	packages/editor/src/lib/editor/tools/RootState.ts	9b4d0d367f03fc22d68226b425568db9d7aa0ea4c9ea0183b94accc8da7ad37c	1790416431061.6797
file	packages/editor/src/lib/editor/tools/StateNode.test.ts	22229dfa30757946f73d3c79ef9dca35e04958c491b841ffd4ebcb4c99c747d5	1790416431062.1787
file	packages/editor/src/lib/editor/tools/StateNode.ts	2128bbd810e2568d18218273dcbbcdccf53b05b6fa26271c2226fefe0cd02e73	1790416431063.178
file	packages/editor/src/lib/editor/types/SvgExportContext.tsx	3feaa1ff2309c66f4178280240b105e37c9dff3baac8b28a094cab400d99b71e	1790416431064.1782
file	packages/editor/src/lib/editor/types/clipboard-types.ts	359bd0127cb0e15374aa83b0128bd072cb5ac2aae5b5d4e35860618830a1079d	1790416431064.6792
file	packages/editor/src/lib/editor/types/emit-types.ts	a5d0fc7353f0f0b04efc2a54a805fb2b507383d7f4b732058576d80f35ddd2b9	1790416431065.179
file	packages/editor/src/lib/editor/types/event-types.ts	855901d31342d57717969ac9f35db6ad47a340b0e5db805b39e5cf2f8f38422c	1790416431066.1802
file	packages/editor/src/lib/editor/types/external-content.ts	836b485b5227239d11dfba88a81c0b8ed6cc8a7c33a798879fdbbc117eefc81c	1790416431066.6785
file	packages/editor/src/lib/editor/types/history-types.ts	f658c7599676d0a1714432d7e3dafea20ffec161d1e12971dca287168f0e2e76	1790416431067.6782
file	packages/editor/src/lib/editor/types/misc-types.ts	0a75a58b69555ce457df8677967df75f44e28a760f98c1570417b0cb6949127e	1790416431068.178
file	packages/editor/src/lib/editor/types/selection-types.ts	82e74bb35216477e3dc9fa873fdb08aee00bd409cb589935ed25f0d249cf3b08	1790416431068.6782
file	packages/editor/src/lib/exports/ExportDelay.tsx	e5687996bcedffa93284c50a1b75302ccec73da35d0db415411a3fbbc6343079	1790416431069.6777
file	packages/editor/src/lib/exports/FontEmbedder.ts	e6614b3a8fc1b945ce5362e5d3bb5da585804aec2f028b55075e2942865e7209	1790416431070.178
file	packages/editor/src/lib/exports/StyleEmbedder.ts	876dafd77741fd8c88515ef17c46397dec3d5389e39cc7542676db93d26d8dd9	1790416431071.1782
file	packages/editor/src/lib/exports/cssRules.ts	a98926f60fb5f7c0ef0b3eae431fdb17e03a7dade6a579212e242cc57d2d429f	1790416431072.1807
file	packages/editor/src/lib/exports/domUtils.ts	c3c61960b8e769f4c22e4d63b34624e445c450744b6bc53c7d0c588db2ab7139	1790416431072.6802
file	packages/editor/src/lib/exports/embedMedia.ts	e9b58794b71a6ff18e1b31081b5af283ea05792f37e9a44b91fe7b484b1f4d44	1790416431073.6787
file	packages/editor/src/lib/exports/exportToSvg.tsx	30dc426104e9baeb753034bb971e9870231fc439f7e1cb30c3bd380431367e98	1790416431074.1792
file	packages/editor/src/lib/exports/fetchCache.ts	464ed6eaedc6d15ddc49a2d70ff88b0b75709d18ca3176c1a07d396d01abfdc0	1790416431075.1792
file	packages/editor/src/lib/exports/getSvgAsImage.ts	4d39efc4a2a5d75207ff4351afd886eb43db005776b1dc3a3d7dd1ef4984e4ed	1790416431075.6794
file	packages/editor/src/lib/exports/getSvgJsx.test.ts	6b22b8fce5e2569900e08ecdb1ef2854716ab23bf5f54f415ff146d3a0b90cd4	1790416431076.1797
file	packages/editor/src/lib/exports/getSvgJsx.tsx	c4de5705dc718717e4c1116f423d58c9c923dd09013d0ae1cb0e0aece4382959	1790416431076.679
file	packages/editor/src/lib/exports/parseCss.test.ts	9934ce89d5c425a5d183c7f55418430c5be0e510cfe1e56246d6dc24151982a2	1790416431077.6797
file	packages/editor/src/lib/exports/parseCss.ts	47b39ee0703742daeff976d6f71d8ea8b461cc37efcca815cb0e5db1abbd75b4	1790416431078.6797
file	packages/editor/src/lib/globals/editors.test.ts	58261335e1a374e2146264c56f8b3a0c276613cf9b1508b8c2ee58abc5b954d3	1790416431079.679
file	packages/editor/src/lib/globals/editors.ts	e9715af4b64c406496c4c192d9a80f8c881cc839f2217c146eb255523beb99e9	1790416431080.1797
file	packages/editor/src/lib/globals/environment.ts	19df16583f7f3783516bf0ff9bdfd164f3eb0d6055dcec5fda961284fc3728ce	1790416431080.6792
file	packages/editor/src/lib/globals/menus.test.ts	9ae923a4aa951c8b121e9806c781a420646ba74887c9551e10555fb8b8984de9	1790416431081.678
file	packages/editor/src/lib/globals/menus.ts	f53c76225d158cc2b6433ca9b207cc523ac3a67fdde9777052268836b8603e35	1790416431082.1785
file	packages/editor/src/lib/globals/time.ts	9720241d121180b21108ed7c7391ac046bccf1567574395bab9ad56255201508	1790416431082.1785
file	packages/editor/src/lib/hooks/EditorComponentsContext.tsx	70c415dd6a4b231c2f3e49b2402e12819cfe52f0f49bcc92d5e715bff0dce185	1790416431083.178
file	packages/editor/src/lib/hooks/useCanvasEvents.ts	fdda07573db82b710c5b5eb37ebee4005788ddb28c91e89d8dadebf9af27691a	1790416431083.6768
file	packages/editor/src/lib/hooks/useCoarsePointer.ts	555ea3bd6963b5b6d5c517c6ba37738ebfda70802d7f1c546beb32cd312dc9b6	1790416431084.6792
file	packages/editor/src/lib/hooks/useColorMode.ts	2257113e18992e47d4058464e80d443745f743a5163ed91c0d1e424589538167	1790416431085.1787
file	packages/editor/src/lib/hooks/useContainer.tsx	0064b5ecbd2d9069acd4126a6d314893dde916bc80205e15f917e8e7a3e39b5c	1790416431085.678
file	packages/editor/src/lib/hooks/useCursor.ts	24f7d78c83698de02a402a845af2695e37da56832fbcef57a1c710945d455310	1790416431086.178
file	packages/editor/src/lib/hooks/useDarkMode.ts	bd75cb193b25d9975c4267e24777971f93dba2bf7672696748b78f0d077cfd2d	1790416431086.6775
file	packages/editor/src/lib/hooks/useDocumentEvents.ts	2cb5242b17663bbf511bb7ef4fb8e7568e8bd3c6528c849168f20a247ecf3660	1790416431087.678
file	packages/editor/src/lib/hooks/useEditor.tsx	0e14739c3b7fa7a2e927858083b9964e836d8e6f3c899f41db71d3df2165eba4	1790416431088.178
file	packages/editor/src/lib/hooks/useEditorComponents.tsx	5a3a5eb584533e5f27cc8c7d2af4eaefed264fd28eb59602a446af0b5e8d36e2	1790416431088.678
file	packages/editor/src/lib/hooks/useEvent.tsx	e38219efa372aacfd6f8b5803fae14f2b82b0c9c8b525714c6b7e1a6172c2629	1790416431089.1768
file	packages/editor/src/lib/hooks/useFixSafariDoubleTapZoomPencilEvents.ts	bf431f3ffbfad2af10b652854cf8c847fb7f49174606075fb1e36d2871b41285	1790416431089.68
file	packages/editor/src/lib/hooks/useForceUpdate.ts	e5041797c46412444d42b260015a7a9ee9cc14e1c59b8ed6de273bb2c430f090	1790416431090.6802
file	packages/editor/src/lib/hooks/useGestureEvents.ts	4469fece956c555d134a2775f872a714e7607163b4fa7f8227a642851a6e8062	1790416431091.1782
file	packages/editor/src/lib/hooks/useGlobalMenuIsOpen.ts	8534b6ed516986de894b9e2d6bb2dce14c84e1f78267e22c087c34aaa0bab53e	1790416431091.6782
file	packages/editor/src/lib/hooks/useIdentity.tsx	696fd5ee7bf0b843ba0eac2c99728c3af7a56d8b0e7a1dd5e2bc8d4587ebabcf	1790416431092.1787
file	packages/editor/src/lib/hooks/useIsCropping.ts	3b0a54873cef990f15978994c39ae0d52eda18a77bb0142ad304f5d45167fd53	1790416431093.1794
file	packages/editor/src/lib/hooks/useIsEditing.ts	4fcc845cded18bdd277a7afaa5483de3d65511ac372bf31ad488a84ebda78bbb	1790416431093.6772
file	packages/editor/src/lib/hooks/useLocalStore.ts	19c8444dda410c1769b247a8ac577fbab0b9692cd8654be71f211a655e74bb85	1790416431094.1797
file	packages/editor/src/lib/hooks/usePassThroughWheelEvents.ts	66e9661bf9179483560664b625eb8b989527e1ee8d9ec67e81c779d427154c9e	1790416431094.678
file	packages/editor/src/lib/hooks/usePeerIds.ts	f535e11e5defd0fc4ea0095b2afe945e31a1be24a56f0ad4d55abf0cf25d52e8	1790416431095.6768
file	packages/editor/src/lib/hooks/usePresence.ts	9cde0f8816767ee937efd0e679ce4569f82db31e48ac78e40368bb6000447811	1790416431096.1777
file	packages/editor/src/lib/hooks/useRefState.ts	0defaf10bbdf0355419f3bade413899c6ebd59af309a070c956a1532328e9e7e	1790416431096.6785
file	packages/editor/src/lib/hooks/useSafeId.tsx	ff5f90e4c74bd4e3d09d6918c3b3cff7606a26d39c651e22f3399ca0c4eae7fd	1790416431097.1782
file	packages/editor/src/lib/hooks/useScreenBounds.ts	743d0c39da084d7fca7dffcd05d22e955237dc3592cf977c7f6e76059f4e4462	1790416431098.179
file	packages/editor/src/lib/hooks/useShapeCulling.tsx	a486651d3037c7350c5b22d1234ce8ba482ce7712363d738f2afaeca63edb483	1790416431098.6772
file	packages/editor/src/lib/hooks/useStateAttribute.ts	5e6f9a1973b551666024a646289936c35e3303f634bba5516fef667b40380305	1790416431098.6772
file	packages/editor/src/lib/hooks/useTLStore.ts	5694438c180bc928ce645491c992a61593fe96ad2f01cb825448f9d11faf362d	1790416431099.6814
file	packages/editor/src/lib/hooks/useTransform.ts	b8d4e0edf751fedba6a9c5cc6b8733ccf4c1a5e0185b52d69ff70f65398eed81	1790416431100.1826
file	packages/editor/src/lib/hooks/useViewportHeight.ts	604f6dfb90c5ee9c3754eab19d04a98025fd02e5b1522762a83c316d4e8b73d3	1790416431100.6785
file	packages/editor/src/lib/hooks/useZoomCss.ts	cfcc02c1eea64b97f703d9edf1853a6e6205ca59ae0511ad421b95eb2dec511a	1790416431101.1772
file	packages/editor/src/lib/license/LicenseManager.test.ts	6eb11f019dcc5886d10df07d5af0c4aafd76f0dc9bfffdf51f9e245d2297b494	1790416431102.6775
file	packages/editor/src/lib/license/LicenseManager.ts	f3e6cd81067c000fbdbc227fc52f6c539da3b36cfc444ed6b8175dd97bac1e28	1790416431103.1777
file	packages/editor/src/lib/license/LicenseProvider.tsx	fff0dc57814ba397087b350b38cfbd5cb6592c595bfbb8e6c521617cd31da3c0	1790416431104.1777
file	packages/editor/src/lib/license/Watermark.test.tsx	3024e5d1dc5ac763efa3fbdce194754b0ddcc6724058633d9c5904334180d7f9	1790416431104.6765
file	packages/editor/src/lib/license/Watermark.tsx	b546bef379da479ad3cceb8533d61a3b27a074d575f9859bc1cdcb90a3931af5	1790416431105.1775
file	packages/editor/src/lib/license/useLicenseManagerState.ts	8b6ad233acf1b3d9ed854bd896ff70af08eab691294832c26fcb2a2723b26d2b	1790416431105.6782
file	packages/editor/src/lib/options.ts	a0a788b94f5e0a45578f2fd39d7f1bce2cc575406f2958fc16b3f8d783de5a98	1790416431106.677
file	packages/editor/src/lib/primitives/Box.test.ts	ce7b0fb1c4ad28edb320cc21c8a914ac75e04a034350ca017256dc9210d03000	1790416431107.6787
file	packages/editor/src/lib/primitives/Box.ts	d7c555e10e583ab68700109f5e2933685c3e1241570c0315607554cf2730db7a	1790416431108.1777
file	packages/editor/src/lib/primitives/Mat.test.ts	ca54e82869b250643678e2826da555f47db29b40fcab4a8b3a7d7fc55fd76c86	1790416431109.1782
file	packages/editor/src/lib/primitives/Mat.ts	342016b0e1f02651bb57354796772a413fc5276428d0404d1fca5b736e5808f4	1790416431110.1812
file	packages/editor/src/lib/primitives/Vec.test.ts	8418ba76fc5f6b915a3017adbcdd1dcff288c3fb510d7c1e0bd1f69ed9e13003	1790416431110.6807
file	packages/editor/src/lib/primitives/Vec.ts	31e6f304ecd9314d5946ab9d03a1f732c02af5deb75e0c4a49971785718f5782	1790416431111.1829
file	packages/editor/src/lib/primitives/easings.ts	ebc2f16e53d78e0045a723d42d44d19c58d7eaaacc1d0906d3a598ff0266c9a3	1790416431111.6794
file	packages/editor/src/lib/primitives/geometry/Arc2d.test.ts	c270b962a312c755d485b7dbcfcfa7fc38d4cefc9d919cf658ac20847f3dfc59	1790416431112.677
file	packages/editor/src/lib/primitives/geometry/Arc2d.ts	595e4ecd47d674e5c665d0fbb69c0c1a51d21421c27f36fc43d3edf595ba2e2e	1790416431113.6775
file	packages/editor/src/lib/primitives/geometry/Circle2d.test.ts	daaf999e907774c25bcef00b339d2c6053fffaaf481c514798606ff2294ed58b	1790416431114.1772
file	packages/editor/src/lib/primitives/geometry/Circle2d.ts	5f05e637e526ef414093834478ea00fe93acdead4949c91d8f52aa8b1ce9b3ae	1790416431115.1785
file	packages/editor/src/lib/primitives/geometry/CubicBezier2d.test.ts	bcfebdca3afda59e36715caa1fc3c3c508daa30be31fc4e294f50e2d164db922	1790416431115.6787
file	packages/editor/src/lib/primitives/geometry/CubicBezier2d.ts	58a1a7428240afc338e2dd066e2d64aeecc1d7cf88f5e0bd0882c84494deb1b2	1790416431116.6772
file	packages/editor/src/lib/primitives/geometry/CubicSpline2d.test.ts	73cf85f9721ad08a9fa639ac57964e4052ff27f8612f3c4b2dbe80fead14245a	1790416431117.1807
file	packages/editor/src/lib/primitives/geometry/CubicSpline2d.ts	fb5a4c8ea731ab77756e1227e4677fb8cdcbc686e224081ee03fe2210d95595a	1790416431118.1797
file	packages/editor/src/lib/primitives/geometry/Edge2d.test.ts	ee28339eaf7f59a8d1efa4da65e9472365cdfbb8412aa0df4fe74387477c34fb	1790416431118.6797
file	packages/editor/src/lib/primitives/geometry/Edge2d.ts	9b1064657afbbca40946e68636799561af12ad621697f8a7c40bab69c17b6269	1790416431119.6807
file	packages/editor/src/lib/primitives/geometry/Ellipse2d.test.ts	a3929b82d48affcdc02bfd0bcaa3d06fe87cac661410bff37f0565a1b0df2e0c	1790416431120.1775
file	packages/editor/src/lib/primitives/geometry/Ellipse2d.ts	31bd14612883b18ae183ed9c9b4724f4721fccb62ff70b69da00340dab17c5e7	1790416431121.1794
file	packages/editor/src/lib/primitives/geometry/Geometry2d.test.ts	26ff8b079f0577a4389772988cc70b84a2a8452392a25b33557ea80b83a1a4e2	1790416431122.1792
file	packages/editor/src/lib/primitives/geometry/Geometry2d.ts	4a35c3b27b1ad23634dc13ef2eebe303d75ab4ea1085b5fe1f0641d78a9e9f9a	1790416431122.6785
file	packages/editor/src/lib/primitives/geometry/Group2d.test.ts	2b50647eb77e2f732c6b4941e4cffa7fc7c740eb0251de58044b416610b9ce07	1790416431123.1797
file	packages/editor/src/lib/primitives/geometry/Group2d.ts	206c432874ae4d989679abab1d4117a143cf0f3cbb94187262269668e72ffd5e	1790416431124.1792
file	packages/editor/src/lib/primitives/geometry/Point2d.test.ts	1a78cce445206623b8ca1854fc9966cc0f8ed14b63a668710d7598f73c221134	1790416431124.6814
file	packages/editor/src/lib/primitives/geometry/Point2d.ts	5d628b583c1ba4eb208d3755b7ab6b51f5c5ae430c42905fbf563a324c4f6594	1790416431125.7012
file	packages/editor/src/lib/primitives/geometry/Polygon2d.test.ts	7a7998584f3d42e8bd351d90abb6bdc36e9c075950299ead29beafbb90452abc	1790416431126.1814
file	packages/editor/src/lib/primitives/geometry/Polygon2d.ts	7b9103fc923e889c67a42973211e190b4577965ec9f320bdb6687b1b6f072eb5	1790416431127.1782
file	packages/editor/src/lib/primitives/geometry/Polyline2d.test.ts	0720d416fd06f7932a5fbd4c456dcb0e688395913b786ca5efed9871f076d312	1790416431127.6792
file	packages/editor/src/lib/primitives/geometry/Polyline2d.ts	a1a71ae0b898e444c901c735623bb62f2bf8977dc4ca7fd0cf83f4b772e32637	1790416431128.6792
file	packages/editor/src/lib/primitives/geometry/Rectangle2d.test.ts	8fd47f9bcd72498aae56d20a86fd144d428e8107f2b7d068880aff77eed668e7	1790416431129.1787
file	packages/editor/src/lib/primitives/geometry/Rectangle2d.ts	238aa5ac37f43d673b91da61a2d40194f065136af7c998e08dbbdac10b83e220	1790416431129.6785
file	packages/editor/src/lib/primitives/geometry/Stadium2d.test.ts	8c56b8d6eb954d62f69bc75336c0b9ab6b0eac45d9316259bf89a9a1e1181cd1	1790416431130.1804
file	packages/editor/src/lib/primitives/geometry/Stadium2d.ts	00fec75a64ea24a1ba1f1ef6d5e138faeb7be694a9feea696af8b6566497b738	1790416431130.6782
file	packages/editor/src/lib/primitives/geometry/geometry-constants.ts	1ebc8b5ab74e01e312a28c2f6d582bbd807748034b6e62f4d850cc8fb4efb7d3	1790416431131.1782
file	packages/editor/src/lib/primitives/geometry/geometry.bench.ts	5a07c09bb4d600f1b4bd3e946d9afcbe5c3b4e0b6e5c44ac4be5dd864e35788c	1790416431131.679
file	packages/editor/src/lib/primitives/intersect.test.ts	9efaf3742fed68e9d2218d21fb4bfc894ad0f480cebd7ad20be9822c24aea7c3	1790416431132.677
file	packages/editor/src/lib/primitives/intersect.ts	da0b2b309e42755d2652fe328bf3aa69871361de4a0d207be0c4cf6487ee9ba0	1790416431133.6777
file	packages/editor/src/lib/primitives/utils.test.ts	b0f8142c9c21eee514507faf82064cd5a6cc1b818b5b9fa83da125adf5b8548f	1790416431134.1777
file	packages/editor/src/lib/primitives/utils.ts	5b2dcb4edcfaec1d5ac5be39da3c7ea66f25bbf71bc64b40c32e1c9f5ffb7895	1790416431134.677
file	packages/editor/src/lib/test/ContentElementSlot.test.tsx	59a9bbb679a77f50ff8a3c4f53b71b1bc6222ade9251136185810854bbac39ea	1790416431135.6816
file	packages/editor/src/lib/test/EditorPortal.test.tsx	90d37de9b47afb618ef3bc364f6eb3bff8f86423ef3116f5fae1292781f44439	1790416431136.678
file	packages/editor/src/lib/test/InFrontOfTheCanvas.test.tsx	d02ee9f291aac8176e86df29e140705d66562b1b8687f5477f627cc93f4f7ba1	1790416431137.1772
file	packages/editor/src/lib/test/TestEditor.ts	a62c860d267a60658c5369a22414f848ae0a9fd9dd221b0e495621bad65f810c	1790416431137.677
file	packages/editor/src/lib/test/useCanvasEvents.test.tsx	20af323ba6f0137a3d8521a1570b56f555b4c2bc96d3852338bcb50cf7cf9c7a	1790416431138.178
file	packages/editor/src/lib/test/useDocumentEvents.test.tsx	0445a70cdb9df65756ad2fae7dffdeccf775953948feeb64f3d777f42475cc70	1790416431139.1768
file	packages/editor/src/lib/test/usePassThroughWheelEvents.test.tsx	c7fef42db8adecd0600255139d6b1705c83f9980f7c1ae20cb1f5dd342151c1a	1790416431139.678
file	packages/editor/src/lib/test/user.test.ts	8b53debae6ec6ce47c32808d30d609bc3acb7c23545ecde194f76dc687eef571	1790416431140.6797
file	packages/editor/src/lib/utils/EditorAtom.ts	9f6078ba36ef91c179f7220eff3036b6bdeffb1247c5457ae1a314e1a10d6270	1790416431141.6787
file	packages/editor/src/lib/utils/SharedStylesMap.ts	d736903424821a9d6058e4080e3e1fd6c3e66081372ec8bdd6658432899f3617	1790416431142.6797
file	packages/editor/src/lib/utils/areShapesContentEqual.ts	5f12688f1d444fed3ba4c62a8b0861f03aeb9ee487077946ddb316247ec59254	1790416431143.179
file	packages/editor/src/lib/utils/assets.ts	d04fe2eae4489bc79ef1e404a192130f25d65a77d8632ea2c50e6f362b55d54a	1790416431144.1787
file	packages/editor/src/lib/utils/browserCanvasMaxSize.ts	196232bd4d97473a9f18cdd35f55b6f5539ff4c15b5b138457a49f434ce1a40f	1790416431145.1797
file	packages/editor/src/lib/utils/collaborators.test.ts	656842faadb398ed01d76188a5368184d5afdd674a3cc54060f71b42cdb225b3	1790416431145.6785
file	packages/editor/src/lib/utils/collaborators.ts	72bfb8c42ed6b7f540cc1422f490dfbb0faa1d80f87cd86f31a4cfcc553ae504	1790416431146.6785
file	packages/editor/src/lib/utils/debug-flags.ts	876b40216d0bc8412622d3a0a6c8cb70b0b4741387f2eba165c291c56374e36d	1790416431147.1787
file	packages/editor/src/lib/utils/deepLinks.test.ts	01e9f7c965c9a5b71d74766c4ad76e3aa7cd8fbfa193781dc28c8532cf579f28	1790416431147.6797
file	packages/editor/src/lib/utils/deepLinks.ts	ac72e732f79ba235ad061acda79b1583c7aa39699b6fd57d9f73c95c909dae24	1790416431148.6792
file	packages/editor/src/lib/utils/dom.test.ts	c5cdbb527d00ec1e5eae1f6871548199aaaa4523ac55edada15a41e010747e5b	1790416431149.1772
file	packages/editor/src/lib/utils/dom.ts	dcfaa7ebcb215b74e610afa9b7b83f31d9a2a71c7ffc5c815fba85cdd87c260d	1790416431150.178
file	packages/editor/src/lib/utils/getHtmlLayerTransform.ts	1a36a159b36933a00a1c991d4ebc5bd9ae15180053b8a6842509f9f2ebee6680	1790416431150.678
file	packages/editor/src/lib/utils/getIncrementedName.ts	49f1c9e776b5402c68722d0a9964cb2ae80d9283007aa1f8df80447d197221fd	1790416431151.6787
file	packages/editor/src/lib/utils/getPointerInfo.ts	9a432e0c01579e2378b01e111dae96d3dac82cb7847214437dc52e2ef26d9715	1790416431152.179
file	packages/editor/src/lib/utils/getSvgPathFromPoints.ts	b153c778ba7830fa19d1179d8232380bf75619be4a9613e95c62d14cf30865a3	1790416431152.6785
file	packages/editor/src/lib/utils/keyboard.ts	63508930788f8521b99c7a392f5caecde043cc628dbb4b0b55b6bbd1b1fffb48	1790416431153.178
file	packages/editor/src/lib/utils/licensing.ts	1a431ee55be14e95bc87267221ea76f47392837ddd2edfcbdf6533f44d604433	1790416431154.1833
file	packages/editor/src/lib/utils/normalizeWheel.test.ts	59bc4cdc288e28d3ddf76f534720ede5fc41380452208cc0c94ee5f2599ce01f	1790416431154.6787
file	packages/editor/src/lib/utils/normalizeWheel.ts	aa571d99e905c4ee5643e9b91734620de182c92fd81f678637a54b59f8524a93	1790416431155.6814
file	packages/editor/src/lib/utils/pointer.test.ts	c0921d96bc4d3efaa7e311d2f520eebda03c2bcaffd84da8602e280a7f569c02	1790416431156.1794
file	packages/editor/src/lib/utils/pointer.ts	4666e162b887a0cd67ebf5a5ead94e04f41ad33a6fe7aae4ebb212fcef32ad47	1790416431157.179
file	packages/editor/src/lib/utils/reorderShapes.ts	e96f4637b9b8a71eef21cbe25b8a7cdb4d14229c3b2129b67a81e49aa3cad1a2	1790416431157.6787
file	packages/editor/src/lib/utils/reparenting.ts	5bee21c56472a207c67efb8e4ded8b829adb28c5a63627b9ebbb81dd3b5db8c1	1790416431158.678
file	packages/editor/src/lib/utils/richText.ts	12b3701f83b3e5ff627ef1834287bd5ef214dd5468d31243bad0bd16a2e2f53a	1790416431159.1794
file	packages/editor/src/lib/utils/rotation.ts	45c8ffe2216853cebf3d23531a6b326aef16abe7d8d842093b206f823b51d7f0	1790416431159.678
file	packages/editor/src/lib/utils/runtime.ts	a9f3dd2c0e05757bc0ef97909a34b77c129319a6163c8e0df578dc79dcd827f3	1790416431160.177
file	packages/editor/src/lib/utils/sync/LocalIndexedDb.test.ts	24e17f60aa5eaf25adc20e2bfe31e949e6c8f5ffd739ae46815b0d936fd8e4cd	1790416431161.1775
file	packages/editor/src/lib/utils/sync/LocalIndexedDb.ts	e9da5c5bd211bc054ddfaa07073972960b5e090d6cb3e93c14f9800bd5b52ec2	1790416431162.182
file	packages/editor/src/lib/utils/sync/StoreWithStatus.ts	17181f9d8ef7cd67d63ba6d8c11e60c23abf3f2072b11265c550bcebdc944915	1790416431162.6785
file	packages/editor/src/lib/utils/sync/TLLocalSyncClient.test.ts	34b41362dd75105e93848458fe8791e28fea8a65ebb645b9be22216965bcf180	1790416431163.6792
file	packages/editor/src/lib/utils/sync/TLLocalSyncClient.ts	bc5543374a5968ef9b4987725045e65ec9b4eaebed2d42045178622644214d70	1790416431164.1782
file	packages/editor/src/lib/utils/sync/alerts.ts	c1a770ab05e585f43cfc1d21acebbe0995e73ef6850387f6371ef2dffe7260d4	1790416431164.6777
file	packages/editor/src/lib/utils/sync/hardReset.ts	4dea5e3b634ea655b416304619cf16b37f9208af750467c7a24c4e716bbc1d35	1790416431165.1777
file	packages/editor/src/lib/utils/uniq.ts	80199f0487916f4a47091c134a26060ec7f49caba3641a96938148969c9e0c07	1790416431165.677
file	packages/editor/src/lib/watermarks.ts	01a1873c3dc574be0084d7728a3ccee88a2c05446a89276b479d269eb4ec264c	1790417087176.6338
file	packages/editor/src/version.ts	72c20540670862a0c3c8d3f6ea3b727c93ce7cc9a570c33cb9146f6da8f6d5e4	1790417087465.1333
file	packages/editor/tsconfig.json	2c6fe9aa466235cef3d7a1253c20673a0f73bfec7cc6d0869fb860b705a20027	1790416431167.6775
file	packages/editor/vitest.config.ts	bff9ecc3b4c2e48493f36c5167413b696b136b3c9e93e38aa37cf8872afe6f6a	1790416431168.1792
file	packages/mentions/src/avatar.tsx	3f862380926359a07b6e5067e13d411d20b0784cdad3c240ecd328f99b5c6182	1790416431174.6768
file	packages/mentions/src/comment-author.ts	11138238f635a81b19c09433c4fd2cf0cab3927b37fb9387198e6f7d44105199	1790416431175.1787
file	packages/mentions/src/index.ts	4101012f827e670149aadceb8ed04602a0bb2fa25ad2e5a818c4275cf9c5601d	1790416431176.1785
file	packages/mentions/src/mention-extension.test.ts	1f17c3855f9314d80323d38dd9ea34a54d4d448313ba23983b1337105bd65c4b	1790416431176.678
file	packages/mentions/src/mention-extension.ts	c3c07c2399d6b82d6d63b385f656f9c89898ca7e4eb7c8c890463b2d0553053b	1790416431177.678
file	packages/mentions/src/mention-list.tsx	8cbbc05f787c96be05fdd7ee242c194c883f20c7f00214989f744cdba7fcb58b	1790416431178.1785
file	packages/mentions/src/mention-suggestion.test.ts	996f1a311754f91e2793b856af809db1c74153b21111193d8a6529ea082bf4f1	1790416431179.1772
file	packages/mentions/src/mention-suggestion.tsx	d249932b6e368c0dbb3fab01c22bb5a91bada2bda133682246486b9ce4b63380	1790416431179.678
file	packages/mentions/src/mention.tsx	9831d59593eb0211554ef7fb0fc369632a65754f6d73cd62b4014666624206ee	1790416431180.1794
file	packages/mentions/tsconfig.json	40eb0bd2e0d12235a41ef9c6c35d54d8d668dd8e7183dcae53438973595198ee	1790416431180.677
file	packages/mentions/vitest.config.ts	807250289ce5d0c34e4ff33eb6369aec93b1e89e10c1525480c16addc6dc6861	1790416431181.6792
file	packages/mermaid/src/blueprint.ts	eff97e70aeb2b6321c55c1f6c3e4e56ca546c8bd5c2fe3bb237bf2e18395e9ec	1790416431186.6782
file	packages/mermaid/src/colors.ts	ba3b92574402e2e6a75cb921f697b552f9dabfa43154da3eabcee9cca7648664	1790416431187.6794
file	packages/mermaid/src/createMermaidDiagram.test.ts	821c1c58e28b342a382410a8a52015e52ec4f690d686989616f38154d5ba77e6	1790416431188.1797
file	packages/mermaid/src/createMermaidDiagram.ts	a2b0d1129cf94145f97e21f74b63fe7d77b0573e4b9da84042af1ec150a66680	1790416431189.1765
file	packages/mermaid/src/defaultMermaidNodeRenderSpec.ts	3f0eec05b9d79358549165c0a85bef74f77b44b7b1adf8ea691a0a1587f05360	1790416431190.178
file	packages/mermaid/src/flowchartDiagram.ts	85866686f4a2b10b0351fa03e84c13426a0c2c8af7a7a4503f198865935fc3ee	1790416431190.6775
file	packages/mermaid/src/index.ts	9b7a9a297b682ae7b189b1702bbe4f5df33ea9384f1953ff82b3537497ffd96a	1790416431191.1787
file	packages/mermaid/src/layoutParsing.test.ts	633eb858d3f7a0f0eb11dfb777e687ea13c40b512b8a68e5d921b2a3dfb91ead	1790416431191.6775
file	packages/mermaid/src/mermaidDiagrams.test.ts	2f6b19c832b8b6aa327d2682f0f90042cdcce12a63b2f0251d930e9c6a4016f6	1790416431193.1777
file	packages/mermaid/src/mermaidNodeCreateShape.test.ts	4e5e8f9ff12015df9eed379706ab3ea611473c0cef704ee829d9bba8e2daab98	1790416431193.6794
file	packages/mermaid/src/mermaidNodeCreateShape.ts	dc8eeffcd00ecae017c794cf965a1526c6e1048c12b020e01a9287d5c39771b8	1790416431194.6802
file	packages/mermaid/src/mindmapDiagram.ts	c9768adb06d6586245976df09087de3efff6cd27da3cee8b69ab29b515f07402	1790416431195.1807
file	packages/mermaid/src/renderBlueprint.ts	a59f9f31809afdfb1f8afbae193a257e9e9144e7b86e0d872e60771a4bf3e7fa	1790416431196.1797
file	packages/mermaid/src/sequenceDiagram.ts	1d623cd206cf84b6a336d8981f443befaa8a667ce6733d55d4cc27f595d34bdc	1790416431196.681
file	packages/mermaid/src/stateDiagram.ts	e3b24c01d35760b8f5867ef1e2b3b8868d9d7a6be56d835dbd23682314b30358	1790416431197.6804
file	packages/mermaid/src/svgParsing.test.ts	8e5e30884fd1b39ae5e38a25ecb4da5d09ddb339636c39e944cb2c6ebf9e2116	1790416431198.1768
file	packages/mermaid/src/svgParsing.ts	210ab7060037028c478e63ad2bb3db8cd41b21adab7f0b616909906ce38dc591	1790416431198.6797
file	packages/mermaid/src/utils.ts	d8f119b2e07a298eff3913ce72192a6d02c1135c5141f6f09ece5723b1e0c5d5	1790416431199.6787
file	packages/mermaid/tsconfig.json	f8f46351780f78196e91e7297f0c93888ef7e91abf34f4872903f191ae0fdee4	1790416431199.6787
file	packages/mermaid/vitest.config.ts	bf35b5e788f818cca9011e82c797cbb3debb1259dde88b7dd2d31fe6e0ef7676	1790416431200.6792
file	packages/namespaced-tldraw/src/index.test.ts	8f2af16590fce0d3c82a92d3496e1ee0faf09c2e3ae36ce00ff694bf3c7f71de	1790416431205.1787
file	packages/namespaced-tldraw/src/index.ts	f2db2518e9713b12e1b435d27da78549eec662f67bcc24e752097c55d4e6ca4b	1790416431205.678
file	packages/namespaced-tldraw/tsconfig.json	32c8aefb87f9ce09f130097d822cc04e3a1e514624f50875644f8a93ff18c349	1790416431206.179
file	packages/namespaced-tldraw/vitest.config.ts	2d589fc310f8e4b82c7d67c56b5b092bca0a42dd27481a8da182368f4ceaa855	1790416431206.6775
file	packages/state-react/src/index.ts	64f2f2d5282c94d4ce245a628173deef288e1f42866a8b2b8c6970a974396f22	1790416431211.6777
file	packages/state-react/src/lib/track.test.tsx	7d5dc1f40a2ce12e366b2608244a0619275da4d1f11a9d6cdcaef3b5aa73dabd	1790416431212.678
file	packages/state-react/src/lib/track.ts	5ba698f1bca5da977fbd7826e9d4bb8e12876f0e21a76619cab72de544c1934d	1790416431213.18
file	packages/state-react/src/lib/useAtom.test.tsx	6785edb00afd83b06e1b732b0978573492299bd0560e9079c61bac90db032b22	1790416431213.6775
file	packages/state-react/src/lib/useAtom.ts	0bf730687078893161290a25ed7edbbed353072553f7100de6a895896c9c8140	1790416431214.1768
file	packages/state-react/src/lib/useComputed.test.tsx	3ab3366080f1e4f23da3df3abf9a25357ea93d2f4de6a2ccb3f68c2a8b0b276e	1790416431214.6785
file	packages/state-react/src/lib/useComputed.ts	5e5153a441e841340c0e0a1650f04e49d50a5b11635d8b4770fa0d14243f4cd4	1790416431215.1775
file	packages/state-react/src/lib/useQuickReactor.test.tsx	01c92b6adae12c18bd7df0378f1f0120bb956dad2efb81cc6637a72956cdfbfc	1790416431215.6772
file	packages/state-react/src/lib/useQuickReactor.ts	ea4fee41c4ba9f8214ea0d5238f78c50dddcec6d25d8aea685ad88a946f67d75	1790416431216.177
file	packages/state-react/src/lib/useReactor.test.tsx	13244d7be2e092b3194efbeba3017f2e7fc43a24a307147c5e82747fb98e61fc	1790416431217.177
file	packages/state-react/src/lib/useReactor.ts	4a1e05676fea3f91232583d8ae47427d1d0cbf5c1b30ebadfb70b248b54bddb8	1790416431217.6792
file	packages/state-react/src/lib/useStateTracking.test.tsx	cb0eaaf2ddaa4e823e9b37eb1af597b83dec627d639f41c34010df612088b249	1790416431218.6797
file	packages/state-react/src/lib/useStateTracking.ts	7845b9f1550c929d4cfbbd18ca721a332aadf08cb06b7a33d092dc3c2df50ad7	1790416431219.1782
file	packages/state-react/src/lib/useValue.test.tsx	0a41f1298e3c95616808bcb71124aa725c8122b29dad3cbd8b47d4883e5af94b	1790416431219.6814
file	packages/state-react/src/lib/useValue.ts	27fe6b57bd09a7f6fce89b559bfe21ae132f0ec126d201045c831fdaf84a218e	1790416431220.1802
file	packages/state-react/tsconfig.json	69a86c42f072478215f7227649355dd77a3b7fae03b6ac25e3b8f682e45f23a6	1790416431220.678
file	packages/state-react/vitest.config.ts	cf01257e01e3a7570ba92ae3dafc53008aa9d2d8eef45674cb84909af65b5fde	1790416431221.1775
file	packages/state/src/index.ts	b0b1fb4b182eeb0dd1266f588010e1677966969d294d8bd53f044da924eb05ca	1790416431228.1794
file	packages/state/src/lib/ArraySet.ts	41ab9082acd5b0a2bb3efc36ac630afd40cbf08e5bf0f2a493d8c9e7eef97636	1790416431229.1816
file	packages/state/src/lib/Atom.ts	b51d1dc5029569af2ed87f36e395675636650e44a9188325543d6edd2e321f69	1790416431230.1792
file	packages/state/src/lib/Computed.ts	99ceee284379c5b8802b856762a1b496da21de3b0dde5da0e182d819a374adfc	1790416431230.6772
file	packages/state/src/lib/EffectScheduler.ts	8362788908c73e8fd6e6e3c12ddb75372c9eb0a1b0d4cc8acaeef20c18ef38b9	1790416431231.1782
file	packages/state/src/lib/HistoryBuffer.ts	362f7dfb283e13fef03462237d9b272a87af9c0fcf31786907b49553274b7837	1790416431231.677
file	packages/state/src/lib/__tests__/ArraySet.test.ts	d1d10a0dde4ef4a64ce469cdab2a23d500f9bf3c4f838b987da0f8c7dedd2233	1790416431232.6775
file	packages/state/src/lib/__tests__/EffectScheduler.test.ts	f56c95c049bfc3959230cb18b435f43be2c7dc6ccadfd44dd38a6e8a027cffc7	1790416431233.6775
file	packages/state/src/lib/__tests__/HistoryBuffer.test.ts	4d74f87b005d00aec882d3f59e9ea925edee99a19f35f5b64018fce750cab852	1790416431234.1775
file	packages/state/src/lib/__tests__/atom.test.ts	08617198813ece5dde212d81fdd43f115c49f1e8e0073ea410290180e3bc3b6e	1790416431234.6765
file	packages/state/src/lib/__tests__/capture.test.ts	a9202a69a30cc86cb51077e155f5e20ace5b081a30f704fcd65e0b0d8644925a	1790416431235.177
file	packages/state/src/lib/__tests__/computed.test.ts	5fbc37689cafe0f86c67c2b7f2da3581640bf69d205eff9673dbff3c32cb4e20	1790416431236.1777
file	packages/state/src/lib/__tests__/debug.test.ts	41e00f771ae279a52d6205a8ee1b7f33c1fd2bc04f863848cb0e7021ef895a03	1790416431236.682
file	packages/state/src/lib/__tests__/deferAsyncEffects.test.ts	096b7e1d343e5fba9f94a461c40bb2306e33732da4cfb2224b1cd8189f2e3eca	1790416431237.6807
file	packages/state/src/lib/__tests__/errors.test.ts	97fee2db2556b4b2db21fadfc9ca756fbe10b0d3762467a03ad4e7ec781b40c7	1790416431238.1768
file	packages/state/src/lib/__tests__/fuzz.tlstate.test.ts	ad99d666473b5a03296fc419a10a839b19717054fac2532e7cb8fee90ee130f1	1790416431238.6814
file	packages/state/src/lib/__tests__/guards.test.ts	2d7bfa51516f4e2bd81a5cece6e7d7cf0c45b9ed89576b9f524401b03777e179	1790416431239.1777
file	packages/state/src/lib/__tests__/helpers.test.ts	a3720f6b4f360459d485d9f25f7eccbdc09441ede94ac68683caeff23e28d561	1790416431240.1765
file	packages/state/src/lib/__tests__/history.test.ts	914c918699b0940be0e892f861401060f54c71f39ffca232418c28cb1e495c58	1790416431240.6772
file	packages/state/src/lib/__tests__/localStorageAtom.test.ts	f0e60afa487a3f535d064a7e3f3122aeaea670d75240b795a6021cffae068881	1790416431241.1794
file	packages/state/src/lib/__tests__/propagation.test.ts	34f2ab923774f54f93c6ef5aa1c3f63e87d4896d9b9537d841eeaf8f4876d6ba	1790416431242.1792
file	packages/state/src/lib/__tests__/transactions.test.ts	9819bbaf59239c698438763426c82160cb0abb46e8c8eb3eb24c465359682d01	1790416431242.679
file	packages/state/src/lib/capture.ts	1f70505620e6d10bb8b920a3807fe8b07bc897f94505728b9fa464a943eb905e	1790416431243.1792
file	packages/state/src/lib/constants.ts	44ade9eae786e135debbcb00f6dad9c36044729f00e6ada9d70fc335c17d2e1c	1790416431243.6787
file	packages/state/src/lib/helpers.ts	62e1cdbdf9d29984b536ed532da9ccf65ed927d921217cf4ee1d9e469f969d6a	1790416431244.1792
file	packages/state/src/lib/isComputed.ts	1ed8d8e39b8b4c35d70e429959f1152e7a170f32dd3cae113218877020d21367	1790416431245.1794
file	packages/state/src/lib/isSignal.ts	f37387a86207d9632ffe6ac91cd167c5844767e7f3fe959d8b7fb16247c43aa8	1790416431245.1794
file	packages/state/src/lib/localStorageAtom.ts	d6557389c2ec4f21578e9eef0e09db62babd938d8d2b59081d59b9784fbe36ad	1790416431245.6792
file	packages/state/src/lib/transactions.ts	de9d7b3d39ac36e870e7de03e26ccd1d6e24b50d6f43dc4b73407e9f6ab91ca3	1790416431246.6768
file	packages/state/src/lib/types.ts	973c41eb6cd955129b7927778879561675fb76763a5ae9bbc175ab22fc031733	1790416431247.1765
file	packages/state/src/lib/warnings.ts	1777d9e3ee6a9fa5fa6ca0ae11bb26ce034948d610b937b8d3d7e180ff5cbfe8	1790416431247.6782
file	packages/state/tsconfig.json	1ae62be7981636c77e4b8237a8ab06e89888187ed4c7f2f7c653909f6719895a	1790416431248.6807
file	packages/state/vitest.config.ts	14c50aae5ab397c4dc03bef7da190f950220d317eca7f8f4242cc21d0d3c84ef	1790416431249.182
file	packages/store/src/index.ts	3aa5ab3bd7ab7b15c470e3741ab59286a3f284641cd6aea5e34aa94c4329cae0	1790416431256.1826
file	packages/store/src/lib/AtomMap.test.ts	c871a1becac5176c94a7f0decbc5d5a7aca5970fb56361279fd4daaa175b01d7	1790416431257.1814
file	packages/store/src/lib/AtomMap.ts	cd76f547c03967e70f9a68302b0d258f2b1c07103a7a03cb84dfdc8435ca2461	1790416431257.6797
file	packages/store/src/lib/AtomSet.test.ts	b9077a1feabb2cb024fab57a572577530de68f4a6705227f9346213600629209	1790416431258.6821
file	packages/store/src/lib/AtomSet.ts	ae13b5557777a7e8780a9a1542ed6766efacd22b366a75309b612e7ac0db6d84	1790416431259.1792
file	packages/store/src/lib/BaseRecord.test.ts	ddd613f3523fe8c2529c236a43e779d4e70078d1ea3b1b421a7bc47569e694cf	1790416431260.1833
file	packages/store/src/lib/BaseRecord.ts	c1a3f5cd28429d6a050d73426271e013f9d5bc37c1a2d50f66e95b4e8dc77fba	1790416431261.1787
file	packages/store/src/lib/ImmutableMap.test.ts	a95e15d033e4c1727ca7539a4297b4a941470a3f61164254792f5668eed9e313	1790416431261.679
file	packages/store/src/lib/ImmutableMap.ts	9c6a34d3351d72eca34af5dc2b8f08893a86fdf4ca8cec72d619c2d241d9dedc	1790416431262.1775
file	packages/store/src/lib/IncrementalSetConstructor.test.ts	d01f016f36a83c9c6323bb268e93d7103577424038e20fc79972b0d19b281a32	1790416431263.1775
file	packages/store/src/lib/IncrementalSetConstructor.ts	1a7089d7df780ad0753475b3f09bf552d49b14235ee652e693d9d04796cf454f	1790416431263.6785
file	packages/store/src/lib/RecordType.test.ts	8339e70a71a15892f0c4eea3ae62496423a6602298bec0d9af7232bbe73c68dd	1790416431264.182
file	packages/store/src/lib/RecordType.ts	89c5200fdeff17b59f44dead3f815d2ef4cfe57d25732b520ed61eaedbde505c	1790416431265.177
file	packages/store/src/lib/RecordsDiff.test.ts	484fef7b39314a325a80e61ffc5db639980242422b859f0cfe427d7b970d4686	1790416431266.179
file	packages/store/src/lib/RecordsDiff.ts	38ec11df0151b8223d7f03d0d03ad13eac6884410490cdb5ec5e0583dba1b0bf	1790416431267.179
file	packages/store/src/lib/Store.test.ts	ebc08698f5e2e04b6aadd58e60d8c328ccba96a0111563b7e2d65c64e9ce605c	1790416431267.6782
file	packages/store/src/lib/Store.ts	7b4568793523f42b687b53fccaef0157a599502a7f7e0ce9f092e7921e42307e	1790416431268.6785
file	packages/store/src/lib/StoreListeners.test.ts	dda68d5675549e787659c9af6a36da943b205e474e368134a1da07200b80181e	1790416431269.6794
file	packages/store/src/lib/StoreQueries.test.ts	415946ecaeb9f401003210590a8eb50c0e478eda203fcd541724713012b36286	1790416431270.18
file	packages/store/src/lib/StoreQueries.ts	61756332a17de893f65d538f039481ca2fdd36be23cf6ba6c7d9fd796520139a	1790416431271.1802
file	packages/store/src/lib/StoreSchema.test.ts	8c9d5009c8edece94cd5fe7939b169932a40866c9a0f6e86e990e46e4e242582	1790416431272.6792
file	packages/store/src/lib/StoreSchema.ts	95108c10020155070e3004fb8f7f58972aa178e413b0b0506b18d9b3b4cf86e6	1790416431273.1802
file	packages/store/src/lib/StoreSideEffects.test.ts	a4988eb5b3c7a54dcea049ce5898238e330269abceb4775877eacf6d7db3b705	1790416431274.1804
file	packages/store/src/lib/StoreSideEffects.ts	7c372f5c6eb643b8e4501ed59948006434e280df37929d2a41170b74beedba28	1790416431274.68
file	packages/store/src/lib/devFreeze.test.ts	4d931d5ae243c469f4fbf4035b75a7b32e954207f7d2d8461d38c34f27d02623	1790416431275.6794
file	packages/store/src/lib/devFreeze.ts	47813830847aeb7eac9003cfbde43817e78749c8ebdb0c699d41cae8a48743d4	1790416431276.1787
file	packages/store/src/lib/executeQuery.test.ts	fcc532338cc935af222427b71600255654728ef9e71f041b34595e15919351ef	1790416431277.1797
file	packages/store/src/lib/executeQuery.ts	7f19ca3769693fb9102e12ccffa5f97ee6292a6911024c2f23d4517931f13982	1790416431277.6807
file	packages/store/src/lib/isDev.ts	3fcd491e0744fe1e91838916a1bd7e0090bbacfbacf0f6e04a15a89194f7fb60	1790416431278.1802
file	packages/store/src/lib/migrate.test.ts	6986ca37046d8370946e15d199479730753c215f28b0bfb43d4374960805cfc9	1790416431279.177
file	packages/store/src/lib/migrate.ts	5ddcc888a229c47c460c0a0552b11e5c942c386697033714f48d82303798b35f	1790416431280.1797
file	packages/store/src/lib/setUtils.test.ts	2d38aa67531efef7fa04b7bf747232cd93ca190deb53f01052057c621b90aa2a	1790416431281.1792
file	packages/store/src/lib/setUtils.ts	dd1aef3502c64af68e5c0d6c9de6ad52ff0d64261251eed9377fcee68a58c79a	1790416431281.6807
file	packages/store/src/lib/test/recordStoreFuzzing.test.ts	981c28f952f0f61af3288f6b2c3859b0b4488c8599dbd0bbb0231dc7c949cd9a	1790416431283.1787
file	packages/store/src/lib/test/testSchema.v0.ts	e3c789c6f416adf1862d993d56b81a8e7af3d7c1e9687dcb75e6de281a1cec16	1790416431283.6775
file	packages/store/src/lib/test/testSchema.v1.ts	05e5bf378b6085a0cd871c3b10c1af1686e2b4a55355ba9c7fb4f6e68a354a7e	1790416431284.68
file	packages/store/tsconfig.json	69a86c42f072478215f7227649355dd77a3b7fae03b6ac25e3b8f682e45f23a6	1790416431285.178
file	packages/store/vitest.config.ts	08f5304abc6c003da900be90cae17c6e1f33b5a14fba029706530fb3a7f3c3e5	1790416431286.183
file	packages/sync-collaboration/src/comment-authorizers.test.ts	5955021035fdfa0fc24eb04ab6191606db8ff62be8659d310440a75e0388be7f	1790416431290.6777
file	packages/sync-collaboration/src/comment-authorizers.ts	847dd76de0e068fdb16186b27dbe5bcf2ff21339f0d6c27f0ee48e7ceb59e03d	1790416431291.1777
file	packages/sync-collaboration/src/index.ts	d98253ccdebad7897d3a40699cf8695151282092378982b9f4581857db0fe7c8	1790416431291.6772
file	packages/sync-collaboration/tsconfig.json	19e409341e7cc4005648891da81365a749b4675a3ca766a86c36455ce42cf50e	1790416431292.1768
file	packages/sync-collaboration/vitest.config.ts	8d6d301c63cb3533babc14098fae6c12418dab927744173cb15a4f9a9c4865ee	1790416431292.6775
file	packages/sync-core/src/index.ts	3ff0d346a1cd10e819fa61c599ea229e44b8e6229b7883e19b96e595113dffa1	1790416431299.1768
file	packages/sync-core/src/lib/ClientWebSocketAdapter.test.ts	5b0c65274d34e8be26c7adb01e0d650c3d62b7d2e5dd701ed137eb7ec65977ad	1790416431300.1768
file	packages/sync-core/src/lib/ClientWebSocketAdapter.ts	b7fe3b1594bda914616aa675ddf70918136d4d6a12465126a323aff7b5319c2a	1790416431300.6775
file	packages/sync-core/src/lib/DurableObjectSqliteSyncWrapper.test.ts	1eda3dfada73ca1bab2a87f64c6d0448c6228d3c510d47136aca2cc13e2e20fb	1790416431301.6794
file	packages/sync-core/src/lib/DurableObjectSqliteSyncWrapper.ts	2e1ec9ce8bf04427cfb274864c2c8a3ca9586ab73097bebd2fc99231e38773b5	1790416431302.1797
file	packages/sync-core/src/lib/InMemorySyncStorage.test.ts	8740db6e9191452f1687b81875a0d510485520d9a888b42c852635615bb4e379	1790416431302.6787
file	packages/sync-core/src/lib/InMemorySyncStorage.ts	dc602a9324c089bc864e4dd99fa590bc9f985f8dc9d3a646b33944c4b1a1460c	1790416431303.6797
file	packages/sync-core/src/lib/MicrotaskNotifier.test.ts	87550a292655aff28191ca69462e2dff7f06119978c580c553b629a11cdbfc8a	1790416431304.1797
file	packages/sync-core/src/lib/MicrotaskNotifier.ts	cab5b73802f447b35ca05d97645e4837d350775a66cf543dd84386106b2d161c	1790416431304.6792
file	packages/sync-core/src/lib/NodeSqliteWrapper.test.ts	4659d647531f7c8df849fee9dd874e13d8c608607f4de16bffe5b479f4ab87fd	1790416431305.1765
file	packages/sync-core/src/lib/NodeSqliteWrapper.ts	2b4916541f0dd6c03408b9e2827d5599b815a9875c0965a07ad12e5dcb18f851	1790416431306.177
file	packages/sync-core/src/lib/RoomSession.ts	e42a883f7a37a6980b4998e3cf88e4228bbcff3d5f9d33a95cf8f4bd2f4a6448	1790416431306.677
file	packages/sync-core/src/lib/SQLiteSyncStorage.test.ts	cc50480ab3f82a4a0bc6b4d1260be38d233f69015c23eb1cb5673b1c88aec532	1790416431307.1782
file	packages/sync-core/src/lib/SQLiteSyncStorage.ts	e7975772233ade1f572993c7d06f525100f218acd4611475917395d3981d72fe	1790416431307.6777
file	packages/sync-core/src/lib/ServerSocketAdapter.test.ts	74a10973f7bb01570a421046523f3241493400b525429f7730dd1aa02ba5c1e3	1790416431308.6782
file	packages/sync-core/src/lib/ServerSocketAdapter.ts	18083da6985cc45fc4e9556cf2e7b233a2372d7239df37a914252d7686a9b221	1790416431309.1772
file	packages/sync-core/src/lib/TLRemoteSyncError.ts	bb352bfabad6e427d987efb3a3e94cbb3467ce1a2d8312a3927c2993f14866c4	1790416431309.6775
file	packages/sync-core/src/lib/TLSocketRoom.ts	3460481dc1f0480e1d9210ab10d251a1b64960b3ab6424de65377f9b30d07fbc	1790416431310.6814
file	packages/sync-core/src/lib/TLSyncClient.test.ts	8fc70db8664e38371db3020624e362ba3a8353748c17e3877e66f5a897d031da	1790416431311.677
file	packages/sync-core/src/lib/TLSyncClient.ts	013c83f9b3261d026eec3f6fc5ef3b0763d03c797039e3655f778d709c2db456	1790416431312.1765
file	packages/sync-core/src/lib/TLSyncRoom.ts	5ebc5222c3e3a1133bbbcaeef6a603c6f9d7f7571097e3454fca858ba2d3d3f7	1790416431313.1777
file	packages/sync-core/src/lib/TLSyncStorage.test.ts	e9ac5ffb1394b9efff66c8d2ad7d50ee65c70ed38a7d57a1fb54c0fafb56bda6	1790416431313.679
file	packages/sync-core/src/lib/TLSyncStorage.ts	aab97b7d0bffc95cf8fce9f8209e4d64d14742c7459ebd85b2a7286041c6e528	1790416431314.6775
file	packages/sync-core/src/lib/chunk.test.ts	abf4e9cffd0eaa7153ee907f777c31246e6576be599964d38a8a75804da641c1	1790416431315.1792
file	packages/sync-core/src/lib/chunk.ts	c51fe2085a199223f1fe63b032cb85c93cb7b6c736739b46a47bfcaba93e3b8d	1790416431315.6775
file	packages/sync-core/src/lib/diff.test.ts	8b1ca7628be31e09d684bdbedc28495e2e82e61f8d3ec0891d8a3621c767b2f4	1790416431316.1772
file	packages/sync-core/src/lib/diff.ts	700797a101963ff295dc26095419bce751c71bf99ef008d87f0212952e4cacf1	1790416431316.678
file	packages/sync-core/src/lib/interval.test.ts	6a52216b1d2e55f1621d9f20d6c450adaea0ffa1ce416ddd320f120bcdcebd63	1790416431317.1772
file	packages/sync-core/src/lib/interval.ts	af9cd52e695d93e15530ceb93e622c6f328afba89a1a2b6fd313122534e60ed9	1790416431317.6772
file	packages/sync-core/src/lib/protocol.test.ts	e430d846f8b682b3b53e1a60c8c2446ff06727a2d4bc21ce66575e174440b926	1790416431318.177
file	packages/sync-core/src/lib/protocol.ts	0a9ef40c7667057b7528d8b1217a8ccb601294eba3e38a6f4c11a88c326abd5d	1790416431319.1768
file	packages/sync-core/src/lib/recordDiff.test.ts	a19d9db9c319dc0a36ce029bc2604fe1d1908ef09c5bed458976a89c97719cfd	1790416431319.6772
file	packages/sync-core/src/lib/recordDiff.ts	de58ca76e01164b914172709f34c17caa968b4d715455079d1198cfd2d5d979d	1790416431320.178
file	packages/sync-core/src/lib/server-types.ts	8b30b08955f64963bf6ff36a9b373cc1188d0fb8f719e486c9e74c85826795a6	1790416431320.6787
file	packages/sync-core/src/test/FuzzEditor.ts	1182e0860775a2c4b9aa3304d161a22eaf44c20059885177b967436320a40ab9	1790416431321.6787
file	packages/sync-core/src/test/RandomSource.ts	42f7ac8f9dac30e73701ad525b7bf2a07e32a67a40a8ea9c785d6a5bab6258c3	1790416431322.1775
file	packages/sync-core/src/test/TLSocketRoom.test.ts	0d104019af6b7748b9ad857015b9770ae4da9c803cc353e3f834d5ecafa8f470	1790416431323.1785
file	packages/sync-core/src/test/TLSyncClientRebase.test.ts	05ccff6fb93860fe210b069ab3d70f7f58265b379171f7932eb4a6810364ea30	1790416431323.6772
file	packages/sync-core/src/test/TLSyncRoom.test.ts	5af9077580d9893925ec46dbe4647c6cae0328ab646009408bd4708e7d452920	1790416431324.6765
file	packages/sync-core/src/test/TestServer.ts	bc9d7c0c2b98cd293d359e83393a303ab042e7312dee5ff1189f00068876f26a	1790416431325.178
file	packages/sync-core/src/test/TestSocketPair.ts	93dc5448cb256836d2c6e649d9edce951659a66865386d8e9a48fcd9b03dba12	1790416431325.6777
file	packages/sync-core/src/test/objectStore.test.ts	80c5cb4811292513431710babc79f2d4ca10b175adecc6fee99eb0d92c96cfe7	1790416431326.6785
file	packages/sync-core/src/test/storageContractSuite.ts	ffe1242e23616fffbbd55a1e28213429ceb62d1769196e10cd702c5219d2c783	1790416431327.1765
file	packages/sync-core/src/test/syncFuzz.test.ts	52c315c36b200a801083604ac386cd72fcd8aec85ef7bedc52a01027d4f65798	1790416431327.6775
file	packages/sync-core/src/test/upgradeDowngrade.test.ts	295343295b8a46b4b4e718b0d59950d82aa95a83b7acc78b352144e176b15609	1790416431328.6765
file	packages/sync-core/tsconfig.json	e61d8abe904444dfdf9ed391542e2c9544408786328cd0d8c9383e0fe11acf87	1790416431329.1777
file	packages/sync-core/vitest.config.ts	e1fcac82dc294d1d1d2c59594cb3c0ff82f175f692c8f4b9e149be485b17f288	1790416431329.6768
file	packages/sync/src/index.test.ts	e8de12397fd582521e2b92ef458b3e464c05308e5547438178d1a7fb03b95083	1790416431334.6829
file	packages/sync/src/index.ts	13731ab2996d26015026d1c7b7063e9d13e2ec85d2b48abf7afcc250071a25cb	1790416431335.1836
file	packages/sync/src/useSync.ts	bdf72b89596d313a3820e369616c8278a6016bf52f7fc7b974793bce79e6fbfa	1790416431335.6802
file	packages/sync/src/useSyncDemo.test.ts	7fa27a4490a4a6f7e7efdae757e6d08d7dfd12c99f765b2e414f0770c60887cc	1790416431336.1833
file	packages/sync/src/useSyncDemo.ts	62aba42e0905e0c5750f925f19fd1346dc8c11037d99249f464ce657c026d3ba	1790416431336.6814
file	packages/sync/tsconfig.json	8e369f65486506eba65b087d4e643cc68125b0c4f9e61e251ca81068ed815d1f	1790416431337.1821
file	packages/sync/vitest.config.ts	fdc9991a6941e2040ea8a059b6016a2465260fe14941eb310f2aadeb853e5b81	1790416431337.681
file	packages/tldraw/src/index.ts	e5cd49a2f65795717adc467da6edc194d7d29056d8b7cde9712b218249401251	1790416431344.677
file	packages/tldraw/src/lib/Tldraw.test.tsx	94efd959b74ae9f3f66ff971e9474ab2aef514a04e7ab1c99f24c89db91a6566	1790416431345.6768
file	packages/tldraw/src/lib/Tldraw.tsx	a7de88eb349e4ade342d3cbf73578b434e89d46b28a1b95903a31f05527fd4ff	1790416431346.1765
file	packages/tldraw/src/lib/TldrawImage.tsx	01106a0b64b71ae397af70016cc3fb6415ca72b5a82f8d9bd09cf211e7dd9299	1790416431346.678
file	packages/tldraw/src/lib/assets/BookmarkAssetUtil.ts	e31cd26f120accf94c4f7c3a063d1af2c3f0821699ae71ec0083b260afdac291	1790416431347.6792
file	packages/tldraw/src/lib/assets/ImageAssetUtil.test.ts	a6b17cf3921ff971b593b35c306c7dd3d29ceeee650e971fed848538516d78d3	1790416431348.179
file	packages/tldraw/src/lib/assets/ImageAssetUtil.ts	7501683c7bba58ccf47fe021d6a2464bd2ef5a10824289cb5e4a19b93b41933e	1790416431348.6792
file	packages/tldraw/src/lib/assets/VideoAssetUtil.ts	13f41552b7d3576199922a9028de9ad18fe9da0ad0c7657c8c329f401e570238	1790416431349.1775
file	packages/tldraw/src/lib/bindings/arrow/ArrowBindingUtil.ts	8545899eb8ae12bca5f2142bbf418690c337ec9407283b721594c39087f8c1dc	1790416431350.1763
file	packages/tldraw/src/lib/defaultAssetUtils.ts	f8f2cfacfd615c8670819259afe2c6ed2270f7243f9631118d8a66d281b7c3f4	1790416431350.68
file	packages/tldraw/src/lib/defaultBindingUtils.ts	528dfef6efd8c0541f6e7f4dc9be9e204ff97a690d77e4de3fa2bc61c3c128cb	1790416431351.179
file	packages/tldraw/src/lib/defaultEmbedDefinitions.ts	446d9f3f79475e07f7b7dd2c2d86b14baeae713174350a8a4740881949af3c83	1790416431352.1775
file	packages/tldraw/src/lib/defaultExternalContentHandlers.test.ts	1c1a6a14c2e07b4c256be045713d2dcd85dd0afae313c22660e1ea9d58b893c3	1790416431352.6792
file	packages/tldraw/src/lib/defaultExternalContentHandlers.ts	50814ef7d5094b710ee62f0e23a565c89b4c78f0d88e81ab8e2f03af490bac2e	1790416431353.1787
file	packages/tldraw/src/lib/defaultOverlayUtils.ts	a602e2c99cdfc3f235d0eca9eec2129da76d9036b574b6bd6e283ed4b14e2b68	1790416431353.6775
file	packages/tldraw/src/lib/defaultShapeTools.ts	eb42f2c23bc13ef92ccdb0fb6afcdb5f406c602ccc3cbe7692b0f55296ada7d6	1790416431354.1787
file	packages/tldraw/src/lib/defaultShapeUtils.ts	0831e68691f29959865146b508d864165c7bea036707b31a86515d1f260b546b	1790416431354.678
file	packages/tldraw/src/lib/defaultSideEffects.ts	cdcb0a07b43ed2430abb39c6377faa7f4d4c48a200e4fb6984e36029ce8eda71	1790416431355.178
file	packages/tldraw/src/lib/defaultTools.ts	24c15034f265e1dc07ad8f2755caef5cb70e4b95f362dd5c6890cd606964520d	1790416431355.6787
file	packages/tldraw/src/lib/overlays/ArrowBindingHintOverlayUtil.ts	0bfe869d45adaee05ebc52379b7a7aef515649d0caf47a65c0a5d2c2da4da3ad	1790416431356.1777
file	packages/tldraw/src/lib/overlays/ArrowHintOverlayUtil.ts	14f204045d7fad42de7e965e41d64dc267d81325ef69fca3962be833d4e85dd3	1790416431357.177
file	packages/tldraw/src/lib/overlays/BrushOverlayUtil.ts	0ba868afe630d34018d325600a21b87665649f1556d3d2aab510f3b0d9a2ffe4	1790416431357.6765
file	packages/tldraw/src/lib/overlays/CollaboratorBrushOverlayUtil.ts	a022a322f9461126764ff2feb6bcf404d94b20836e8949106995f182efc00799	1790416431358.1763
file	packages/tldraw/src/lib/overlays/CollaboratorCursorOverlayUtil.ts	ad3e1868f0606ac85c34861a11c722510a033cf316e75a2c719f8f4498fb8557	1790416431358.6787
file	packages/tldraw/src/lib/overlays/CollaboratorHintOverlayUtil.ts	4b3be116cbcb9998facf31efae948298d9f932e405a14bfdbbe0a58ae08e711c	1790416431359.1787
file	packages/tldraw/src/lib/overlays/CollaboratorScribbleOverlayUtil.ts	eb14686e566bcf96a1d7fdad6b3b047d06b7ba784538eddcc5d01947f3f02dec	1790416431359.6775
file	packages/tldraw/src/lib/overlays/CollaboratorShapeIndicatorOverlayUtil.ts	08199e59aa287e9538c1cfb22c6d572d39b6bbf6a2301c341037fc4c73f332b7	1790416431360.1797
file	packages/tldraw/src/lib/overlays/ScribbleOverlayUtil.ts	860d94f9d12eb4bf5b01ce6582d9ea72d4528a4bee020247b920041aa7573148	1790416431360.6792
file	packages/tldraw/src/lib/overlays/SelectionForegroundOverlayUtil.ts	5b00fc29c16505324a87c21cf68b5a14df5e9b3299d57d0ff3a17343a134aea5	1790416431361.678
file	packages/tldraw/src/lib/overlays/ShapeHandleOverlayUtil.ts	977b97ec77b22e19a200267f9d95f58c0a2580e642f382173c143250b535b646	1790416431362.177
file	packages/tldraw/src/lib/overlays/ShapeIndicatorOverlayUtil.ts	0588923033bca0b9c6937f55fd4264e845da9d7ea497e81a70845aca7ddfb76b	1790416431362.6782
file	packages/tldraw/src/lib/overlays/SnapIndicatorOverlayUtil.ts	f231c6f726d865e8f106746d9292a47be0e44cec0df1b8c597d12b2c949d3424	1790416431363.679
file	packages/tldraw/src/lib/overlays/ZoomBrushOverlayUtil.ts	b2ec46d22f68e52a26ff875ee1b1999c59ed33cfbd67cfcba9746ed9ec6aeddd	1790416431363.679
file	packages/tldraw/src/lib/shapes/arrow/ArrowPath.tsx	a5eefbd60048b978484f3a5d91fdd7e42cdb5914d234e928e298a49c37bc744b	1790416431364.6782
file	packages/tldraw/src/lib/shapes/arrow/ArrowShapeOptions.test.ts	895ebfc764577f4e5dfdcf293bb1eaeb281b946fa3aefada5431fc1206fa5788	1790416431365.677
file	packages/tldraw/src/lib/shapes/arrow/ArrowShapeTool.test.ts	8e8746170bdfb9e5e0a1d5162925904ea297f7fdb0c4169b83c2e794c976024b	1790416431366.1768
file	packages/tldraw/src/lib/shapes/arrow/ArrowShapeTool.ts	8dfecfa62921c39abaeedcf5ced3a9456e05749c372a16fda77d25e4d32c842d	1790416431366.6787
file	packages/tldraw/src/lib/shapes/arrow/ArrowShapeUtil.test.ts	17457c07d351ee0683758cca1f8f27d106110154e778d97eb2bff7e88dd3af72	1790416431367.1787
file	packages/tldraw/src/lib/shapes/arrow/ArrowShapeUtil.tsx	7317fe91ec71c53e032952de0c71ef4de8414de7f683745123823373bc68e570	1790416431367.6787
file	packages/tldraw/src/lib/shapes/arrow/arrow-types.ts	c1d79a8f8995e79e69d79a0cc9026e4956bfa6380ae2d9ee76117c1bc09bd784	1790416431368.177
file	packages/tldraw/src/lib/shapes/arrow/arrowLabel.ts	2c4e584c30ece7584f3cc997b5be35cb52a53f6d1e027265eb291655f71fb0a0	1790416431369.1814
file	packages/tldraw/src/lib/shapes/arrow/arrowTargetState.ts	54715f69ef9eecc64078af185aadcc00046982181c58a0eeb77a1fc30f3062b1	1790416431369.6797
file	packages/tldraw/src/lib/shapes/arrow/arrowheads.ts	cdc66fc0001666a17eed1f0e37eb8dfd640454695e0d54ed03a3f3dc57c4ab5c	1790416431370.1772
file	packages/tldraw/src/lib/shapes/arrow/curved-arrow.ts	6ea313faa422cf8b31dbf789c250ef53fe959917c3138cc45eee3a0c9d780821	1790416431370.679
file	packages/tldraw/src/lib/shapes/arrow/elbow/ElbowArrowDebug.tsx	9ea7c6f06d14e0b255a07e90675ede1e800de5f4b4dd12ff1cfce6b1ee6501c5	1790416431371.6792
file	packages/tldraw/src/lib/shapes/arrow/elbow/definitions.ts	446e2c2f2478d81fde0e1109562da26b28fc1930344ef37657631210978404a5	1790416431372.1772
file	packages/tldraw/src/lib/shapes/arrow/elbow/elbowArrowSnapLines.tsx	949e8c7dbaa3a77a77a7528b00917f8e293b551171c3fc7165a98cf2d32ab87e	1790416431372.6787
file	packages/tldraw/src/lib/shapes/arrow/elbow/getElbowArrowInfo.test.ts	580c1f3dff0f7175c781481cc37355b3eac83452da5eb15fc034418482d86d20	1790416431373.1775
file	packages/tldraw/src/lib/shapes/arrow/elbow/getElbowArrowInfo.tsx	93cf0212dbed2b6a9376d2b0cf566ecb7a9e9622501b6495d6e7549c215a0b9a	1790416431373.6768
file	packages/tldraw/src/lib/shapes/arrow/elbow/range.tsx	73eaa4a9e557260b9333e976176cc9da3bec43758d3293302afb201577294fd6	1790416431374.6768
file	packages/tldraw/src/lib/shapes/arrow/elbow/routes/ElbowArrowRouteBuilder.ts	5ff41b6fef3271db97c5afd96e6aa013099dfe4a4ced2a8de99acbc0957b76b8	1790416431375.6775
file	packages/tldraw/src/lib/shapes/arrow/elbow/routes/ElbowArrowWorkingInfo.test.ts	94a6d10913a32bd529e54eae5177238b513d9b3c084e54608422e6c364f3d52d	1790416431376.1758
file	packages/tldraw/src/lib/shapes/arrow/elbow/routes/ElbowArrowWorkingInfo.ts	18aeb2afbe1a3c59752b4cf401f26e6649d22f9783faa5c8fc4c20e1bd6877f4	1790416431376.6768
file	packages/tldraw/src/lib/shapes/arrow/elbow/routes/elbowArrowRoutes.tsx	24727e454197fa62a7ae55178bd6c299079b3367f1ba0af11eb3ff40ae5abafb	1790416431377.1765
file	packages/tldraw/src/lib/shapes/arrow/elbow/routes/routeArrowWithAutoEdgePicking.tsx	32bf2eac9fcb5a19bb1f92bc245741bc2a4dfe3f4046d598308acd5d47ac676c	1790416431377.6768
file	packages/tldraw/src/lib/shapes/arrow/getArrowInfo.ts	df3bc5ec52476563d127ee5d8bd98ae738a7009f5325dbad55c265dba0a56330	1790416431378.1787
file	packages/tldraw/src/lib/shapes/arrow/shared.ts	6a20304e41d67e33db7299bece6230f69729c98ddc89df6fbc851c11fe7cb5d9	1790416431378.6782
file	packages/tldraw/src/lib/shapes/arrow/straight-arrow.ts	c0e072cfecb72810b8aeed47837e7304087c61b3b4008e3fbb451982405dba9f	1790416431379.1785
file	packages/tldraw/src/lib/shapes/arrow/toolStates/Idle.tsx	60ad34363a2e8d30683145eaa90a6ea02ee5c5cf2ff42ff6b3286d8919425d32	1790416431380.1772
file	packages/tldraw/src/lib/shapes/arrow/toolStates/Pointing.tsx	8ee95193a276821de8a5a3b42cdaa9d355cdd45fa6ca5d22aff849f91c02c340	1790416431381.178
file	packages/tldraw/src/lib/shapes/bookmark/BookmarkShapeUtil.tsx	7e36560df9e17b6dae1b0c90f3d376c1c1e14b3083f4375579ccfc8ae266590b	1790416431382.1775
file	packages/tldraw/src/lib/shapes/bookmark/bookmarks.ts	97cf066877712308667e3dfa58dd9a99d40087ba6361a280f229c600ef7aa265	1790416431382.6765
file	packages/tldraw/src/lib/shapes/draw/DrawShapeTool.test.ts	10280dfea48bae728f83ea9aacb29b0b66d701ef8c7299d583d695f8be629df9	1790416431383.1755
file	packages/tldraw/src/lib/shapes/draw/DrawShapeTool.ts	8daeece50256951260e9952a6973be03eb6a5bfb80f13caaced02e120852ba6d	1790416431383.6758
file	packages/tldraw/src/lib/shapes/draw/DrawShapeUtil.test.ts	a5fcc2867125013079ebb9a8aacedbb6a4dc6a32905af1c8c34b928fd245cbc5	1790416431384.678
file	packages/tldraw/src/lib/shapes/draw/DrawShapeUtil.tsx	0a675d3ff0e4b2c552021cad5b86f0a769e7d496bfea54e1a1c869671e91c567	1790416431385.1765
file	packages/tldraw/src/lib/shapes/draw/getPath.ts	94696637022f15fd42cea701f303b49f3c1723b331e8f2e024dce9365a84964f	1790416431385.1765
file	packages/tldraw/src/lib/shapes/draw/toolStates/Drawing.ts	d756741c1bb854c77dd8ff796d8e02764a00a3d5ee4546e14b52d1b4ca0cda20	1790416431386.1775
file	packages/tldraw/src/lib/shapes/draw/toolStates/Idle.ts	f98ea3fd487f3cb8b6c326cd55c846c52c63572e19b7eed5001121ed6e9c0c21	1790416431387.1777
file	packages/tldraw/src/lib/shapes/embed/EmbedShapeUtil.tsx	3223d1b50da8332bc22ba41930055ec91e6c6e28912a780b7fe34348512bc695	1790416431388.178
file	packages/tldraw/src/lib/shapes/frame/FrameShapeTool.test.ts	0e44d16203140654fba1ae4b13eac728e7524876d95216a84e07f0d2714fe2e0	1790416431388.6785
file	packages/tldraw/src/lib/shapes/frame/FrameShapeTool.ts	8330507862b3cfc17299e052269f3785119c66bc38900ef2b856c1983c4aa79c	1790416431389.1772
file	packages/tldraw/src/lib/shapes/frame/FrameShapeUtil.tsx	71d1abcef81095d2508de99933ef5c0b1272a489e7344898983af35e33c17453	1790416431390.1765
file	packages/tldraw/src/lib/shapes/frame/components/FrameHeading.tsx	dd9b71de727a28447095458c3d8729eac95ab8bfbba21c8252a58e5efcf40cbb	1790416431391.177
file	packages/tldraw/src/lib/shapes/frame/components/FrameLabelInput.tsx	ba977bf0905cf9a210a388177dd0df566924fc62ec0b723431ebb0c40e1f83b7	1790416431391.6765
file	packages/tldraw/src/lib/shapes/frame/frameHelpers.ts	aa8f9829f65ba0ac1c10617a65f7e6a6ba5774294953d710921cf526ba75004e	1790416431392.1763
file	packages/tldraw/src/lib/shapes/geo/GeoShapeBody.tsx	9f322191c02bc7225f547754fce8fd962c5653e9b65b8e1d6718a11740d32a86	1790416431393.1775
file	packages/tldraw/src/lib/shapes/geo/GeoShapeTool.test.ts	3e1ca41f6c6f8f00a667747bfc055cd40ab8848a26aa2ed9c3b82f0e3e005f46	1790416431393.6772
file	packages/tldraw/src/lib/shapes/geo/GeoShapeTool.ts	6edc5251620f294ae76622c10e9d7eea2f0393f64174757548dc47c709a710a6	1790416431394.1765
file	packages/tldraw/src/lib/shapes/geo/GeoShapeUtil.test.tsx	c394fade03168cf1d7dca4ec8853b314e7b48e3cf547750a956fc6f5583775ac	1790416431395.1787
file	packages/tldraw/src/lib/shapes/geo/GeoShapeUtil.tsx	2697d889baa7b156c4584916ea6d81109debf8085c720852b40fbab2faa21ab6	1790416431395.6794
file	packages/tldraw/src/lib/shapes/geo/getGeoShapePath.ts	a6885046f478280ba99f48cbda673cfecf31394f95ac9ee6116e2cbd4e34b115	1790416431396.1821
file	packages/tldraw/src/lib/shapes/geo/toolStates/Idle.ts	0805e9fec397116aea60bc4fdddc5b749af9eee7af62ac74150b52433faa5512	1790416431397.181
file	packages/tldraw/src/lib/shapes/geo/toolStates/Pointing.ts	c830a3d8e4a0810e9a05886b8aac5e73604f1fa55d988e31d0d89ce2518e7b24	1790416431398.1777
file	packages/tldraw/src/lib/shapes/highlight/HighlightShapeTool.test.ts	ce79b9b593503d94b5bceb6f02e5ed8dce69a8e8003d730b949062bf20583d41	1790416431399.6794
file	packages/tldraw/src/lib/shapes/highlight/HighlightShapeTool.ts	698c71c293428d40cf5afa32f2c0de9d1f1c13193da0628f120f6c0c568efdd5	1790416431400.6782
file	packages/tldraw/src/lib/shapes/highlight/HighlightShapeUtil.test.ts	6c6edc3b90b841e3f5e51bc746967ddf66b194e4fe3254c15f641244e081fe03	1790416431401.179
file	packages/tldraw/src/lib/shapes/highlight/HighlightShapeUtil.tsx	9ee200df46c91a5d3a97c1eb52744d6c9e5a1274b8b300997b265a3a08607185	1790416431402.1777
file	packages/tldraw/src/lib/shapes/image/ImageAlphaCache.ts	40e9c3860e471195ea701a963b5c75ea24e3c0c198c2b1711baf1b3e773ad7f7	1790416431403.1797
file	packages/tldraw/src/lib/shapes/image/ImageAlphaGeometry.ts	080eb2ea5b9237437fadbed18982ce87ff0ca97185f7877caa1fc8582aefc325	1790416431403.6797
file	packages/tldraw/src/lib/shapes/image/ImageShapeUtil.tsx	2f151e2a62ae15cf9a472bc5ddae54a00026cad5cdd8b399775292b53402e485	1790416431404.177
file	packages/tldraw/src/lib/shapes/line/LineShapeTool.test.ts	7c1cf8bbea0ba35e4c00113cecb8e12de882972904c9d4f07ad6342b8b681212	1790416431405.68
file	packages/tldraw/src/lib/shapes/line/LineShapeTool.ts	2b2f68479013f2db9606e97d33d78333aecfec0c6ad7b96999930ed89e7fe8db	1790416431406.1812
file	packages/tldraw/src/lib/shapes/line/LineShapeUtil.test.tsx	b7b3d1c6f5018aa8adbcde09e86d6346b39813ed95a3397cccd73552c7f94ba2	1790416431406.6807
file	packages/tldraw/src/lib/shapes/line/LineShapeUtil.tsx	0370b38e8a8f8135213a2685e2cc67083c4bcdc4c9736b7ca058f4bc3203e2fe	1790416431407.6782
file	packages/tldraw/src/lib/shapes/line/toolStates/Idle.ts	511a227483f09dc2784e2109bbab164d890cf8f494ae10d0c18f9a104ce8230c	1790416431409.1782
file	packages/tldraw/src/lib/shapes/line/toolStates/Pointing.ts	cb43a593ab917394bc33b46c76ffafaef6942a4678a144fef02db2df551e3418	1790416431409.6777
file	packages/tldraw/src/lib/shapes/note/NoteShapeTool.test.ts	242220a18af718dd92e8f8e0657b16ae45ec8aa6c5b6156f59b521dd32c41538	1790416431410.6785
file	packages/tldraw/src/lib/shapes/note/NoteShapeTool.ts	fbbe218b68268e2e815d295eae0a121dabfd4cba0fb621505013f5fa0fbb2000	1790416431411.6814
file	packages/tldraw/src/lib/shapes/note/NoteShapeUtil.tsx	91651919a93cdc5c6fe2d918e9bb19bda4bb3a5ebd7e70b0769f51dede555961	1790416431412.6797
file	packages/tldraw/src/lib/shapes/note/noteCloning.test.ts	e63e244631f5f855ea383e165079bc6a066e158763f7e63973f7bf677fb4c7ad	1790416431413.1787
file	packages/tldraw/src/lib/shapes/note/noteHelpers.ts	87c47653ce08fd5953d6a50c295c88b9906dd958001dfa670b40052c68fe6ebd	1790416431414.1792
file	packages/tldraw/src/lib/shapes/note/toolStates/Idle.ts	7e0598a63548010211a7549dd0a61a9ff9b4a2186ee1453d29449d6f392a4484	1790416431415.181
file	packages/tldraw/src/lib/shapes/note/toolStates/Pointing.ts	e36f604848b0e2c00604541da45ebc11cb07165109982b5db90f95ca8002566f	1790416431416.1794
file	packages/tldraw/src/lib/shapes/shared/BrokenAssetIcon.tsx	d24901f9004db978b56da50ff3a26634a7943b8a6a3404bfe472b7b5666fc187	1790416431417.178
file	packages/tldraw/src/lib/shapes/shared/HyperlinkButton.tsx	3d23901b20faf4395305006ea59e4493e079f082585809507286d86a86c3fdea	1790416431418.1782
file	packages/tldraw/src/lib/shapes/shared/PathBuilder.test.tsx	a02a937b5e915f8a61bf691ae4417c85bfd6690fbd9235050050ce255b431c68	1790416431424.6814
file	packages/tldraw/src/lib/shapes/shared/PathBuilder.tsx	05f60cd4624921ba1fa65c1d63f7ce8a8ad670a757028e0983edef856de5b3f3	1790416431426.179
file	packages/tldraw/src/lib/shapes/shared/PatternFill.tsx	4ce75425ce6c1877123e8b0ff9a87fb4bd04cb13791c6e018d93bf987b9d4e0a	1790416431426.6782
file	packages/tldraw/src/lib/shapes/shared/PlainTextLabel.tsx	1dcf68ac1704681f0addd5d42dd11ba9fe63609f9a7c81f7640dbedec33a79d5	1790416431427.6797
file	packages/tldraw/src/lib/shapes/shared/RichTextLabel.tsx	8d82c57f81850d3bcace4bcbb39b27441d5f628a7ae6eae4da9e012166fa415c	1790416431428.679
file	packages/tldraw/src/lib/shapes/shared/TextHelpers.ts	77454d05abe43cbaf59af9f98e79ae2bbb2752205a22e79bfaba330ebb816832	1790416431429.1792
file	packages/tldraw/src/lib/shapes/shared/createTextJsxFromSpans.tsx	7c111097add72f5aa128a8621ead8afe81b4a813e3c18a7aece565580eb838e9	1790416431430.178
file	packages/tldraw/src/lib/shapes/shared/crop.ts	824bd821a65bfa8f2fcb1bc8542b665c7791773a944668fe9869b32599a05e35	1790416431431.1772
file	packages/tldraw/src/lib/shapes/shared/default-shape-constants.ts	1cb87998e35232e19001b2ffca55d5694e30d19ce9044a3ac3fa6e6071737455	1790416431432.1846
file	packages/tldraw/src/lib/shapes/shared/defaultFills.ts	c467864366d519fa87cb02c1aa0f53d7563d95ce060b450e57f3def8feaaa3fa	1790416431432.6804
file	packages/tldraw/src/lib/shapes/shared/defaultFonts.tsx	3976180c5c1fea8c7e2b5f31bf56842864413326b5c67161cf98404e645753b4	1790416431433.1777
file	packages/tldraw/src/lib/shapes/shared/defaultStyleDefs.tsx	dfa52fdd9b81354c111e3ceb8ad716c4bd5b3c40d57e9bf01fc246ed253c75bd	1790416431434.1792
file	packages/tldraw/src/lib/shapes/shared/flip.ts	3071f24a7697bcdfe521c7110ce911c78c78bd222b19c72ffcb2fa4f88959553	1790416431435.1794
file	packages/tldraw/src/lib/shapes/shared/freehand/core.ts	f0bb752afba162e6cf2ce6193b3a1da4ab4805d2666a70a5f564dbf871e178b7	1790416431437.181
file	packages/tldraw/src/lib/shapes/shared/freehand/fmt.ts	bbc451682e3b39b6e50374c363a7de7ab8ad3d8170dc1b34830bde48f66c744e	1790416431438.178
file	packages/tldraw/src/lib/shapes/shared/freehand/getStroke.ts	1bf89415a74d6e5421e9efbb375ba4b5e6d975dcccb35cc5b307898a293d9790	1790416431439.181
file	packages/tldraw/src/lib/shapes/shared/freehand/getStrokeOutlinePoints.ts	915a14ee05fe838fd9cd51fec8edebf165f9ef45fdacfaf0009b8f1bf5d1e816	1790416431439.6797
file	packages/tldraw/src/lib/shapes/shared/freehand/getStrokePoints.ts	a45c5feb5180fec136b221dc8c8e12da814d0b243f061e6f62f053253d3934d2	1790416431440.677
file	packages/tldraw/src/lib/shapes/shared/freehand/svg.ts	9b03173af6f7a439d22b84935d0929067dfe709764a186776275eb25aa290189	1790416431441.1794
file	packages/tldraw/src/lib/shapes/shared/freehand/svgInk.ts	f8783e9f2eb98ac220ec089485477ad1d3b11d60b26e7c81bfb6579962d5538a	1790416431442.1768
file	packages/tldraw/src/lib/shapes/shared/freehand/types.ts	edec7ac1d0b09137c6f507e2e7dcc9bfaf5360abd262b11eefa301502790ca63	1790416431442.6772
file	packages/tldraw/src/lib/shapes/shared/getDisplayValues.ts	85a6852254ea7298c9220cf08f84d5b66ec9ab5da3cca90deaad7e055925d29e	1790416431443.176
file	packages/tldraw/src/lib/shapes/shared/icons-editor.ts	c3fac2bb520234e3a7b155a91b39239d73520a8ce4a8e6e92ea656a7aa350d18	1790416431444.1792
file	packages/tldraw/src/lib/shapes/shared/interpolate-props.ts	701babf4c4b5e977e41ded88a54547bccbc31be96200a10b79d67fc20d15c432	1790416431445.18
file	packages/tldraw/src/lib/shapes/shared/legacyProps.ts	481ab090be41962780e4a65837d73aa43d922cb8441eae59d4aead52fc1de9d5	1790416431445.6772
file	packages/tldraw/src/lib/shapes/shared/rotated-box-shadow.ts	4736e41c879f510e935b1b80cf0218417613f378bf59278b771dbdd138a0b6fc	1790416431446.6782
file	packages/tldraw/src/lib/shapes/shared/useEditablePlainText.ts	7d21e81069f7b1ae374ebda3361b10ca0a96ed2c884ad8a7321a7e63694cfabb	1790416431447.68
file	packages/tldraw/src/lib/shapes/shared/useEditableRichText.ts	2e108fb0fa839256b26ddf8139923314ab509de4941087433886068178cb1dc2	1790416431448.6777
file	packages/tldraw/src/lib/shapes/shared/useEfficientZoomThreshold.ts	708389961397bbbb83b33ba00e16558fef2e31480e567c389dedabaf96df30c4	1790416431449.1785
file	packages/tldraw/src/lib/shapes/shared/useImageOrVideoAsset.ts	a6a1439ca5c5d07839ef037093572c1c285c908429a0a40a6b0736bc67c69212	1790416431449.6782
file	packages/tldraw/src/lib/shapes/shared/usePrefersReducedMotion.tsx	28ab50996af78e669fc68865acb0afcadc3ee9f8bc6184f99bc5ab02ff801080	1790416431450.6802
file	packages/tldraw/src/lib/shapes/text/PlainTextArea.tsx	993173d559f1be9641d3e847514e30f78a374c3a4cb1237e91cc7252d4dff54d	1790416431451.6814
file	packages/tldraw/src/lib/shapes/text/RichTextArea.tsx	0d82a20bc765ef822add22b7610ce058bcdd28a0e509f849ab7d44991d2fbc92	1790416431452.6797
file	packages/tldraw/src/lib/shapes/text/TextShapeTool.test.ts	9cbee54bb7c194a301116f5bc102e7f918ad5053d8f583f4852fadb67f7412aa	1790416431453.18
file	packages/tldraw/src/lib/shapes/text/TextShapeTool.ts	ed2fb1223bf24ba482052293fe1868429286a5f8d68f7c50a9e18a122b0fbffd	1790416431454.1797
file	packages/tldraw/src/lib/shapes/text/TextShapeUtil.tsx	d7a746309974eed06a0e91b28c6c845480819e013ac1d2fc321439e944b18341	1790416431454.6782
file	packages/tldraw/src/lib/shapes/text/toolStates/Idle.ts	614c14845060b1476cbb3e3e48eb504dde452bcf2a3c29e17ceb0b71065d1d52	1790416431455.677
file	packages/tldraw/src/lib/shapes/text/toolStates/Pointing.ts	ae9a61b315a9b860e8c6bc526b6e51d1c1730393504d975bc97a8dfc3d0c782a	1790416431456.6765
file	packages/tldraw/src/lib/shapes/video/VideoShapeUtil.tsx	1a872c93260fb7914beca3a6ae18df117201b0530d7d25b935397e30b55ec187	1790416431457.6775
file	packages/tldraw/src/lib/styles.tsx	c64cc70f488e34695e5c9c04b7a31681cd8add295075e24702389c8b62ba2839	1790416431458.1765
file	packages/tldraw/src/lib/tools/EraserTool/EraserTool.ts	7e0a59be12c00cd82ab51ee133b9dbf105af8f98aaa805db7b23550497dd299a	1790416431459.6787
file	packages/tldraw/src/lib/tools/EraserTool/childStates/Erasing.ts	b291b3e68d1498b0a88766d9eaeb242ec196c6e4c448991b1f2b568f095b22c1	1790416431460.6782
file	packages/tldraw/src/lib/tools/EraserTool/childStates/Idle.ts	df3908371aea41f659cab114fde94d2c38bc475656cbb85632796d60adcb867f	1790416431461.6775
file	packages/tldraw/src/lib/tools/EraserTool/childStates/Pointing.ts	ba92ad75d83b1ae375e58e575182ce812accde57d07d4df39386370b0caad9bb	1790416431462.177
file	packages/tldraw/src/lib/tools/HandTool/HandTool.ts	e0634809b817b77ca555774bcaeb939f336e3b9f25dbe87ccda76094fb8bc454	1790416431463.179
file	packages/tldraw/src/lib/tools/HandTool/childStates/Dragging.ts	18f51d43c662277b67a78db6b820750facce2aeae93d34f877ee29eb8aec6c0c	1790416431463.6768
file	packages/tldraw/src/lib/tools/HandTool/childStates/Idle.ts	9741c59b62ae62449a5583962580c6abf64fca07414803262acfee680d907c28	1790416431464.6777
file	packages/tldraw/src/lib/tools/HandTool/childStates/OneFingerZooming.ts	4a9f87979ad7c58c8e02e4a0ed45a8c474292add452dc8191f74d1ce5b33047e	1790416431465.1775
file	packages/tldraw/src/lib/tools/HandTool/childStates/Pointing.ts	ca6511053f30eface181a93630444266efbc3cb0f1075d81087263a85ac4c2e0	1790416431466.1785
file	packages/tldraw/src/lib/tools/LaserTool/LaserTool.ts	9381540b32ff938ad76e1731c4118840dabeb8c54f6dff183f645a0f1eddb6ab	1790416431467.1797
file	packages/tldraw/src/lib/tools/LaserTool/childStates/Idle.ts	c6e12b98a00935dcbbf50d5ba918f71dee73d124858ca256fa6d6aef9dc27f06	1790416431468.177
file	packages/tldraw/src/lib/tools/LaserTool/childStates/Lasering.ts	3d62ac9390b826a91a4c6ef96e38739e64839ce44955538b88dee7411b7bbecf	1790416431468.677
file	packages/tldraw/src/lib/tools/SelectTool/DragAndDropManager.ts	33f6ff881613ab0fb79703497e073499d5bc8ba50bbb5f29d2a7b955f6363495	1790416431469.6765
file	packages/tldraw/src/lib/tools/SelectTool/SelectTool.ts	7c6d3dfa0849ad45b661d51949e763c78c128966e69b487f63a37583b1e405d8	1790416431470.177
file	packages/tldraw/src/lib/tools/SelectTool/childStates/Brushing.ts	758670aa34c97e2c2225b012a393a1edf2bc1d62992c3b191734c79f26ba7aa1	1790416431471.1763
file	packages/tldraw/src/lib/tools/SelectTool/childStates/Crop/Crop.ts	0717d9894cd6e6ef517065b0e5c4537cf7106f40e5340397b94b3d57b005693e	1790416431472.1797
file	packages/tldraw/src/lib/tools/SelectTool/childStates/Crop/children/Cropping.ts	495dde47519c8c34ef252544849a0788efdbe2d008f4254ed7f7079c52c387ac	1790416431473.6797
file	packages/tldraw/src/lib/tools/SelectTool/childStates/Crop/children/Idle.ts	d5212242b099fc807f2c334bacc3ae3f7a6ddfd545d8e2e99c305cb3c34fce1f	1790416431474.6853
file	packages/tldraw/src/lib/tools/SelectTool/childStates/Crop/children/PointingCrop.ts	81e375678dc128fcafe35ec6d4d1138fc5504da570c0c14c2cf10fe8718b1f4d	1790416431475.1787
file	packages/tldraw/src/lib/tools/SelectTool/childStates/Crop/children/PointingCropHandle.ts	64c4e122306992393a7e2733a2dbdf0f71c670c59effcf93dab31fccd971db8b	1790416431476.1794
file	packages/tldraw/src/lib/tools/SelectTool/childStates/Crop/children/TranslatingCrop.ts	556a2b1d713e2948e228aded526d6e7a4e74e08a5d9d89ffe768060e5bb08237	1790416431476.6802
file	packages/tldraw/src/lib/tools/SelectTool/childStates/Crop/children/crop_helpers.ts	67adbb315349b76cbbfb7e1260ca6132b9f5ee23f794aaa03c0b67156433484f	1790416431477.6804
file	packages/tldraw/src/lib/tools/SelectTool/childStates/DraggingHandle.tsx	687ffd82e3d541dbcec5fd20596eafe31882c38783e23859bb7ab59f729d8c28	1790416431478.6807
file	packages/tldraw/src/lib/tools/SelectTool/childStates/EditingShape.ts	23e049cc99cf9458693b51027d8c7442e80239e021314c91cbd376b6d55ec089	1790416431479.68
file	packages/tldraw/src/lib/tools/SelectTool/childStates/Idle.ts	e94cdde92741cd1cbf76069885cb80b133e0473251221092b9164bfb8919b21b	1790416431480.68
file	packages/tldraw/src/lib/tools/SelectTool/childStates/PointingArrowLabel.ts	cb282a21c4967abab4d633d73e2f4a9d59d07ed9110e66c2ebf6da09cfb7475d	1790416431481.18
file	packages/tldraw/src/lib/tools/SelectTool/childStates/PointingCanvas.ts	d95e85329969136ca94b7e9e13a818f126e885c44bcc55c2b6b432406a7615be	1790416431482.1802
file	packages/tldraw/src/lib/tools/SelectTool/childStates/PointingHandle.ts	c37f782b5f93fb491d7558e689612e6d03bc216b55082ba6507c57b73a70d70f	1790416431482.6816
file	packages/tldraw/src/lib/tools/SelectTool/childStates/PointingResizeHandle.ts	3d1eede699f14f403aa659c3e9bf9b2498433a1e3681d32acfbbdb7e94067475	1790416431483.6804
file	packages/tldraw/src/lib/tools/SelectTool/childStates/PointingRotateHandle.ts	56da1e847d9f4da0bff9efb7f6eb66fcc2577caffd14e86ff237d357421b885d	1790416431484.1782
file	packages/tldraw/src/lib/tools/SelectTool/childStates/PointingSelection.ts	cac0f71682030e198b843b3857bf99746d039228a860ac6261776a1255fbbc4e	1790416431484.678
file	packages/tldraw/src/lib/tools/SelectTool/childStates/PointingShape.ts	17938988a5097e51513cc771eb2441ebc144e53fe04966f7499f33b828b05487	1790416431485.1802
file	packages/tldraw/src/lib/tools/SelectTool/childStates/Resizing.ts	7c7993b872623d36329257225909f54c2bbe1e962ba98b67780256bc3413f0ec	1790416431485.6772
file	packages/tldraw/src/lib/tools/SelectTool/childStates/Rotating.ts	0411266de11886381d6e8cf90bbe083356c8546a47ec227e7c33f6b9ddc8728e	1790416431486.6792
file	packages/tldraw/src/lib/tools/SelectTool/childStates/ScribbleBrushing.ts	b224f05731a2b3e5ed4a0e77bddf4ddd19de54b368e9f6018754a81d88a542c2	1790416431487.179
file	packages/tldraw/src/lib/tools/SelectTool/childStates/Translating.ts	e171fc403b94fcd84361619588da09269ef8eafdcfd5c01d75436ba79312ef0d	1790416431487.6785
file	packages/tldraw/src/lib/tools/SelectTool/selectHelpers.ts	f85abc45ece3a28fe5339ee6cb17a48c92b2d554c96ec1f40d5951e237fdc928	1790416431488.179
file	packages/tldraw/src/lib/tools/ZoomTool/ZoomTool.ts	b7ea1637c8f264445cc741e7dd51f98b5cb8cc00c222705f424ac0528bfe9e67	1790416431489.177
file	packages/tldraw/src/lib/tools/ZoomTool/childStates/Idle.ts	773817097216fb1acd1f78b8460e0c519a3e2fe61279b738512b9f1fe6be30c6	1790416431490.1792
file	packages/tldraw/src/lib/tools/ZoomTool/childStates/Pointing.ts	d255cf8a50b0dd28a246b9e411c70cf87002a2d33120ddb2ab8a596a595315ea	1790416431490.6804
file	packages/tldraw/src/lib/tools/ZoomTool/childStates/ZoomBrushing.ts	6b8d16bfcd6ecc3e88891462e2deeb18053c2ddd72b730e876235057a62ad8ef	1790416431491.1797
file	packages/tldraw/src/lib/tools/ZoomTool/childStates/ZoomQuick.ts	d13f9c71d6031109b08427bbcda9f898428d529723e5937e3a6c0f3e27821733	1790416431491.6787
file	packages/tldraw/src/lib/tools/selection-logic/getHitShapeOnCanvasPointerDown.ts	907b429d189c0179ec27ba8c1e6f6188efd9e2ab3418cfa548ac5044b57e96bc	1790416431492.679
file	packages/tldraw/src/lib/tools/selection-logic/selectOnCanvasPointerUp.ts	8effb53edd7ba890bae19627827eef068c2b73b3c4f1b3209319d3244e508ab2	1790416431493.1797
file	packages/tldraw/src/lib/tools/selection-logic/updateHoveredOverlayId.ts	dec33b95ff4c7939ba3835f27807da573fec4edac2ec4284cb373b1713c7752e	1790416431494.6772
file	packages/tldraw/src/lib/tools/selection-logic/updateHoveredShapeId.ts	01be4ffc6a4aba3731a9165e066943b36fae11037bbf400df04c47cf6cc6afec	1790416431495.1768
file	packages/tldraw/src/lib/ui/TldrawUi.tsx	b4167dffb7722f9dad3c7d5a4300437dd2193190bf5b20bcd99a2dbaf957eea3	1790416431497.1785
file	packages/tldraw/src/lib/ui/assetUrls.ts	498b9374b94226be94827d9279dda3463f46d07f428c388724f2eeb9d3600697	1790416431498.1785
file	packages/tldraw/src/lib/ui/components/A11y.tsx	2096f4ad3a9effb9ef4e7b235c7471c32603a73598e57bf818b4461c59b55fee	1790416431499.1785
file	packages/tldraw/src/lib/ui/components/AccessibilityMenu.tsx	2e63530c3f5a3d3d6c4ea76c08d0d4ec359e9ff9ddda379e5720007fb12d053d	1790416431499.6792
file	packages/tldraw/src/lib/ui/components/ActionsMenu/DefaultActionsMenu.tsx	0fad3a682a3f209dbe06ad02f5c300c70a6e8f4168459aebdea8eec5fa18bfa2	1790416431501.1787
file	packages/tldraw/src/lib/ui/components/ActionsMenu/DefaultActionsMenuContent.tsx	668bcf965884db47e00a90e9baa1e81a8cac8344172ac256eb749ba47446f46c	1790416431502.1792
file	packages/tldraw/src/lib/ui/components/ColorSchemeMenu.tsx	4b75bcfa72e55df8eed8f6f418d4c738533bacaeb9f6cc63104a261964a4c0cb	1790416431503.179
file	packages/tldraw/src/lib/ui/components/ContextMenu/DefaultContextMenu.tsx	a2cd006932eb36e07aadeecf07f60bef0d1c369c16d5f24a8719b795c87f5490	1790416431504.1777
file	packages/tldraw/src/lib/ui/components/ContextMenu/DefaultContextMenuContent.tsx	0d3e283c0684d1039bace87330ebbbf637967a5487975a80b5698c3a6bea1015	1790416431504.6792
file	packages/tldraw/src/lib/ui/components/CursorChatBubble.tsx	946a028446a66de8183d399e3e1ae204971dd7dca55c7cd481e70b78b0ac804f	1790416431505.1785
file	packages/tldraw/src/lib/ui/components/DebugMenu/DefaultDebugMenu.tsx	189685b2641421bdf40fdf5c5b1fbab317a5a0f3b1e2641fc4dd034951444395	1790416431506.1775
file	packages/tldraw/src/lib/ui/components/DebugMenu/DefaultDebugMenuContent.tsx	5428e2a20d3f1016fd9e78d8f53ef0330da44473b3a3153dba98cf538ff6fdc6	1790416431506.6792
file	packages/tldraw/src/lib/ui/components/DefaultDebugPanel.tsx	9258438806b427c6f12082bf933b14a6163ebb401d0c3fb9f258a5c98f1310c3	1790416431507.678
file	packages/tldraw/src/lib/ui/components/DefaultFollowingIndicator.tsx	41e56b04585a2e768ce8b3128d1d7451bd74abb23c2dbcb99154eeeb457d1580	1790416431508.6812
file	packages/tldraw/src/lib/ui/components/DefaultMenuPanel.tsx	6951a9c2e83d9026645e0fc55086519bd3465cc7755364e159baccb7f86a8397	1790416431509.1794
file	packages/tldraw/src/lib/ui/components/Dialogs.tsx	887c5c71e57a9224a1fac819dd336610ff974e49e5658bc6c942f5ac7760b20a	1790416431509.679
file	packages/tldraw/src/lib/ui/components/EditLinkDialog.tsx	073d66f751c35e88766b180c28c6976db814b7bd41ff29ff833f2f00ca8f22e6	1790416431510.1785
file	packages/tldraw/src/lib/ui/components/EmbedDialog.tsx	f4275de505546de9dc7a4d9dd94d45edf672fd9112b198a24247ab5d609c08bf	1790416431510.6782
file	packages/tldraw/src/lib/ui/components/HelpMenu/DefaultHelpMenu.tsx	b1fbb510f641357475b2515cd32d512a6597b693a8a60d9ce59412779c132d00	1790416431511.6785
file	packages/tldraw/src/lib/ui/components/HelpMenu/DefaultHelpMenuContent.tsx	899bcd219ce99b598288e3a8c37acfb4b1fb3c950c73bbb24bf9352c6cd71831	1790416431512.6772
file	packages/tldraw/src/lib/ui/components/HelperButtons/BackToContent.tsx	39df8ba57d0e8e76fc09b9b04ab536db63bf172c14af78d8417c4a1def6b0c49	1790416431513.6802
file	packages/tldraw/src/lib/ui/components/HelperButtons/DefaultHelperButtons.tsx	7e1ca844875c8fac16bef0d4eae3be1ef7393462682c04210dd41e71b599421f	1790416431514.681
file	packages/tldraw/src/lib/ui/components/HelperButtons/DefaultHelperButtonsContent.tsx	c8f95f4a5fcd8fce631281fd5544a7bc0219a1306d66b059d968cce4e95029b4	1790416431515.6802
file	packages/tldraw/src/lib/ui/components/HelperButtons/ExitPenMode.tsx	ff36927e33c3255b27e4b09d297485fb1f325dcb3ed3a6cf20f9dc6bdc107c98	1790416431516.1797
file	packages/tldraw/src/lib/ui/components/HelperButtons/StopFollowing.tsx	39c361b54302d36a807e6c0502721668f2993a6fdfb64eac221aca13233963ab	1790416431517.1792
file	packages/tldraw/src/lib/ui/components/InputModeMenu.tsx	905e5adb3b7f3dd96bd3e6e4138315afd62a21029179469fb0707195f536fcef	1790416431517.6804
file	packages/tldraw/src/lib/ui/components/KeyboardShortcutsDialog/DefaultKeyboardShortcutsDialog.tsx	1612cbb3ff18e88d34dd584753c05faa6c70aa887320c4ea6498c817e6d38ff7	1790416431519.179
file	packages/tldraw/src/lib/ui/components/KeyboardShortcutsDialog/DefaultKeyboardShortcutsDialogContent.tsx	0b1d516a314ec9cccc024c18b9b9246416ef1472a33421451b9c38a40baefedc	1790416431519.6782
file	packages/tldraw/src/lib/ui/components/LanguageMenu.tsx	1653014d40cc8b1b59a8529c4c51221f9c9823f0c36cffec0b6826b4c79ae105	1790416431520.6782
file	packages/tldraw/src/lib/ui/components/LoadingScreen.tsx	529642528ac1cea2d072d000bfb4cd208c4b48a383f389b356729f2c10088113	1790416431521.1787
file	packages/tldraw/src/lib/ui/components/MainMenu/DefaultMainMenu.tsx	e9d204a3fb08ea3f888dd1ff032d5152435e30156169cb5bebef5d49cffa7701	1790416431522.6792
file	packages/tldraw/src/lib/ui/components/MainMenu/DefaultMainMenuContent.tsx	1c421f3fe11b16157383f2d59f397957884ee2ec1859b7dde04c25ca5599e6ee	1790416431523.6794
file	packages/tldraw/src/lib/ui/components/Minimap/DefaultMinimap.tsx	31f2d097de420cfbddea1b9d1d4c992185aa99ad3db46f978abb61dad1564f45	1790416431525.178
file	packages/tldraw/src/lib/ui/components/Minimap/MinimapManager.ts	66b591b02b53d0aafe2935bd6b80739f4b565f228ef5cf43b1a61fe39cc7850d	1790416431525.678
file	packages/tldraw/src/lib/ui/components/MobileStylePanel.tsx	f043b00805d60117b612db6f6e253c16288c5af00e5853c41399bebdbed0ee0a	1790416431526.6777
file	packages/tldraw/src/lib/ui/components/NavigationPanel/DefaultNavigationPanel.tsx	8377b980d1c43204a870c1fa69900d75fc3c163cbf42170d18e85d34439e11f5	1790416431528.1785
file	packages/tldraw/src/lib/ui/components/OfflineIndicator/OfflineIndicator.tsx	50581e8caf05c898c453d3557560b9c25985e783677470bfc8187b7a5eb3432d	1790416431529.1797
file	packages/tldraw/src/lib/ui/components/PageMenu/DefaultPageMenu.tsx	ad840502bd5a57c4ebca47afe6eca11567b854922af0fe0a3cf695e35a0faa28	1790416431530.679
file	packages/tldraw/src/lib/ui/components/PageMenu/PageItemInput.tsx	402cabf7a669ed31d081569d4686a55e1598b49928de6c818a4368d67e4c1f95	1790416431531.1782
file	packages/tldraw/src/lib/ui/components/PageMenu/PageItemSubmenu.tsx	2f68ae7bd1fb6aaa61a887393876a4c74cc0b56a5c79cf0141700f3de968b73d	1790416431532.1782
file	packages/tldraw/src/lib/ui/components/PageMenu/edit-pages-shared.ts	45df13096e883aebfaa2262fa8368725f3b69984b2b2524ff88b2b81635a3660	1790416431533.18
file	packages/tldraw/src/lib/ui/components/QuickActions/DefaultQuickActions.tsx	554c1aeeafe5afe47a4f933440d7ff6af6d9307faab31cd958e0740ab35d7eb4	1790416431534.1787
file	packages/tldraw/src/lib/ui/components/QuickActions/DefaultQuickActionsContent.tsx	bf7debad0558d2cc8319315fd9fa43478b2178562f906299083f901c58a55e76	1790416431534.6792
file	packages/tldraw/src/lib/ui/components/SharePanel/DefaultPeopleMenu.tsx	851a525fa0b42bcc87dc9da549942e046be49df8a56b608837e956e232766530	1790416431536.1802
file	packages/tldraw/src/lib/ui/components/SharePanel/DefaultPeopleMenuAvatar.tsx	2c584a2eef51c3d1f12b8d6d2ee10968407d82473e8603bd9dc5ac438c0dfa00	1790416431536.6814
file	packages/tldraw/src/lib/ui/components/SharePanel/DefaultPeopleMenuContent.tsx	b5af67df3a34b563d4453e2744dbb66f590c2059482d71f708a69acc01fd4fd0	1790416431537.6775
file	packages/tldraw/src/lib/ui/components/SharePanel/DefaultPeopleMenuFacePile.tsx	a1ab05baa2ec6f3356a9910211c0c5da7aa199bb616b81dafd93c0d7024802d2	1790416431538.182
file	packages/tldraw/src/lib/ui/components/SharePanel/DefaultPeopleMenuItem.tsx	52aeb95fecac3fa30c43adb3a5ae2f2b235e34f213ea5bc2489dcc212628d6cf	1790416431538.6787
file	packages/tldraw/src/lib/ui/components/SharePanel/DefaultSharePanel.tsx	d1f405f132b85e3746767b2ea741a04838173572873cefaa2599a620a0a749e6	1790416431539.1785
file	packages/tldraw/src/lib/ui/components/SharePanel/DefaultUserPresenceEditor.tsx	42551bc79cfda38ba3bfc68950dfe011f1c7d92be43c1387230ae4882548db46	1790416431540.1807
file	packages/tldraw/src/lib/ui/components/SharePanel/UserPresenceColorPicker.tsx	83d3764e54bbae6828efe6a8f8af775ff122c7e2541872bb7e9686de357d9314	1790416431541.1802
file	packages/tldraw/src/lib/ui/components/Spinner.tsx	33c1b0aa264276f1a161e36fc3a20ce99ae1d6326299e3e39318c0c58d19b78b	1790416431541.6802
file	packages/tldraw/src/lib/ui/components/StylePanel/DefaultStylePanel.tsx	6483ebe2ae7c34de6f0374c9371d79908b8a3af486eac750621dad02b095447a	1790416431543.1802
file	packages/tldraw/src/lib/ui/components/StylePanel/DefaultStylePanelContent.tsx	015b36c65b1fdfdd192d72c7db948a7a690907be2bf44556c7d349d04cd8d1ef	1790416431544.1775
file	packages/tldraw/src/lib/ui/components/StylePanel/StylePanelButtonPicker.tsx	de5714dd384c6452fa318f5992c7d1fc1f28a8a660ba9cd76e92aec10b6309df	1790416431545.6797
file	packages/tldraw/src/lib/ui/components/StylePanel/StylePanelContext.tsx	142cd3cbc66f9bd1655177909ffbf7d5859163b348d97da89fd9f035e626de28	1790416431546.1804
file	packages/tldraw/src/lib/ui/components/StylePanel/StylePanelDoubleDropdownPicker.tsx	29733887f78e12ba7c5d3a7d32a05de4d89b618769f49678050e6bd08fef6ec5	1790416431547.1804
file	packages/tldraw/src/lib/ui/components/StylePanel/StylePanelDropdownPicker.tsx	381492a812aeed019c401b1ae5dd1d91629cc6db7ad7665da07d682d1c574f5f	1790416431548.1797
file	packages/tldraw/src/lib/ui/components/StylePanel/StylePanelSubheading.tsx	bef0ed3bfa3fab610c4ae655f54d365a0b39df2c88212afd8fe74ad6694393ff	1790416431549.1785
file	packages/tldraw/src/lib/ui/components/Toasts.tsx	5a78a9ab87b41a5f9694a02eda6dbf948f31f0baa2086bbbf6ad10c988ae6136	1790416431549.6794
file	packages/tldraw/src/lib/ui/components/Toolbar/AltTextEditor.tsx	9a941ed38af5a79ccb5b86085c789487e87b7b534cf10c1d958746f79bcfd437	1790416431551.1802
file	packages/tldraw/src/lib/ui/components/Toolbar/DefaultImageToolbar.tsx	1dd4a6be43de4660f0019cd8c0c20145bff858889750e2b2d3651e59dbb85726	1790416431552.1777
file	packages/tldraw/src/lib/ui/components/Toolbar/DefaultImageToolbarContent.tsx	13690d3a488c303baad5b97da09bc1dbc06209929dd06960b35fd1be54179610	1790416431553.1787
file	packages/tldraw/src/lib/ui/components/Toolbar/DefaultRichTextToolbar.tsx	53c122dafcf0491e23a099993f6bd7d4b41a00892cfba8fc5a7aa8a7e854005e	1790416431554.1777
file	packages/tldraw/src/lib/ui/components/Toolbar/DefaultRichTextToolbarContent.tsx	6d0dae8f13d1f4c4b130a824df1da4efc1480947a247c08bbd6d4478f768c8be	1790416431555.1802
file	packages/tldraw/src/lib/ui/components/Toolbar/DefaultToolbar.tsx	dee087f5ddb5b1261a29ee43b6e53102b21cbf4670e8162848ed7da303c3587e	1790416431556.1802
file	packages/tldraw/src/lib/ui/components/Toolbar/DefaultToolbarContent.tsx	647a68717e1b2056a0884c95a17f73f361c268e2fe23504110c44175f624e0dc	1790416431556.679
file	packages/tldraw/src/lib/ui/components/Toolbar/DefaultVideoToolbar.tsx	17f52dfe37f2c082a9d880b6f351182d687abfcaf2aab0e98c55f6e204808f9e	1790416431558.1814
file	packages/tldraw/src/lib/ui/components/Toolbar/DefaultVideoToolbarContent.tsx	b19edad8c3c31255c43d0986ee5fe4c6b121674cbd8c4a55b293c025fd9287e3	1790416431558.6812
file	packages/tldraw/src/lib/ui/components/Toolbar/LinkEditor.tsx	714df5e5a9e47faf2d37f5fe16628f01cef886740332006439c13497905a8373	1790416431559.6792
file	packages/tldraw/src/lib/ui/components/Toolbar/OverflowingToolbar.tsx	51eb7fe1a67a766cc5b0928167c01b8b8c418faf17e26562fb8ccfe6b62d27f5	1790416431560.1833
file	packages/tldraw/src/lib/ui/components/Toolbar/ToggleToolLockedButton.tsx	2c0627fd396b91e0944b42504d702e59df88d2cf45e6eafe43b9a8cbe8b01d45	1790416431561.181
file	packages/tldraw/src/lib/ui/components/TopPanel/CenteredTopPanelContainer.tsx	f3e00b5799ab0d22b8f49a32e4ce9d03e29ee0fe36c2dc8cc460b4d1dc0cf540	1790416431562.6794
file	packages/tldraw/src/lib/ui/components/ZoomMenu/DefaultZoomMenu.tsx	13c076488afcfd132923783a18e5dee5236eac556b55a50de5ea739f97bc0db7	1790416431564.1821
file	packages/tldraw/src/lib/ui/components/ZoomMenu/DefaultZoomMenuContent.tsx	eebd8acc59625feaedbabea5536f9f803a58495603cfae1ed80523035dae2825	1790416431565.1804
file	packages/tldraw/src/lib/ui/components/menu-items.tsx	c3c9a248a4cabddcf9f9eca0ad44628b4be0d0f82087255cb67e90ef9da38d0f	1790416431566.181
file	packages/tldraw/src/lib/ui/components/primitives/Button/TldrawUiButton.tsx	c6878dea860e7709514ebb95e2680064699dfa7f863364298e1bcc26066b4ad0	1790416431568.1804
file	packages/tldraw/src/lib/ui/components/primitives/Button/TldrawUiButtonCheck.tsx	a0a63610ccb3d9d99ad31ee97a7dc1654883c280d8540862ed770f386bde5134	1790416431568.6792
file	packages/tldraw/src/lib/ui/components/primitives/Button/TldrawUiButtonIcon.tsx	c0a5d5bec837ce2c66d9cc7cba6f0ee3ef8ac11361d1d607adefd92e37c8c6db	1790416431569.682
file	packages/tldraw/src/lib/ui/components/primitives/Button/TldrawUiButtonLabel.tsx	ad342a10d07a06e394ecb7e99a8c5d54b476c48f59d2d1439aa0aeee5c35455f	1790416431570.6816
file	packages/tldraw/src/lib/ui/components/primitives/Button/TldrawUiButtonSpinner.tsx	31b4671a2772ee5408e809fd3cb82d92ec7ffcce7d7f3dbf7c0f78d8ea8223c9	1790416431571.1833
file	packages/tldraw/src/lib/ui/components/primitives/TldrawUiContextualToolbar.tsx	cdae0ec1c50585a11110a31347e92b2ecff3afa8dbd7a0074fccb153e695bc70	1790416431572.1804
file	packages/tldraw/src/lib/ui/components/primitives/TldrawUiDialog.tsx	23c24604c7efaa6951c64f7e284e3a22903b3746817ca30b19fcde1a7c40c62d	1790416431573.18
file	packages/tldraw/src/lib/ui/components/primitives/TldrawUiDropdownMenu.tsx	20f606ece51a88328931234c5cb6e9fd7f6f51ccb03533a14833bb892ca10048	1790416431574.1797
file	packages/tldraw/src/lib/ui/components/primitives/TldrawUiIcon.tsx	3182ce1b4dc317133a2b1f9d0aa7c1602e51babfb9717f883c3581fa98b4dbd5	1790416431575.18
file	packages/tldraw/src/lib/ui/components/primitives/TldrawUiInput.tsx	1e3cabe2b23af09fee3bfe46b0952078d11cbb4839bb1e952b5cbe8994ed06e7	1790416431575.6821
file	packages/tldraw/src/lib/ui/components/primitives/TldrawUiKbd.tsx	52bb18b535e7c705ffc8d4ffd641f47772489d9aa058b04fe2f44dafb2147f4e	1790416431576.6792
file	packages/tldraw/src/lib/ui/components/primitives/TldrawUiPopover.tsx	205d21e5636b1dae588ddee29624fd26cd4aeacbc096dd4eba2fcd933a1cb8b2	1790416431577.68
file	packages/tldraw/src/lib/ui/components/primitives/TldrawUiSelect.tsx	8207bd25ee068a538654aac40340e41f0f6fd4e79eeb6aece2e68270238d1426	1790416431578.681
file	packages/tldraw/src/lib/ui/components/primitives/TldrawUiSlider.test.tsx	8a12522d5b2b81975158b0d5588dc1dbfe1f29593fff388bf6b2b935ffa77e88	1790416431579.1807
file	packages/tldraw/src/lib/ui/components/primitives/TldrawUiSlider.tsx	3866cf0e9ca91f6159460dca3a44f0367e9b0494b3ef4c676deaa38cef996220	1790416431579.6804
file	packages/tldraw/src/lib/ui/components/primitives/TldrawUiToolbar.tsx	4dd7adc3924c716d3ddd0433382472f5d8ac63f478bf9545242d4604669d2162	1790416431580.682
file	packages/tldraw/src/lib/ui/components/primitives/TldrawUiTooltip.tsx	fad955b5755b181f4e88f9fa6fc17c8f233823c16255af5aee31e43108d6689c	1790416431581.6787
file	packages/tldraw/src/lib/ui/components/primitives/layout.tsx	905b3904d7c6bdb7a5ac4c0a29e9d0e49b8094f08f29905cc3c17572911bcc0d	1790416431582.6797
file	packages/tldraw/src/lib/ui/components/primitives/menus/TldrawUiMenuActionCheckboxItem.tsx	9d320a61660a8acb7253e766abb9a7d8279e6818262779c31a6f2cdc5db14073	1790416431583.6794
file	packages/tldraw/src/lib/ui/components/primitives/menus/TldrawUiMenuActionItem.tsx	d28831a624e7285170d615e8d5fb8eb8b987254ad710d25d81de422333ecf98f	1790416431584.6814
file	packages/tldraw/src/lib/ui/components/primitives/menus/TldrawUiMenuCheckboxItem.tsx	903cfaf4cfa0f7a2de6af66a7ccad5ba6a1aff5de97961a0a4a531f78de3afab	1790416431585.6792
file	packages/tldraw/src/lib/ui/components/primitives/menus/TldrawUiMenuContext.tsx	2f7077cf92148fd7eb892deb27dc8f0a650fd66324c7b483378d278a416ced3b	1790416431586.1775
file	packages/tldraw/src/lib/ui/components/primitives/menus/TldrawUiMenuGroup.tsx	f926ca55ac898fee55ffe2b95645225bbf17f904b3a7adbcf271adf8de780026	1790416431587.18
file	packages/tldraw/src/lib/ui/components/primitives/menus/TldrawUiMenuItem.tsx	2627c4fa518a8ab994bceb3d765f0199fdcde4b5832a24ae229f638a1cc28312	1790416431588.1804
file	packages/tldraw/src/lib/ui/components/primitives/menus/TldrawUiMenuSubmenu.tsx	4d6719cd1f2ce71719e676fa7805a525128457ce302558255d1e32cf3bde5e1b	1790416431589.181
file	packages/tldraw/src/lib/ui/components/primitives/menus/TldrawUiMenuToolItem.tsx	ca06bb9073a585603c677dfdf16f9e1f769aae442e976f497a5ba2745b8bc876	1790416431589.6794
file	packages/tldraw/src/lib/ui/constants.ts	e8fa2fad757c8904b23f419c156726f4706e5b5cf7e3ec8113831bd6601d2742	1790416431590.6802
file	packages/tldraw/src/lib/ui/context/TldrawUiContextProvider.tsx	b4be74bd888673dc536e6052b3ff3f858f2c55bfd5a5cc41e269ed7dfed40f0e	1790416431592.179
file	packages/tldraw/src/lib/ui/context/a11y.tsx	d7ad22d86943dc3fb47a29f2578c64454ccc49a7e353f3bd0d1b23c643afbd7e	1790416431593.1797
file	packages/tldraw/src/lib/ui/context/actions.tsx	d9834f1bf6cd6eaeccd9c9781550deedad243221f290a9c3c6e8112f7cf3e914	1790416431594.679
file	packages/tldraw/src/lib/ui/context/asset-urls.tsx	b60b7e80b4e6233e931b898a431b4385bf09c0af96a3d9ebdcda7f1da09fa24a	1790416431595.6792
file	packages/tldraw/src/lib/ui/context/breakpoints.tsx	7f2d9f279b64f085c31cd8a1ffd67c4753cce1f77f28f67b76188031456537ea	1790416431596.6807
file	packages/tldraw/src/lib/ui/context/components.tsx	0265a8cdd915c170bb4a595a1d2726f638ac385439be59e79eb391878e0f7d00	1790416431597.1785
file	packages/tldraw/src/lib/ui/context/dialogs.tsx	8fa8258b7037baadf054d6f2850595920438ffaac650587fe9f93bfdbee451da	1790416431598.1787
file	packages/tldraw/src/lib/ui/context/events.tsx	ea09c81875e53ca9f0add57f2ad95f3e12a34fc904a5da892386900c9d5a110a	1790416431599.18
file	packages/tldraw/src/lib/ui/context/toasts.tsx	83fc18d11ed4473c6aa7f53cff182361db8ac4f624e86fff98ad8420f1d63429	1790416431600.178
file	packages/tldraw/src/lib/ui/getLocalFiles.ts	bc540229f22adc254d2a6916a8efd2c13029329937e3ba6268fb85c58209e4e9	1790416431601.1772
file	packages/tldraw/src/lib/ui/hooks/clipboard/pasteFiles.ts	2919ca93d1000240bddb899b5d1493239f6599bb71f205c7d951bdfd9d336d7f	1790416431603.179
file	packages/tldraw/src/lib/ui/hooks/clipboard/pasteUrl.ts	df02acac970090fc797e38cd9c8e9f94c326dbc5e60eb9de5ff3c51b701deb91	1790416431604.1787
file	packages/tldraw/src/lib/ui/hooks/clipboard/putPastedContent.ts	3460a9629584ed13d15444cf50964c00d9aa865cd1a33fb5f5400b892c2207c7	1790416431604.6797
file	packages/tldraw/src/lib/ui/hooks/menu-hooks.ts	43f6d5b136b69acb0ce53eec03ab3c38980eee8aa022a8feba4a6b7baf197aa7	1790416431605.6814
file	packages/tldraw/src/lib/ui/hooks/useClipboardEvents.ts	30bbcf245b085d9c2db9f7034f6f396eb16529ee2ccb143cfbb7f644c070c2d7	1790416431606.683
file	packages/tldraw/src/lib/ui/hooks/useCollaborationStatus.ts	acde99cdaf3b1f43a6efe4d6f40dc3e50cba6ce8ae5f4c50f84a09ca526fa29b	1790416431607.68
file	packages/tldraw/src/lib/ui/hooks/useCommentingEnabled.ts	be40453852302ba5ce7fbee5bc30d198e355730d7e94d5310ce5f22f330199bb	1790416431608.6802
file	packages/tldraw/src/lib/ui/hooks/useCopyAs.ts	ecdf6ae27b53149689798369c1d18995122b5c268d4b0a3063db4bad4c1e2f64	1790416431609.1804
file	packages/tldraw/src/lib/ui/hooks/useEditorEvents.ts	0054675411a0a208c99965783971d666040b05abca1151c703c6b45af083a1e8	1790416431610.1797
file	packages/tldraw/src/lib/ui/hooks/useExportAs.ts	9ca43038f1fb9bd1090f75db02feac4510d6fb533d0938228621b478a77425c1	1790416431611.1797
file	packages/tldraw/src/lib/ui/hooks/useFlatten.ts	f3d52e50b7446dbbdc3e69d4e75d14409861327c343ead1e53ec63ccf4483067	1790416431612.1802
file	packages/tldraw/src/lib/ui/hooks/useGetEmbedDefinition.ts	d50dd146331606649ee3a1977b279176160795221e2e76dcd3ae04ced6539205	1790416431613.1797
file	packages/tldraw/src/lib/ui/hooks/useGetEmbedDefinitions.ts	cb89c1b7d5a913c6bf0e0e0b7aa0dbb4356743a28f1785625b7b1e6edae3cc43	1790416431613.6804
file	packages/tldraw/src/lib/ui/hooks/useKeyboardShortcuts.ts	66fe6fbf171a9df0dcfba2744cfd6b75e2fe804ee019fc3294b09826af517f7a	1790416431614.6804
file	packages/tldraw/src/lib/ui/hooks/useLocalStorageState.ts	caca49c7a008aad8a402356935b6d4a6b21395434d1c019ec988b219ec78113e	1790416431615.18
file	packages/tldraw/src/lib/ui/hooks/useMenuIsOpen.ts	10eb67d2180b74afdec74f4a0a0263b427b6b002eeeef08bf2daa38645eb4832	1790416431616.1814
file	packages/tldraw/src/lib/ui/hooks/usePrint.ts	456ea4e1345261354f310476645c0e7e11f25a78db1c100a64b107a7a5512306	1790416431617.1797
file	packages/tldraw/src/lib/ui/hooks/useReadonly.ts	b04e7176cdc0777ca95277e12b0fe9f222c71eb250be898770a7ec6829866d45	1790416431618.1812
file	packages/tldraw/src/lib/ui/hooks/useRelevantStyles.ts	e2583765f79a1c621b406f553f2962b74347bfdcea37583e10c5c6949a336bf8	1790416431618.6804
file	packages/tldraw/src/lib/ui/hooks/useTools.tsx	02ca3e2763febf7b2c09886975778f51076802bce3c2ec9bac338c22fba00462	1790416431619.6804
file	packages/tldraw/src/lib/ui/hooks/useTranslation/TLUiTranslationKey.ts	15c39a11b8e299f5c1faf289f7ae45af3b1cb339f52e083215e87517a38d3137	1790417087161.133
file	packages/tldraw/src/lib/ui/hooks/useTranslation/defaultTranslation.ts	02f6952750d9efdfba38174e40597e662e294c852272c0621fbefd40828f6104	1790417087159.6338
file	packages/tldraw/src/lib/ui/hooks/useTranslation/translations.ts	e1cb9c2a56d629fbd5bcb18cb6481ac1ab3f7ebbfc2e39189cd26f53f94ec4dc	1790416431623.6792
file	packages/tldraw/src/lib/ui/hooks/useTranslation/useTranslation.test.tsx	651bd296c6d900f8ea3d811d70e7360548f07725c854f3a619bbbf742eff79fa	1790416431624.1821
file	packages/tldraw/src/lib/ui/hooks/useTranslation/useTranslation.tsx	29708a0b9ca43ff0909971b035de956d59eae44d1ff7626eec28cd74dc55905f	1790416431625.1794
file	packages/tldraw/src/lib/ui/icon-types.ts	f521b2c476e480054c85fea891b2cc2c7c061e60671965ab141e3d262d5fdfae	1790417086800.1328
file	packages/tldraw/src/lib/ui/kbd-utils.test.ts	a4a9702a613bf5909d20aa07d1981fdf8c1ad6e5cd9628fea76fa1be1a240b47	1790416431626.1794
file	packages/tldraw/src/lib/ui/kbd-utils.ts	3d079e67d07197f157d3e83e97114e87b659af852b25c73063d8c8d150975860	1790416431627.1785
file	packages/tldraw/src/lib/ui/overrides.ts	9e35cb466caf91e197a0a16f954a2601cddc6182b3d36a68cb5f04c30ba69540	1790416431627.6782
file	packages/tldraw/src/lib/ui/version.ts	72c20540670862a0c3c8d3f6ea3b727c93ce7cc9a570c33cb9146f6da8f6d5e4	1790417087466.1338
file	packages/tldraw/src/lib/utils/assets/assets.ts	f2b6d580c5914a88db6e347ef8fc8042362e7f91816a97f968fdee78a3556e3c	1790416431630.68
file	packages/tldraw/src/lib/utils/assets/preload-font.ts	ba4f5897db940fd306b759c03067b4c520b2c2540cfe85b226fe12383a8a2232	1790416431631.6797
file	packages/tldraw/src/lib/utils/clipboard.ts	efeccb7b541f02e2b66e1098b43e5ae613c282411b4cf42ca8a1eb739c5c2d72	1790416431632.6794
file	packages/tldraw/src/lib/utils/embeds/embeds.test.ts	3413cedcaf19af3ab5c628565bd98fc038ed946457f6b58fc50b9e978d251f0a	1790416431634.1777
file	packages/tldraw/src/lib/utils/embeds/embeds.ts	e4ec10010264d90f14d61b296cb678e18e8d6ae1d3d70c431b4f543e84727b7c	1790416431635.1792
file	packages/tldraw/src/lib/utils/excalidraw/putExcalidrawContent.test.tsx	ee48c3d27c279c3ed8049cda3882664174822de71ee8faf607c476d91a2e8727	1790416431642.1794
file	packages/tldraw/src/lib/utils/excalidraw/putExcalidrawContent.ts	ead2502fb20a03076e1204e9f84f2fd14b10fbec261424b5d2444ad09dff8e88	1790416431643.1812
file	packages/tldraw/src/lib/utils/export/copyAs.ts	472b1dba5f3156cea59ae727edfb5a016b2ec827e6f672b8083b31a5228a6623	1790416431645.1814
file	packages/tldraw/src/lib/utils/export/export.ts	43fea19e94fbc4b6ec4c53e94b53a56b42c9db48143ae7ea0a9e5fda7f1231ab	1790416431646.1804
file	packages/tldraw/src/lib/utils/export/exportAs.ts	30f4b762c1e6d743aeff48bdda0312f278fa7548029ed0cd5ff30d3065eb8034	1790416431646.6792
file	packages/tldraw/src/lib/utils/frames/frames.ts	88f8962b99809e0c00ab739494f1dfd8bd97902165267ebafe6c4d9c346ed563	1790416431648.6785
file	packages/tldraw/src/lib/utils/shapes/shapes.ts	dc26fae04f588b75dd94f2dc28008831842ef39cc3bed34f66d28af1060c6880	1790416431650.1807
file	packages/tldraw/src/lib/utils/static-assets/assetUrls.ts	e3bea9b4992dd75cedd4790bf6555824daa46ca75a6791ea2787597e67c2a77e	1790416431651.6802
file	packages/tldraw/src/lib/utils/svg/sanitizeSvg.test.ts	2469957319cf8c0493ab58dbb8ecc67bf6b6fb0f856bfb01bec3efd34907c4ae	1790416431653.1814
file	packages/tldraw/src/lib/utils/svg/sanitizeSvg.ts	3116589f2bccf5ddb53c4981fc359760a1b2c4e353549fdc47e8e605a2f15721	1790416431654.6821
file	packages/tldraw/src/lib/utils/test-helpers.ts	80d963433635a19409fedfe42716d7b7f8470e08a87b5a8ed0d7235ec705f437	1790416431655.6792
file	packages/tldraw/src/lib/utils/text/richText.test.ts	cfb816976272c2c75589d42642d746a64a1cf446ee003a043456d167d21af5be	1790416431656.678
file	packages/tldraw/src/lib/utils/text/richText.ts	d346df3e9fb7f4dcb4cb9e55c5c5c55ea8e3078ff5b7b6b11246ec4109e712ea	1790416431657.6794
file	packages/tldraw/src/lib/utils/text/text.test.ts	cefca5dd40576cf6b906f4a94370558e66c38c53515728f4e854519a21ff4054	1790416431658.1802
file	packages/tldraw/src/lib/utils/text/text.ts	0c013c31675a1d2905c73013b9b68bdf4700c7595bd1f76abed5ac96b30c4a2e	1790416431659.179
file	packages/tldraw/src/lib/utils/tldr/buildFromV1Document.test.ts	9b23c4ac945731c9cc9492ec4419f910ac37a353d106398ce0f2f66e7c072dde	1790416431662.1772
file	packages/tldraw/src/lib/utils/tldr/buildFromV1Document.ts	f83891dc2ecfe414821756af57def94a9898c6345e536660b3317e8e16c9ae49	1790416431663.18
file	packages/tldraw/src/lib/utils/tldr/file.ts	c952cf369f38d43e7b85b01acf15baa8129519eb7c335b0dcb536fdacee3aba5	1790416431664.179
file	packages/tldraw/src/test/A11y.test.tsx	b6ab17f28ec98c22353df02966e91bd1f87ed29c4b8b5b0c72edd11301c98b62	1790416431668.682
file	packages/tldraw/src/test/ClickManager.test.ts	40d9b2af493644341a528cb57f86dcee275ab36b2dc00e464761f3ed2a50088c	1790416431669.679
file	packages/tldraw/src/test/Editor.test.tsx	f68dffc7eb82d96434ce1a609e70babe7933b1bb71663b4006e4ba6f0fff7893	1790416431670.6772
file	packages/tldraw/src/test/EraserTool.test.ts	9f4c09f7bc242ac66eb3ae32281c4e6340407739b41dc07c2c5a9e1bd4c306ca	1790416431672.1802
file	packages/tldraw/src/test/HandTool.test.ts	3c4c3064c11242bfdca9ac8e7c657ef1ea5fc70c92518527a9aac7d581aa8b51	1790416431672.6785
file	packages/tldraw/src/test/HighlightShape.test.ts	d5ba5a5139549b5742e2cb1aabdcf7a7c20823739eabf5ab7f496201335d1a62	1790416431673.1824
file	packages/tldraw/src/test/ImageShapeUtil.test.ts	868a11ffcbedeca13370adea1a9141f40aaa1431c839ae80b8dcac316e4c115b	1790416431674.1787
file	packages/tldraw/src/test/LaserTool.test.ts	0cac3547f3ab837b0eeec5c09e6d19531369fb897b1d4034034c4a58cfda8328	1790416431675.1821
file	packages/tldraw/src/test/ScribbleManager.test.ts	029276865035654c53c4f7f584c22e76cca18247ab0e13437479bd0a878fe722	1790416431676.1782
file	packages/tldraw/src/test/SelectTool.test.ts	62045d88c1da08b2e8d4c4011b4ab3fd5b661f0557248b29ebfd8183abaa4e8b	1790416431677.1792
file	packages/tldraw/src/test/TLSessionStateSnapshot.test.ts	af24ed4fd3021c452da299812fa4e1c1919a414d7056b352c1bb5aea42727784	1790416431678.1787
file	packages/tldraw/src/test/TLUserPreferences.test.ts	6d0fd2638af317f662ab4d54dcbbab416bfb4ba3bbc5180fe9276e62f5573d62	1790416431679.1802
file	packages/tldraw/src/test/TestEditor.test.ts	a8cf5071af27b868755851ddaab0f697216ba214959ffc8dad9fcb7d180154a9	1790416431680.1802
file	packages/tldraw/src/test/TestEditor.ts	93da714b75273194e29155f23b280da6a57744be724b1adcd6afa6e090e47992	1790416431681.1792
file	packages/tldraw/src/test/TldrawEditor.test.tsx	6f572cc256d7f30f5d4443bc6b8db0869d9cd374d7cfcfb4a67c7e6481062ac7	1790416431682.1794
file	packages/tldraw/src/test/VideoShapeUtil.test.tsx	fab6fea11504848da4c91ac43f3cbd8dde0aecb43aad51c8b348cec82d4d2647	1790416431683.6816
file	packages/tldraw/src/test/ZoomTool.test.ts	01f215f15453009b6143768ff8ddecd8a94f22e3520db5d867035e152957b6ae	1790416431684.6797
file	packages/tldraw/src/test/actions-menu-readonly.test.tsx	f021035acb671c1299dc2416c227a3b300ea09975917f1e648b8957e708ae0f0	1790416431689.6792
file	packages/tldraw/src/test/arrows-megabus.test.tsx	5888864d914f751b973161df0c7f2e148ef8fdf2f20394443815adad85f0e478	1790416431690.683
file	packages/tldraw/src/test/assets.test.ts	dc9499b370c5c6807aad405962d33b2a941833e939c145de3515c051864ebdea	1790416431691.6804
file	packages/tldraw/src/test/attribution.test.ts	21b8acc39f948c6644b0742d1d40411422ea795f6e8980f7b5380723b8a5dddb	1790416431692.6804
file	packages/tldraw/src/test/bindings.test.tsx	53c4e84c3aea8f8bdc1cf094b37943da808d5438e5dde74699704ac9ebb873e8	1790416431693.678
file	packages/tldraw/src/test/bindingsIndex.test.tsx	004ccc140778258d233e8a55806d76f4cd7e797b04bcefc714564a283c362bf3	1790416431694.1775
file	packages/tldraw/src/test/bookmark-shapes.test.ts	c8e4cf7e19c1a32e960511509df59fc8fcfe51ecf265b7c6a0effa3b7516b85b	1790416431695.678
file	packages/tldraw/src/test/cleanup.test.ts	01f9c7cf950d37b5ed9c55e18bd80b40a9b0f7935abf338f919bf1e0eb92a07a	1790416431696.1785
file	packages/tldraw/src/test/commaKeyClick.test.ts	2cfda5b176720c37e65c6721e9e271ca6dd36eee7bd5bfa8a13b03749251a9a4	1790416431697.1814
file	packages/tldraw/src/test/commands/alignShapes.test.tsx	cac106dccaa8a0b30d364c1201c2de8ab4a3e4bd422ffa7f5f56703df5b28da2	1790416431702.6812
file	packages/tldraw/src/test/commands/allShapesCommonBounds.test.ts	b5be36102b199399c4fa085ab9d7a2dc6e19f21d20d1dd4e217d7ab1fd38d06c	1790416431703.6797
file	packages/tldraw/src/test/commands/animateShapes.test.ts	df618eaa0d1087effaf2b2bfedbaa5f162b81e92df7ae5cb6312cd958289e514	1790416431704.6802
file	packages/tldraw/src/test/commands/animateToShape.test.ts	df618eaa0d1087effaf2b2bfedbaa5f162b81e92df7ae5cb6312cd958289e514	1790416431705.6797
file	packages/tldraw/src/test/commands/animationSpeed.test.ts	ef674fd5e280dfa9e89c9180f397d8ee53dd3ad4a78c29558b17e2ff483d5d0d	1790416431706.6802
file	packages/tldraw/src/test/commands/blur.test.ts	687bd9420118f6ebf435398154d7b4f81d6ea4f864588b3acf529446f8784a49	1790416431707.6802
file	packages/tldraw/src/test/commands/cameraState.test.ts	9febf34e7ba160d27896f86b33c44eb6d000317f9fc86ac7e2ce815ff62481ad	1790416431708.6794
file	packages/tldraw/src/test/commands/cancel.test.ts	72e2fb173a0179a282716add1a8ceea1813198bec0b607341b094fdc3fffb7db	1790416431709.6821
file	packages/tldraw/src/test/commands/centerOnPoint.test.ts	d0d0e52126ca441fae2e16484d0ea5b090432978ae434851a3f71041a3ee945a	1790416431710.681
file	packages/tldraw/src/test/commands/clipboard.test.ts	9f65fc2b02b5bb9968987e3f3f33d0c87d8bbcd0775015d182cb87316c243087	1790416431711.1804
file	packages/tldraw/src/test/commands/clipboardCallbacks.test.ts	2bd353d254345fd0c206680be4af484f84dd5178c02c6842938e8d086211cb44	1790416431712.1794
file	packages/tldraw/src/test/commands/clipboardPaste.test.ts	c4e56d653a899e768f9ed20de4d720cd74c8014732962e1af2b4836a344190e6	1790416431713.1814
file	packages/tldraw/src/test/commands/complete.test.ts	94a4be3c3ca07364c3e83dfd39602ff2d794f1ac4dccb92960e8f6a3c622ed4a	1790416431714.1821
file	packages/tldraw/src/test/commands/createPage.test.ts	99edde46780d548a0867ebe898e404bd7a19d75737c57ff443eb48026b9d2921	1790416431715.1812
file	packages/tldraw/src/test/commands/createShape.test.ts	9737ff50b2f26567788fcbaedfa4bd213b6b1730b9df42d10be483e4e6897bd9	1790416431715.6792
file	packages/tldraw/src/test/commands/createShapes.test.ts	d1b172fd533a44f4b262bc30b597c394cb842d4dcb1283ecb5eea8b8dfa15c0c	1790416431716.6821
file	packages/tldraw/src/test/commands/deletePage.test.ts	180645624bc18e65fd0dd1dd210fcec97d938d2f36a60db4d7cc6460aecd77fb	1790416431717.6826
file	packages/tldraw/src/test/commands/deleteShapes.test.ts	5fe727a413cb210475d1ddcbbdab6f7270605ea6eff8bb53d2fa4da581433b10	1790416431718.6787
file	packages/tldraw/src/test/commands/distributeShapes.test.tsx	c75532f8b0738ad03cc8066e871e0fe79ff4c324927a6b4789ec8f66615f0b0d	1790416431719.1787
file	packages/tldraw/src/test/commands/duplicatePage.test.ts	c978eae8af8f7c71cfdb1384b9159f318f7754643cc1377e9af24997e8946fec	1790416431720.1782
file	packages/tldraw/src/test/commands/getBaseZoom.test.ts	dc7588627b6eedba3583b553012af6ed342db45a7b5f1a870ea86186d1aca680	1790416431721.181
file	packages/tldraw/src/test/commands/getContent.test.ts	7e873bd9082ce63f7ef1198ed41b8beb57bdf7142953e2ae76fabb5d524361a3	1790416431722.1804
file	packages/tldraw/src/test/commands/getInitialMetaForShape.test.ts	ba6aca3cafabd06d62749deb20f9df521277d27f49b6429f5837fb750dd91397	1790416431722.6824
file	packages/tldraw/src/test/commands/getInitialZoom.test.ts	363dd149cf101efd1c5a7db2311f78da01c9cf124f8e28d1b7addf0f4b588816	1790416431723.182
file	packages/tldraw/src/test/commands/getSvgString.test.ts	c721dd55a2fae86c9656007fd3c2018e04cc633cee050e57ca487cc6e49cb0f1	1790416431724.1787
file	packages/tldraw/src/test/commands/groupShapes.test.ts	1937bab899f969cdcc2973e8ccfcc450df982fe06f413403383ff640261ecd88	1790416431725.18
file	packages/tldraw/src/test/commands/interrupt.test.ts	bb3830352040976ff58080b585fca77d9a3ef3fe4e2d33301ddcc635f2c6f403	1790416431727.1826
file	packages/tldraw/src/test/commands/isShapeOfType.test.ts	50e1dcdb268c6b6f7a3c6ae467bd2a6617ba80c0cd7b6bfc6ed6cb4ec4dc77f2	1790416431728.1802
file	packages/tldraw/src/test/commands/lockShapes.test.ts	80d6198847fdbf61052077c420cf321ea4f657daf127f2f9ec34aaaf19ba2ff8	1790416431729.1802
file	packages/tldraw/src/test/commands/moveShapesToPage.test.ts	87d4678d78e74fec87ae963774800e2c90ca0cadc2e6485f8a4ead8e5d989da1	1790416431729.6792
file	packages/tldraw/src/test/commands/nudge.test.ts	0ed04388515ba94b207fcb6d71c4aae0bc845e85699b30e215a8456055d7d8d9	1790416431730.6804
file	packages/tldraw/src/test/commands/packShapes.test.ts	1fd6d47da60d82048af6852e2bfc1291cb6af0a294c14aabae6562beb2dafe99	1790416431731.681
file	packages/tldraw/src/test/commands/pageToScreen.test.ts	1c5fb7f4def6a99eac96d790816f33e46f5d03c1ba9aa2b596ead3d9ff7e0e5e	1790416431732.1807
file	packages/tldraw/src/test/commands/pan.test.ts	14d14f4b3c85028bed808bb79c3d1d97e77663d37029517913c572c3d8bd3df4	1790416431733.1782
file	packages/tldraw/src/test/commands/penmode.test.ts	40593982fe9826bc797d245e93a8e0446ba76ae6fd98ea0d58a565ed6301a312	1790416431734.1792
file	packages/tldraw/src/test/commands/pinch.test.ts	f77250e994230a09741df4c9137205226df3c8fec6415cf877cd33f69fdde352	1790416431735.18
file	packages/tldraw/src/test/commands/putContent.test.ts	4f6384c31b133998f3e3b3aa33bd949dc32cb76f907ba6204b50f28220f7b4c2	1790416431735.6792
file	packages/tldraw/src/test/commands/reorderShapes.test.ts	6c8f296ff4b9549e53159d22adc116422943eaef37228bcf159880666415b0eb	1790416431736.6797
file	packages/tldraw/src/test/commands/reparentShapesById.test.ts	aed5477c42bfc1f97e4a13fd87bbcf7a1de1940db55ec9e238bd81e088bcb477	1790416431737.6772
file	packages/tldraw/src/test/commands/resetZoom.test.ts	2db321fbced82fd0a343bebd87438bf97d21534daf6b563c76b1fc146d4f89c4	1790416431738.6797
file	packages/tldraw/src/test/commands/resizeShape.test.ts	5e80e1074b94c8e1714ec63b55689b8e83ae3865d65ae1d119e04f945e99fe67	1790416431739.6787
file	packages/tldraw/src/test/commands/resizeToBounds.test.tsx	ff073a71df12ba4fbb10064ef93285420159387a2d509d3541ab47cc5af0ff86	1790416431740.6772
file	packages/tldraw/src/test/commands/rotateShapes.test.ts	9989a72e58fc1990cfab7fec670ec57e7a2bf1d4c16e73d8cb948a35b612e1c5	1790416431741.6785
file	packages/tldraw/src/test/commands/screenToPage.test.ts	506e0ba79b64422ba136e954a0554f6ab86d1e6ca6ae859ae97a053ed09ce88d	1790416431742.677
file	packages/tldraw/src/test/commands/setBrush.test.ts	e01846691c4757b2780913029a96ff1a8b28fd703a4b4f7199dfeee94ee87df3	1790416431743.1797
file	packages/tldraw/src/test/commands/setCamera.test.ts	e95bacdcfb0462d8e70e39f46e9e9165b19da72ac217a5517dbefd8208db867e	1790416431744.1794
file	packages/tldraw/src/test/commands/setCurrentPage.test.ts	2a1be60a177e76916f50ce23f9929f26e486c383e6019c207550aa0c06d86db3	1790416431745.1802
file	packages/tldraw/src/test/commands/setPageState.test.ts	b472518a89f1a1883b558d03916c016f79ce75f15be09177ae386ca93a20ab5a	1790416431746.1804
file	packages/tldraw/src/test/commands/setSelectedIds.test.ts	089d6a75a0d4fa0041105b7112f1a08b430ca3259dcef6a65d2f5653945bb14f	1790416431747.1782
file	packages/tldraw/src/test/commands/setSelectedTool.test.ts	cac9aab208af1b2ab1075b3907274066bd5726fb99a2ea4d5d02f1f5befda105	1790416431747.6775
file	packages/tldraw/src/test/commands/setSettings.test.ts	42290c08ebe090d8538307ba4f642c9e1a9e079181417323f60513cccbf89ae6	1790416431748.1787
file	packages/tldraw/src/test/commands/setStyle.test.ts	b5a659a34c7d24a4e2fcf145801f719887a8c44335ce996ca5c601bafd10cd56	1790416431748.6787
file	packages/tldraw/src/test/commands/stackShapes.test.ts	03effe1077a43b1ea004d6f7711093396b9bf6e34133ff635f926f8081445e57	1790416431749.6775
file	packages/tldraw/src/test/commands/stretch.test.tsx	9079e17a3cd636cf62027d3235d5134a024f00407c8273d2ff157ff8199911c8	1790416431750.1782
file	packages/tldraw/src/test/commands/ungroup.test.ts	bf4ddb9b5155babfdccb7dd77067604431824372e215975e98cfc419166ebc66	1790416431751.1775
file	packages/tldraw/src/test/commands/updateShape.test.ts	03254838f1295878fa5b38aab3a51204dee697424e8149524ca2746aa98d0b3f	1790416431752.1794
file	packages/tldraw/src/test/commands/updateShapes.test.ts	511a2f429ca88ce4e63fbc3399a8174f1faa7a1c805ecc006d18633cee6aefc3	1790416431752.6777
file	packages/tldraw/src/test/commands/updateViewportPageBounds.test.ts	323fa04fa79b81eb37ca918e90ce323a70704da289e63702f2ed6599c83919bc	1790416431753.6814
file	packages/tldraw/src/test/commands/zoomIn.test.ts	75a02af1db823ecf3555c735b181f2e220b9ff29311b5360a2abe7dc6c534866	1790416431754.1777
file	packages/tldraw/src/test/commands/zoomOut.test.ts	93a206c19e489470ae90d6cdb07ebf34eb24d447839affada98e5637648dbe3d	1790416431755.179
file	packages/tldraw/src/test/commands/zoomToBounds.test.ts	14ef4ab313a405e7c885d5b6f9897e9bcb03626fecfc6820967797686fd26a2e	1790416431755.679
file	packages/tldraw/src/test/commands/zoomToFit.test.ts	edea9466d68ddd9d7e62799f6de54e90f3743c86098fb4190df4eddec72ea022	1790416431756.677
file	packages/tldraw/src/test/commands/zoomToSelection.test.ts	ec252d9cbca4cc252d40cb41e970e59f7f73e13bfd7d6a781e91fd646f55a494	1790416431757.681
file	packages/tldraw/src/test/createDeepLink.test.tsx	1e700f3a88d7fd9cad3dc31ea448baac7f014b8ff93fa553535e98a4053563bb	1790416431758.181
file	packages/tldraw/src/test/crop.test.ts	291fcc3bb144f0409b54dff5c848d1bbbf479c2d7163bb2fe0e3de1d76352415	1790416431759.6794
file	packages/tldraw/src/test/cropping.test.ts	7ae1b1cefb44fb7ae30ceec1d65adf35eab5ea954a4aa5bc4bd0c30244a75dfa	1790416431760.679
file	packages/tldraw/src/test/custom-clipping.test.ts	bb2d6c8be4a40bc21b5cc0c4be0f288da30205100303c90eb33ce8785b1ba187	1790416431761.1775
file	packages/tldraw/src/test/customSnapping.test.tsx	df9697fd7d2a1b6bdcbcdd2db3b807c2cd67dbea03c4a3737c89bcae6faf9fff	1790416431762.1782
file	packages/tldraw/src/test/defaultHandleExternalFileContent.test.ts	601c4ed18e1bc8b372271935388ad97b844e9dc5af010c459ed8f31b1fdc245d	1790416431763.1797
file	packages/tldraw/src/test/displayValues.test.ts	3e20d4909fdf8f101693941b041b2c91aada84335cbf8f31507eb4fe450c92f0	1790416431763.6772
file	packages/tldraw/src/test/dragAndDrop.test.ts	f6fadf00aacb7b30264f1d397c555f91ad4f688d7fb367ccf486ee8261df6529	1790416431764.1804
file	packages/tldraw/src/test/dragFromToolbar.test.ts	74d2d184b71fc637c89d2d4e02cdae69e6e71f33bbe1f6c752f4b1a60f43d8c9	1790416431765.1792
file	packages/tldraw/src/test/drawing.data.ts	3a60e38489de9b152c162112b1eb1b45dcc80a35586e7d91e289444635852080	1790416431766.1775
file	packages/tldraw/src/test/drawing.test.ts	a32b6f3c48cbeb64e83f4ac1de168edba6b990e1b606586ab5fac743c7af5ccc	1790416431766.6794
file	packages/tldraw/src/test/duplicate.test.ts	f8a8df799b37b7a6d3cb57b41801d30756600479e22d6251f45669da902e0380	1790416431767.6787
file	packages/tldraw/src/test/embed-aspect-ratio.test.ts	f2c5419afa3a0e8583d6b4e19ca6da34147b28fff587014083de620de5db2607	1790416431768.6792
file	packages/tldraw/src/test/embed-iframe-paste.test.ts	ca23d1307623b000910023e928bb0b957e4746ecca96c9b4c38928fa671704bd	1790416431769.1812
file	packages/tldraw/src/test/flatten.test.ts	c2d1fa898ae2a2aeefd3931d021cc67cdb6f4fc039339a1978fa2128eb164df2	1790416431770.1797
file	packages/tldraw/src/test/flipShapes.test.ts	bd6ccdd8faead6b3537fbf55246290d006962b51788cf47b257cb44d6fff4d5e	1790416431771.178
file	packages/tldraw/src/test/frames.test.ts	98f36fcd399eecd18624ce9f711734ab05b424416ae98fa3fa600cc56d4bae7a	1790416431772.1772
file	packages/tldraw/src/test/freehand/corpus/presets.ts	c2805f9aacd0abc4e1ae5b64fa740a5921ead5f171d27237fbd6d9bbb94527e4	1790416431773.6777
file	packages/tldraw/src/test/freehand/corpus/real.ts	4d21cf36f7e4c315ba855cde178effa97c063b4f692b8df90bbb76b7b618d51e	1790416431774.6768
file	packages/tldraw/src/test/freehand/corpus/strokes.ts	60f110d09c3d2222642f51afee1289c59d59e309c11708dc515abb1e8476b3b1	1790416431775.68
file	packages/tldraw/src/test/freehand/svg.test.ts	dd6f97b5188d5e9076eea2c1e1407fe75b968ad064b033c38926c110aee427ea	1790416431776.1775
file	packages/tldraw/src/test/freehand/wellformed.test.ts	bbbcb89ff13a83acdc995e11d63477e4d5239ff0fdedd8f09a7fed9702b658e7	1790416431776.6792
file	packages/tldraw/src/test/getCulledShapes.test.tsx	820bf9b69309fbcd666d05f27477b3d8611e8be647e0c180ccd32d9fbc9f0285	1790416431777.6787
file	packages/tldraw/src/test/getShapeAtPoint.test.ts	a20c9a3c968a31b9a16fe3a314d4dd2faf5aa346b764511bb3f08f32a0085354	1790416431778.1787
file	packages/tldraw/src/test/getSnapLines.ts	de7ce0e8dea5fcab277854c991a6c807a9e2dbfe6a632be7779329ce525bf826	1790416431778.679
file	packages/tldraw/src/test/grid-align-on-create.test.ts	b279eb360e515230b60cfba02efa4adff5ae02a00cc28f483bfc2857fd26b7e9	1790416431779.1782
file	packages/tldraw/src/test/groups.test.tsx	852cdc370e3d3995e5d7dbf47282e6bc4ca71195a3ae479df99800838ed1dcec	1790416431780.6782
file	packages/tldraw/src/test/handleDeepLink.test.tsx	582418b8629ad676f73c424ddc8063ae94a0e732b636846ffe28bdabf3b21657	1790416431781.177
file	packages/tldraw/src/test/inner-outer-margin.test.ts	2ad94fe4800717cd64ac325b44a08989c3c937ead00dcbe990dfdef105bafdab	1790416431782.1772
file	packages/tldraw/src/test/long-press-create.test.ts	d40709c75350b85dcbe724f793098994066d8d79dad441fbf582369cf206be53	1790416431782.6777
file	packages/tldraw/src/test/maxShapes.test.ts	c88c87fba42d92245e802f0c8a14519032aaa11655badf568454484c88939e5d	1790416431783.6787
file	packages/tldraw/src/test/middleMouseButtonPanning.test.ts	df9a51123ca166f97d7a2f368647749cdd61ad15b112b9f5f765d830ed68ccf7	1790416431784.6802
file	packages/tldraw/src/test/minimap-wheel.test.tsx	a79aa42c50e27bf9fe4442f6e57c2fe4dede8067c2f6cbcfb5ae8fbd90f05c77	1790416431785.178
file	packages/tldraw/src/test/modifiers.test.ts	dc98ff1a9cc7f24b77cda4fbf361fc6efe3c17cbf218e28f8db17ddbd25701df	1790416431785.6804
file	packages/tldraw/src/test/navigation.test.ts	fb5da0dd51f46081c6666aaa54401b50e1859ff1594fe0da94f3822d43583acb	1790416431786.6777
file	packages/tldraw/src/test/notVisibleShapes.test.ts	597d2c1b12d30e7d08c9139d94291155fb716fe4da9c8558841e63798309ddd0	1790416431788.1804
file	packages/tldraw/src/test/onDragFromToolbarToCreateShape.test.ts	639fc07f24d7090ed6500ad62fc79ebfd4863f35a1f8d870cd1c96b7efb0c6d8	1790416431789.1814
file	packages/tldraw/src/test/overlays/ArrowHintOverlayUtil.test.ts	7c78ffe332bd73ef716dcd82d48d7f9a7cc8b646d024a3420970af90f0ca68a5	1790416431791.1802
file	packages/tldraw/src/test/overlays/BrushOverlayUtil.test.ts	7b1497cb8f7733b113431e7be8185a3674a2d1cd8c32028ade3985094177fb0a	1790416431792.1787
file	packages/tldraw/src/test/overlays/BrushOverlayUtilDisplayValues.test.ts	47f1230b389d95e68e64112b5d5eb1bc73a0e188e639f03375fe1dcbd1f103a8	1790416431793.1802
file	packages/tldraw/src/test/overlays/CollaboratorBrushOverlayUtil.test.ts	dabe65c9892861d83b5c80b6d36e83dae1e12d601b8ea145913fe40f1c4963ed	1790416431794.1797
file	packages/tldraw/src/test/overlays/CollaboratorCursorOverlayUtil.test.ts	b23ef46a4526833aad4282b72176604b388f2d72523b2c1b6acd597617d54749	1790416431795.6792
file	packages/tldraw/src/test/overlays/CollaboratorHintOverlayUtil.test.ts	c05528a7106c46a62a3fa8457c3a0c92b1c4eb0f1d450cddee67ba7833be6005	1790416431796.178
file	packages/tldraw/src/test/overlays/CollaboratorScribbleOverlayUtil.test.ts	8c9020372dc4901f1069c7d60cb177c63d5edfdcc9eb769c106925ab21b022d6	1790416431797.1794
file	packages/tldraw/src/test/overlays/OverlayManager.test.ts	433efba750f756fc3d12b3573da0f12dfdeb15b7b5fcfb7e72b302b722d84c76	1790416431797.6792
file	packages/tldraw/src/test/overlays/ScribbleOverlayUtil.test.ts	fb0f870f865a711a8c6794e48e6d89d3017e68fb2a8d2c1c845581f10690ce6a	1790416431798.6792
file	packages/tldraw/src/test/overlays/SelectionForegroundOverlayUtil.test.ts	4186aaba5b4fca20d943ae394861df9e76356d3475ecb289481534cf48efabf7	1790416431799.68
file	packages/tldraw/src/test/overlays/ShapeHandleOverlayUtil.test.ts	c2d48ae2698541ae77dc709849036544f918cdf2f8a7a0f262dad4671ee05675	1790416431800.678
file	packages/tldraw/src/test/overlays/ShapeIndicatorOverlayUtil.test.ts	abedbdd2eb49af75421c70713d7deaa78ffe6f42bb75b398f381f6d9acde5b23	1790416431801.6787
file	packages/tldraw/src/test/overlays/SnapIndicatorOverlayUtil.test.ts	7553b848ec1b2d0cf2b7ea2d7ccb75995f5b388b27c671999ce862549f11094b	1790416431802.1782
file	packages/tldraw/src/test/overlays/ZoomBrushOverlayUtil.test.ts	1b1db757c64db39ea4d5bc1e17d3feaba48fe543be1c83227cb2291505bc0322	1790416431803.1765
file	packages/tldraw/src/test/panning.test.ts	a64e74b8920d90c6f044426328ec27df061b6647e2963fcd2cb06faeabba6081	1790416431803.6765
file	packages/tldraw/src/test/parentsToChildrenWithIndexes.test.ts	fa558e0e5073fd0da88f17b5ca42d15b690ddb74a2a6947b55bcf1a8772053d0	1790416431804.1804
file	packages/tldraw/src/test/paste.test.ts	afa188b428aad603f20b46c57f56d892f49c47be84217e502059a93600f1827f	1790416431805.6775
file	packages/tldraw/src/test/perf/PerformanceMeasurer.ts	997921d7a19ea32bc0a91d9db49d359f872f6f2eb32c1d94de32b9dfbfef105d	1790416431807.1785
file	packages/tldraw/src/test/perf/perf.test.ts	8f1f8c9ec29aa887df090ffd84342d0f857295a3aed1e83738a57b1b6679aa18	1790416431807.6797
file	packages/tldraw/src/test/pinch-dom.test.tsx	a148afe25883c55b3bf5b6d8747ee7268152430fd08f2b370f8ca64e385388ce	1790416431808.6826
file	packages/tldraw/src/test/pinch.test.ts	98720e67f7d2b5614ea3060fc57348c81c97e3a78df2aff482ec01bb73efc109	1790416431809.6782
file	packages/tldraw/src/test/registerDeepLinkListener.test.tsx	e65ab01e9c4268eebeeada7ec184700e3b64f25762e12463223efce453353da4	1790416431810.1782
file	packages/tldraw/src/test/renderingShapes.test.tsx	62a6b6396296ba4abf2c9cb2b1ca3894c1e4a5e94f9be838be1764a0f50d5a96	1790416431811.1775
file	packages/tldraw/src/test/resizeBox.test.ts	91a64387669b1df186b80340a1b5f65f27cfa8444bae7f756c5c32c590ce85cf	1790416431812.182
file	packages/tldraw/src/test/resizing.test.ts	e197c604cd4dd5bc309a0ef53c1d3fac55eebe55e535ae4d054c31c2a0a18b12	1790416431814.1785
file	packages/tldraw/src/test/right-click-context-menu.test.ts	16ceb05f5fc0ce8934dff973ef70e261e54d7694df559483082c5292e050ef7f	1790416431814.6797
file	packages/tldraw/src/test/rightClickPanning.test.ts	b7f269c699ddee1cb3a3fc0549e7d73220d4f1c7236d9563767c7ec9833d32a0	1790416431815.6787
file	packages/tldraw/src/test/rotating.test.ts	b93d5884dfe6b115ed56e6f7e5b6343a2f46f25320a58c59773161aa42a03a51	1790416431816.6797
file	packages/tldraw/src/test/roundedBox.ts	1ff263dcae768ac5151a35ca58594628b37d6c8c4a26b02e7090e50a6f6fd8af	1790416431817.6804
file	packages/tldraw/src/test/select.test.tsx	76815800d565eb1d10449b2224f72cf2905f2e3a39ab426d2645c3da0ba4dfc8	1790416431818.6785
file	packages/tldraw/src/test/selection-omnibus.test.ts	f7288287e717f51aee6066a82b2f85054c53c4936e09217fa7b4f4780ded6f7d	1790416431819.6768
file	packages/tldraw/src/test/shapeIdsInCurrentPage.test.ts	f6921b43c4f1aff433fc185e19bc4382756255b704c53a21f80b81a8aae0c19c	1790416431820.6768
file	packages/tldraw/src/test/shapeutils.test.ts	debc8a1da5345f81f20bd73cb4d449623113c4e9785cb455ef9d86645840d72f	1790416431821.6802
file	packages/tldraw/src/test/spacebarPanning.test.ts	f3c0ec3a45fbf7015a2cc828d3ba03eb38758ca699b21449789473f7f5c43297	1790416431822.6797
file	packages/tldraw/src/test/spatialIndex.test.ts	0f426e439d4e63403ddfe3b2119a4d33109210a70373876e3039e52260baf760	1790416431823.6807
file	packages/tldraw/src/test/strange-tools.test.ts	4401f85acd2fa590e89851a26c02dcba15e68fe650edbfc02b4a60c0fef7c1c9	1790416431824.6787
file	packages/tldraw/src/test/styles2.test.tsx	95d00c64c347c9f0b7795cf229e039c8de8b4d3c926c10b7680f1b5e4987841c	1790416431825.6785
file	packages/tldraw/src/test/styles3.test.ts	6c65b9017512b1fb293c03158dc81abe8ab2bd207e274e5e421aea88cfd42735	1790416431826.178
file	packages/tldraw/src/test/test-jsx.tsx	6e3ab248724f43c88108ed7a872f8d1da3933328df8f005a89a08cc7c0dcf41a	1790416431827.1785
file	packages/tldraw/src/test/testutils/pretty.ts	abfd033313022d07b1407a565d3b19079cf62fdfa5e5fd8842bd894c454b6ba8	1790416431828.6804
file	packages/tldraw/src/test/testutils/renderTldrawComponent.tsx	684c4d3b1769346c074a6389601e3b20b0b55db09e010b32544e04952a13f529	1790416431829.679
file	packages/tldraw/src/test/text.test.ts	550f85c0b636cfbf7cfd985748df8d9a728cdadddbe1a4912502ffa68f82e102	1790416431830.6797
file	packages/tldraw/src/test/translating.test.ts	c0fb65dd434f71cde6af144f334dd0d76457b846f14da80db45c6f52dcf2945d	1790416431832.6785
file	packages/tldraw/src/test/transparent-image-hit-test.test.ts	ed6e5bb273749d071171147cae41dd5ca122f4a0b61a6590eda2af5a3f72acaa	1790416431833.1797
file	packages/tldraw/src/test/ui-outside-editor.test.tsx	f171b96fc2d904ba20040374a1f2f42c53469e5c4826f6f2006244043515c518	1790416431834.181
file	packages/tldraw/src/test/ui/AltTextEditor.test.tsx	9b11dfe1a86ca1fe7068fe8027ed4450d4aec7b7d8d584ab55807414aaf19e58	1790416431835.6794
file	packages/tldraw/src/test/ui/BackToContent.test.tsx	a466c794d44cadecc09004fcd5ec4b9b5f0b1d8198d659c9540c5465fc99c5b3	1790416431836.682
file	packages/tldraw/src/test/ui/ContextMenu.test.tsx	46fcbba695f6153c76e990adf4a062c49e50932ef7fa999b2e2d032497e60f04	1790416431838.179
file	packages/tldraw/src/test/ui/Dialogs.test.tsx	4d94a14ba57e7c34eb990b4aa1161e4293b1090169f81a34caee38ce48c19368	1790416431838.682
file	packages/tldraw/src/test/ui/EditLinkDialog.test.tsx	339d2561b671ccef4ac1cd790ffe67fe6894139967ff229215d96fcc8deadae6	1790416431839.6792
file	packages/tldraw/src/test/ui/EditorPortal.test.tsx	61d7ed09636f13b8cbd86afc31fa01371452d3f58c18c82b3eb05531c58dcfa8	1790416431840.6782
file	packages/tldraw/src/test/ui/ImageToolbar.test.tsx	2994bdc2554ecaf923e029c7a06f463066cc97bdcea8a5793487be8f80b6351a	1790416431841.182
file	packages/tldraw/src/test/ui/StylePanel.test.tsx	f7cbb386399d811d511b60856ab295893a9620f7f269d91437f2567aa3d68642	1790416431842.181
file	packages/tldraw/src/test/ui/copyHoveredStyles.test.tsx	ca61cfe64b3135a360625ec97313cbc9a73b901d8494c103b6e456fc2af63a34	1790416431843.6787
file	packages/tldraw/src/test/ui/keyboardShortcuts.test.tsx	b40084645b08c2e437d923191b01ee13cd02b11459aa4d75e9199e680375c5c2	1790416431844.6797
file	packages/tldraw/src/test/ui/presenceActivity.test.tsx	077d479d69c08e7ce785e8d4bfd2645e102b40f41d39aa95f8ef9c512061a879	1790416431845.1782
file	packages/tldraw/src/test/ui/unlockAll.test.tsx	877e8ef886eee3171ece8f93db0201ff3e24a3f79ac0c50eb8ec60ccd81aa892	1790416431846.1797
file	packages/tldraw/src/test/viewport-following.test.ts	c0c5ae18fb51165dceef84b35c3d462dca75befa977166900cb41ba42ae9d4a5	1790416431847.178
file	packages/tldraw/tsconfig.json	edc9c0f977d0e8fca4642b016fef2d0c58b1f09df0b5503d0521d012f566ef16	1790416431847.6794
file	packages/tldraw/vitest.config.ts	90c77fc0456b334fe3ebf7822ba0e3859ec91b61c04127e5762dba25dc6e2087	1790416431848.6829
file	packages/tlschema/src/TLStore.test.ts	f7910c6559a2037995e5bbfbf27f30421a7f362ed12427a517d01256c0875c7e	1790416431857.1812
file	packages/tlschema/src/TLStore.ts	35f3e54296fc6f339bb11ca2a1fc00da553553eae0e61a4790c72cb2c7e7bc5c	1790416431858.6787
file	packages/tlschema/src/__tests__/migrationTestUtils.ts	9a8b3da06fc1b2199a556febb6bebd89ddbaa19c84f8b9f693d06be85ca356f6	1790416431861.1814
file	packages/tlschema/src/assets/TLBaseAsset.ts	72598d8771427753574509756cc339c3fc3a937ab60fd0a4ff5fde8fce7c3b7f	1790416431862.1807
file	packages/tlschema/src/assets/TLBookmarkAsset.ts	8ffc7c7873b3693d0babe876ab786c3bd5affce6f86e498f47976478b74ee3a7	1790416431863.1807
file	packages/tlschema/src/assets/TLImageAsset.ts	e4469a741986345ef4cbc58f442a6d4c8f33f04ea22355c7960daf3ea5b7bf67	1790416431864.1802
file	packages/tlschema/src/assets/TLVideoAsset.ts	34d0da029feef0070fd5bae6152255bb1b1dfdb67d4ebf53ce22205352769d32	1790416431865.1814
file	packages/tlschema/src/bindings/TLArrowBinding.ts	0e298d1d22916fa07221b5a094924ed2e1917064f3264fbb31ee0cf38976299a	1790416431866.682
file	packages/tlschema/src/bindings/TLBaseBinding.ts	f054b74b1a804217e86962472dee9294ac92a55b2029c6bcdfc31c756e2e7211	1790416431868.1804
file	packages/tlschema/src/createPresenceStateDerivation.test.ts	26c26cf920b3c1724b3b903b7adefafc025c0cf515514b03ece23706be6b21be	1790416431869.1807
file	packages/tlschema/src/createPresenceStateDerivation.ts	a2cb1fceee4e95fc2a8b0dbe664b93e7c1029f69fb01d0150d2ab6c686022e25	1790416431870.1797
file	packages/tlschema/src/createTLSchema.test.ts	e226b610ff00cb8f33753a579306128ff64636589363aa530b15989036f8f6a4	1790416431870.6792
file	packages/tlschema/src/createTLSchema.ts	58095152c9aa256fcce575c2ab9b623a2a56c1890584fa8ca421b0e9baebd689	1790416431871.6804
file	packages/tlschema/src/index.ts	e80db56ac3631f47ae92ecb1c6c3d280f6a2c3ca1e1e0a632a90eeb2d801b5e0	1790416431872.68
file	packages/tlschema/src/migrations.test.ts	902232867f6e591a336959a45bf3326649de5470a7a8396164dd8aadea5538e3	1790416431874.6775
file	packages/tlschema/src/misc/TLColor.ts	66ce487291a9d062dcd8c34f98818dc1dbed02ef710e91eb1f64fdfde9da28ff	1790416431876.1797
file	packages/tlschema/src/misc/TLCursor.ts	ce58460427c7d6f766dbb059315e3591ab7619f622f4f66848984006ce21e5e3	1790416431876.678
file	packages/tlschema/src/misc/TLHandle.ts	1d8bef630318a8a90e82e257076621d225d21f9551676788e7683a9d81040d85	1790416431877.6785
file	packages/tlschema/src/misc/TLOpacity.ts	4f24abed34867d8f08f4312e6fe1e3a1907c41e6d06e8224ef6dbaa0d0935861	1790416431878.6794
file	packages/tlschema/src/misc/TLRichText.test.ts	c99b8d9b657b801cc4a704a780e6679679979d569b67d0f93874e7ff08a5c0a2	1790416431879.6763
file	packages/tlschema/src/misc/TLRichText.ts	e144a83a7644df04900312a3a803a993edc70b2fb7c3dec6d85843be84b35bcc	1790416431880.1768
file	packages/tlschema/src/misc/TLScribble.ts	572aa0966b7b8dfcf5685db39c8cbc792a89571679e899b168f76d74cd018580	1790416431881.1777
file	packages/tlschema/src/misc/b64Vecs.test.ts	f2d826c7cddc80e9b6f060c256983a2f744c92b4a92b1de61adea9e1904b2d90	1790416431882.1772
file	packages/tlschema/src/misc/b64Vecs.ts	bc166660d83e2669ed87f82fb8d229927765674846f09963bbaa0e57558071e4	1790416431882.677
file	packages/tlschema/src/misc/geometry-types.ts	73fa56c6b5a8f00cb4e61feb851a355ca02d690bb08559f974dce2eae85235dd	1790416431883.6772
file	packages/tlschema/src/misc/id-validator.ts	8b983b154fb9535c89c520c2da029bc3beb3d9d8774d33a17836f5febc92702e	1790416431884.6765
file	packages/tlschema/src/records/TLAsset.ts	66882362d3e22772d1ae9cb723befbdf4fbacc06c2b5f60192655f8fa07524cc	1790416431885.6797
file	packages/tlschema/src/records/TLBinding.ts	99ee0fda665ab749fc78deba922a120482686fb5198754e8334ecc2554e4e58b	1790416431886.6777
file	packages/tlschema/src/records/TLCamera.ts	1f647e706f030c48db3c38303ac332b342f816535e2ef5734640c963b6a73d53	1790416431887.6792
file	packages/tlschema/src/records/TLComment.test.ts	efc4762983d890f2e0074eb4d0c7316eebdfafa38eb284ba3694da7078794221	1790416431888.1787
file	packages/tlschema/src/records/TLComment.ts	4d8921a67ecc93edd012d9a80939c058e4e9360e4243506046b86af6b53f17c8	1790416431889.6772
file	packages/tlschema/src/records/TLCustomRecord.ts	9c1b13eeb01c2dbc2377a75c61308fffde831413f9f8a657c09662d114553cce	1790416431890.1804
file	packages/tlschema/src/records/TLDocument.ts	32e093ea51f59c29f1953064e0cfc4f1c5038950b487e61bb994184a11f7ba85	1790416431891.1804
file	packages/tlschema/src/records/TLInstance.ts	ddcb307f0700c8e901b61c1b43caae81fb123c98e1dd386bc8e341c63e34647a	1790416431891.6772
file	packages/tlschema/src/records/TLPage.ts	e5f41a26329c6ec8056ca61a54c5a632bd15b0f7ca91877889f9e107b30d510f	1790416431892.6787
file	packages/tlschema/src/records/TLPageState.ts	356558ec3b0d8cb1a91cf2e779566fa73d26e03dabdc2da45df35c29650d4cd6	1790416431893.1792
file	packages/tlschema/src/records/TLPointer.ts	1bcf6a69515be29e89595b3fe42d5b6e49d8ab855f083efc3dad8f71c69c9133	1790416431894.178
file	packages/tlschema/src/records/TLPresence.ts	c0180c1b01039edcfccd622f6516a1b32e0816bbaa6d366b5e0ccbe98fb85d8e	1790416431894.6794
file	packages/tlschema/src/records/TLRecord.ts	4ad490f40387f369075bd0a343a49dfb244adf2142582f6cab2451d23ea2c8a3	1790416431895.6814
file	packages/tlschema/src/records/TLShape.ts	64600c80607f35fa25d45ac7959ac0f3320479ec608bdf62f0a6e7e68c0b2e78	1790416431896.681
file	packages/tlschema/src/records/TLUser.ts	89e26a23c2dcbb63096037425dbfa8fc64457e2e0356e9849aa01fff90673e59	1790416431897.6787
file	packages/tlschema/src/recordsWithProps.test.ts	be4b78ed317a23c836f229cf42ff8ce572e08412ab63f85d0e3451547fdb4b74	1790416431898.6782
file	packages/tlschema/src/recordsWithProps.ts	f8190cb1fc84fe859e35e178fad05f049c36cd45d2d08ab606f7b5662c558c15	1790416431899.1765
file	packages/tlschema/src/shapes/ShapeWithCrop.ts	b865c7f4895b9aa39975fb807ce73ca993f839625e4ce76bf7d5c8ecd2ea0d45	1790416431900.1772
file	packages/tlschema/src/shapes/TLArrowShape.ts	4cfc60070dae85a3057cc2d4d740c534cd2fbfb1ebf42634fa93ad83f70e3520	1790416431900.6775
file	packages/tlschema/src/shapes/TLBaseShape.ts	8cae94eff0f74e560e2005a5b1322115cc4bc692bf9c5a657556d41bb0203764	1790416431901.677
file	packages/tlschema/src/shapes/TLBookmarkShape.ts	3e378edc2da2be8f709c7f33018f96e6b676d4bcae3b34d74bbe17e849a9f712	1790416431902.6772
file	packages/tlschema/src/shapes/TLDrawShape.ts	c3fdf33d133f9c0d31598b25aab8c70432fbab9316f42ed32e283e515f50fc9a	1790416431903.1775
file	packages/tlschema/src/shapes/TLEmbedShape.ts	76b8b3773fb9e0a2ff2400abae89ee1e2856eb88826b23a9aa90249da9c4819e	1790416431903.677
file	packages/tlschema/src/shapes/TLFrameShape.ts	155fc62dec23badb9bb25ed876cadfe7676f2c50905d8b3a2d8d5421c6905dd7	1790416431904.6765
file	packages/tlschema/src/shapes/TLGeoShape.ts	eb9afd51a738056be3b4f7cb9d09030759efa76802d7d4b228f05baa454413da	1790416431905.1772
file	packages/tlschema/src/shapes/TLGroupShape.ts	c1e9f6b06429fbbe38c7ae1cc852cceff6b615b84a21f9082c1b268cea8d18ed	1790416431905.6775
file	packages/tlschema/src/shapes/TLHighlightShape.ts	b18fdb5db221582e996cdd0c844ce73ab4769b54b2dfcd9a4d5bb8dc14b883e4	1790416431906.1792
file	packages/tlschema/src/shapes/TLImageShape.ts	44e23eefa63596127117ca1874a9f88e8efaad530b02d8077508f39ab296020e	1790416431906.679
file	packages/tlschema/src/shapes/TLLineShape.ts	ab44bb074164c747f6bd181e26aff2ec5a28e9482211bb4e9c4ba001a665c5d1	1790416431907.1775
file	packages/tlschema/src/shapes/TLNoteShape.ts	85dc89e311554be04ec3075b2030f36f028d73c516ce7f8652d7b4632769dffe	1790416431907.678
file	packages/tlschema/src/shapes/TLTextShape.ts	80306fc1a27c56ee6caba932baf5bc3fde2d02576554575ab3e0ebf759ea9851	1790416431908.6787
file	packages/tlschema/src/shapes/TLVideoShape.ts	fb0d65affc2f2b79ba95c00b418d75f885c2703a0f37161ae50dc5a02708cda3	1790416431909.1782
file	packages/tlschema/src/store-migrations.test.ts	006634781cd1a6bd0febb79903b5db6e91ef771957933f5de89be623ae303028	1790416431910.1797
file	packages/tlschema/src/store-migrations.ts	1251f6d47972c88fbd5aa400ad08aeab3de8747dba15685d846de145ac953d71	1790416431910.677
file	packages/tlschema/src/styles/StyleProp.ts	f81306907ccf67f022dfff40184d9c3fa1fb40e8143241a2141e1511c134909e	1790416431911.6777
file	packages/tlschema/src/styles/TLColorStyle.ts	1db625a9697737a53c314a1eac38d8a082d88112a350fc7d7a82f3d5ff2a525b	1790416431912.1785
file	packages/tlschema/src/styles/TLDashStyle.ts	3cb9d44fc8ecf9439a1297a18cf2d7a5cb582240882c00e964f35d6ac103ae02	1790416431912.6763
file	packages/tlschema/src/styles/TLFillStyle.ts	56868bba97babbf8dfcbc23d18f6b7a72923abca90fb6e075b0bdf990d9c589e	1790416431913.1794
file	packages/tlschema/src/styles/TLFontFace.ts	3cc2e8b4124f970855a8661a728eda6075f6b5e383a72609485727749f448425	1790416431913.6777
file	packages/tlschema/src/styles/TLFontStyle.ts	1f2545b7da58ea8ef51339e6246b9969aaebd7f5550d65a093a888f3f66f6b3b	1790416431914.6804
file	packages/tlschema/src/styles/TLHorizontalAlignStyle.ts	c7799af9b6e54a7ba814f83e34aac82136b336f4ede345d8815b8b3689112d09	1790416431915.182
file	packages/tlschema/src/styles/TLSizeStyle.ts	b1b503ec535d01f3fac3e83d358711b112916c742e7462dc7afc2932fe93a940	1790416431916.1797
file	packages/tlschema/src/styles/TLTextAlignStyle.ts	111c210d1bc060d5a59a3d2ae05df9cdfeefd953464f37a2a447bba3544f51b7	1790416431916.6787
file	packages/tlschema/src/styles/TLTheme.ts	7b1d31e32a21a61c123523482f7966bad8791c65153fb7d48acc9c49db30c988	1790416431917.679
file	packages/tlschema/src/styles/TLVerticalAlignStyle.ts	28a271576c00d12d9ea1e4e4b21bdabc9978c311cec6bb66c5e1466684b975e6	1790416431918.179
file	packages/tlschema/src/translations/languages.ts	6a59998f751e04a4fa8b43f17e1ebb050229f4e78d7217b5a9ee1f4e3f4a7df9	1790417087147.6328
file	packages/tlschema/src/translations/translations.test.ts	9bc27c25c04c0434d26b5d16d873325cb22b44f6b818af1a6f984d9dae35f15f	1790416431920.1772
file	packages/tlschema/src/translations/translations.ts	faa94fd7a35dd6d615076f28871d5d6d641b6f93a03164ec3cfabadf8ab987b6	1790416431921.1792
file	packages/tlschema/src/util-types.ts	9c910a9e4cfc4187d1dc151397000ea3ba6f24129eb3a2caa4c62e7b03019249	1790416431922.1797
file	packages/tlschema/tsconfig.json	348c17ed6589cfa7847569a1aa2e2e8d05dd3b4e31ea99009ed95d6c3f4f71a3	1790416431922.6787
file	packages/tlschema/vitest.config.ts	453b60e17fbdc66f72d99b5ebf80a3b440db5d9444ca39da84290d8898db4325	1790416431923.6794
file	packages/utils/src/index.ts	0c4b1d664f27a9a6da6545ea58477e7ab3b8471ca92aef9b2dde4a3be4a98455	1790416431931.6772
file	packages/utils/src/lib/ExecutionQueue.test.ts	228ca37d7dfb38fbbd5d728a1f3695f7bc8a2b74dbf47b422087b43ec0ecf2cd	1790416431933.1804
file	packages/utils/src/lib/ExecutionQueue.ts	e39501b8da8437e3a386be920874c2d897bfa7680f1b78f788f022b9a4a01e76	1790416431934.1807
file	packages/utils/src/lib/LruCache.test.ts	636fa709326b3dd3dba3d404d86fdf431878609aedd452dd8eb3adf17d602733	1790416431934.6787
file	packages/utils/src/lib/LruCache.ts	d2821c26802b792949998dd65c36c1c382ae1d50b7cd7f3135cdd8f795c0c4d6	1790416431935.6768
file	packages/utils/src/lib/PerformanceTracker.test.ts	aca30b8656bc56fd031fdf0a872054419104c3cc0f5cd663125d68f496370cd5	1790416431936.676
file	packages/utils/src/lib/PerformanceTracker.ts	85f33e9492cbeb22719a5397625a42582bf70ef223c748cc4f8c6b51e492c3cf	1790416431937.1772
file	packages/utils/src/lib/array.test.ts	fbf026248978bb3b04240e018f888eef42a7f7d0b925bacf537b6699038bae0a	1790416431938.6812
file	packages/utils/src/lib/array.ts	994aa35ed9c92d97dc7dcf136518dae5054be071177d6cc52842d8bbb1550389	1790416431939.6782
file	packages/utils/src/lib/bind.test.ts	cbc1a8acf9e01ace12c1706998115567dd3f375286ec70fe333e6d1e94a282a1	1790416431940.1794
file	packages/utils/src/lib/bind.ts	e67365f4d1a95dd912fc563568cd1d7eb5793fd1d9192a8222938a7b805574c3	1790416431941.1792
file	packages/utils/src/lib/cache.test.ts	3e3c4c9c3fdd7075181dec6c6b40cb29b6c2d233b4099bfac4a84dc35c158304	1790416431942.1804
file	packages/utils/src/lib/cache.ts	9cdcc95457cd3fdffe0a1713a27dda3fb5f5e4121053a305ff950539f78584c2	1790416431942.6792
file	packages/utils/src/lib/control.test.ts	83d3beccf8063d599c42bbc91153d8a992fbb5b6992f1895c2948d75f1523243	1790416431943.1792
file	packages/utils/src/lib/control.ts	30ced827a3e12e38ada5a9b61cafc787fef7f60909ca70de01b7b56301b432e4	1790416431944.1792
file	packages/utils/src/lib/debounce.test.ts	d3cf7889e38184ea0422c22f7109ec1158e4da64e9853c4d068b1d84ba2445b2	1790416431945.177
file	packages/utils/src/lib/debounce.ts	fe5dcf58690e2f035c538adbd38f9c2ae38f3d2407248a708ffb8ddea4b7c53e	1790416431946.181
file	packages/utils/src/lib/error.test.ts	6febeb68b1197871037702724bd756bfc549ccf7a08a6d5c34a5f471de8d0790	1790416431947.1797
file	packages/utils/src/lib/error.ts	163487f7966581dc8cbd02c671470592df08e824bd2698bf89bb686f737331da	1790416431948.1787
file	packages/utils/src/lib/file.test.ts	8887465b5e69c635b27093ea751098840ff7efe8afed19e7625de7e89aa555e3	1790416431948.6777
file	packages/utils/src/lib/file.ts	357de2bfcc26ad93199e2e89d7c5074b1bac895fd1a40d3df11fe946eb3a56ff	1790416431949.1775
file	packages/utils/src/lib/fractionalIndexing.test.ts	73a46fac05594180cf7676ae82ff6d594eda279270cacb1064ab7f539dbbf07f	1790416431950.179
file	packages/utils/src/lib/fractionalIndexing.ts	8fa4b7701de5bf21dce74f433c48358ca1a21f184c29bb2deeace510edece017	1790416431951.1787
file	packages/utils/src/lib/function.ts	39509acb89ac6619f185f46e293f1872470cd424586a791302e2ab053b360bd1	1790416431952.1797
file	packages/utils/src/lib/hash.test.ts	e6f74659c86f0ce227a571176eb651a45224f2fc6768ebbede6ede1639676662	1790416431953.1797
file	packages/utils/src/lib/hash.ts	1850e1f8635db54c065e941f8f2787fda0be22470bf8481c22279c35a2e931d6	1790416431954.179
file	packages/utils/src/lib/id.test.ts	f1582da9b1a4098e5816e77e82fba14f6fd0e967e3d0a2a779695790f37d577f	1790416431955.1794
file	packages/utils/src/lib/id.ts	e250cd580c87bff15cafd7c99c742f202c43e3bbc8cbf6a1d2171411b37ad293	1790416431956.1794
file	packages/utils/src/lib/iterable.test.ts	b0bc7ef48f21be6b5815351994c78a46fc8459256c51df7610558491b29186b8	1790416431956.6787
file	packages/utils/src/lib/iterable.ts	c9805242199adf9a52cd750a113fea7e826e0528fd96b1d86f905a4e1f5eb8b1	1790416431958.1824
file	packages/utils/src/lib/json-value.ts	8b2455edc60ef849c40e38b89ca8e47f5b740ac61df0ee221c36d851ca25b335	1790416431959.1797
file	packages/utils/src/lib/media/apng.test.ts	090ec69b10e7b0d2e1d8500d45bae71a12db2ca92b173ecadd29fb218d233396	1790416431960.6807
file	packages/utils/src/lib/media/apng.ts	bb49c253f7894db740420a41446822df39990fd54089f39cb36b27253427046f	1790416431961.6914
file	packages/utils/src/lib/media/avif.test.ts	2f747bb6ffd27058201fbb39e77779f82104036ba59743870b9d28b6b78772d2	1790416431962.678
file	packages/utils/src/lib/media/avif.ts	be16594af0d3dc543921cb437b66d65d9cc8b1f0707347ee687df22739367128	1790416431963.6802
file	packages/utils/src/lib/media/gif.test.ts	807cd9d17249decdb8e023b164fae8324e9050b27cd5873111f5de81bdf22a44	1790416431965.1777
file	packages/utils/src/lib/media/gif.ts	d49c0d4519117a5ecfe552bf3268909349cffd4d7b4aeaf7a9b66590ee923044	1790416431966.1794
file	packages/utils/src/lib/media/media.test.ts	07846a67d1b96e66f8dab4134fc46f04d0a6d13ca45c5dd5b837c604110e6772	1790416431967.1794
file	packages/utils/src/lib/media/media.ts	b7d860a412331fafad00271c059f14ec951b4739572a318a9bcde918fa5fcd89	1790416431968.1797
file	packages/utils/src/lib/media/png.ts	c7135f844e3629675872e8363bf6b572c2f3781a81702884451a0b37f88b8ef6	1790416431969.1804
file	packages/utils/src/lib/media/webp.test.ts	d70cb82cfb096a81c3b80d14a5fc251fc0425a189a214abba6ae2b1662e3ad43	1790416431970.18
file	packages/utils/src/lib/media/webp.ts	74f4f2444eb570e724824e1e24af68ac1d62f2609bf97d634bca7b4cd7c0ab7b	1790416431971.1787
file	packages/utils/src/lib/network.test.ts	465274032a0c12becdf8bc3f19d39d13f4c88641a7752ba28cba90339a9e17f9	1790416431972.1794
file	packages/utils/src/lib/network.ts	440604c1dd2d392cde08f4129a094c5721f080b5daf1874161c94c92c4a3a3c9	1790416431973.178
file	packages/utils/src/lib/number.test.ts	8053e5e050cbfaa3f4b82a9657834fb8a10c2330c0eeafffb68255473b2fe4c8	1790416431973.6775
file	packages/utils/src/lib/number.ts	d1ffc45255ce0934c4383db52cbdb886cb3ec04a0fe6c940cc7057f784e365ad	1790416431974.6785
file	packages/utils/src/lib/object.test.ts	e596769fd83963dab62f244642d2e065e69bc070403222ec6d2d1b2c5b34517c	1790416431976.1821
file	packages/utils/src/lib/object.ts	585c0b41bd6b404b8d3d5dce7019872ec4f80837f005c7f433d7f68831123c3d	1790416431977.68
file	packages/utils/src/lib/perf.ts	9e27420b69dc0b6dcfe32c8f06c5de79c9bc62ac0d8b1be26b3c3fae78cf4b8f	1790416431978.68
file	packages/utils/src/lib/reordering.test.ts	1e2aaffa6d90a404e774b3d7d4baf140fdfaba07138a97a80cf3fe838bc39abb	1790416431979.178
file	packages/utils/src/lib/reordering.ts	1d51b9d514398bd5c409821854890190d2694ae6f810bdcc80dbc6f4d70a3da7	1790416431981.1802
file	packages/utils/src/lib/retry.test.ts	8ba799f4871ade554074a129a7d0b682f3d9fab3803a028974102f0ca8837c02	1790416431982.1816
file	packages/utils/src/lib/retry.ts	2a0e38044deb1bb084db5661f9b7df012f8cd2aa46b5f193892a791233808bc5	1790416431983.1797
file	packages/utils/src/lib/sort.test.ts	e7b0e6d110969d667bedd6cce7ed124df7dc6c1a11af6f96f347c068b2082256	1790416431984.1782
file	packages/utils/src/lib/sort.ts	2fc59c672839bd306943c515aa018fd25f924c508392c1b31e66156fd64c62e1	1790416431984.68
file	packages/utils/src/lib/storage.test.ts	8e27e1ff118b8a7ce52fb882f6dfcb78197bcb4eb644b0fcb39ac24e685ed569	1790416431985.68
file	packages/utils/src/lib/storage.tsx	59e4285718b4a6e1accc690d73ccf7910f412fe6679eda6dd8500e7f30bdcc53	1790416431986.6792
file	packages/utils/src/lib/string.test.ts	40e8ec4f978fe4db7dc6b7a4bcdde1542dd54b855d99204892877e95ce8edc8e	1790416431987.6816
file	packages/utils/src/lib/string.ts	18b7c88688f9e1c40a481dcd3935fcebf1cd051158ee96c54030948869ace1b5	1790416431988.679
file	packages/utils/src/lib/stringEnum.ts	2492a45bd05a2f4a0811893312a7e546c9bcb353da2f642ea54b3646bf57be6d	1790416431989.6804
file	packages/utils/src/lib/throttle.test.ts	f12515f8973e6e526581753d6dc5323164888081f90c922fb33e68f1e2f1d681	1790416431990.6824
file	packages/utils/src/lib/throttle.ts	263c8067087c6fef6ace30f54ebb4de7807c4d66518659733dd52ca25e90f2bd	1790416431991.6802
file	packages/utils/src/lib/timers.test.ts	fffc1a2c3430bb5d62d01ec50ca429f337fa2ea00da3c6dc9e66269ece16dec7	1790416431992.6797
file	packages/utils/src/lib/timers.ts	2ed9aec4752c9852fdc2206477a76fbd46eee275a4f40e21cd2c00edf958f42f	1790416431994.1804
file	packages/utils/src/lib/types.ts	d51efc3b305b658bb659f79008ba4ecc2322a9f2afb544371687ad4ce2fb0242	1790416431995.18
file	packages/utils/src/lib/url.test.ts	6ceacd9d48bf72a6d98610a94a6acba542b24a3bd3c80d00ecdc5129d7c3ebdd	1790416431996.18
file	packages/utils/src/lib/url.ts	37dbafc11f8447d007275b5400d366c81292c6a16853eb6d49489f667523cda5	1790416431997.1777
file	packages/utils/src/lib/value.test.ts	7bff9aa1541bb42923cd5ecc4af7ec6ad5ebaa55751e2c8b179b0f8bcf4b62f1	1790416431998.1785
file	packages/utils/src/lib/value.ts	b374433d073892fdbef02d76bd2b008516ff710353cafe98d2440040a506b518	1790416431999.6804
file	packages/utils/src/lib/version.test.ts	e66da52d4ca317c86ec943a242d1430956b83de199d9ba444094243e81a1dd7c	1790416432000.1836
file	packages/utils/src/lib/version.ts	b29991c2cfc8e72f80607ac7fddc5d748013191d58733e51573f417e995d48d6	1790416432001.179
file	packages/utils/src/lib/warn.test.ts	2f6553022bcd8932112f69a9394e06bc22920589f04abab861507be23309d492	1790416432002.1836
file	packages/utils/src/lib/warn.ts	e57f48106ff402039de63a1d5bdff6e0bc505c278b185634a0f33be8a00de202	1790416432003.1895
file	packages/utils/tsconfig.json	42776299be6c25caa378bb38d7d8df81ac604f0876eb9cc87528ecfe9758e4f7	1790416432004.6802
file	packages/utils/vitest.config.ts	5a74baf13aff6de0bce13360a69859c8a91d1d22d14328fd7441b203eb75e27f	1790416432006.6807
file	packages/validate/src/index.ts	25da75e9bf2bf093cc5400a2233bf2e276d2b203431102e92729cf86873864d9	1790416432017.1768
file	packages/validate/src/lib/validation.ts	ee38d1f540ecb712a5b1d541721adedd79ec15854b300f873de0078bb6482ded	1790416432018.6814
file	packages/validate/src/test/arrays.test.ts	2a590ec4fd50ceb960dc689b9be6ed2704562e16687ab10fbed9bee5c0398ee8	1790416432020.1768
file	packages/validate/src/test/dicts.test.ts	df4ff787fad172fd55adf26a29d3e6df6beef727fedcc2c5c63fa5ccc774fdc1	1790416432020.6775
file	packages/validate/src/test/enums.test.ts	4d03f3ff9ce057c5f01740d04b7aceea0207b5c5b2d128a223e58a3c1a2a5795	1790416432021.6794
file	packages/validate/src/test/errors.test.ts	a635a52fef9eff80180691e70dc60a987b5a5c9100105624497e6a3975fb0941	1790416432022.6855
file	packages/validate/src/test/index-key.test.ts	3878d50d1d3690e7bd24a7484668d689117df5a246cf5a5eccc0ffc6149d5981	1790416432023.678
file	packages/validate/src/test/json.test.ts	2760ad65cf691b0798a5beaeb5e75f6e57d2f03ec99c2cb215b7d23e2e5889c8	1790416432024.1794
file	packages/validate/src/test/model.test.ts	d3e0c36858c5066a3b2d5767558f8b29239733852373349147c360ebf20c534d	1790416432025.6804
file	packages/validate/src/test/nullable-optional.test.ts	21ca01326f280ee9ece9c46591f124f725c1fb8964dc2421f3324c6d44c95ff6	1790416432026.1804
file	packages/validate/src/test/numbers.test.ts	e661a68cb3060e0b11b12df31615346a66f2d4866d2a6cbe23850b745b5a2b98	1790416432027.1802
file	packages/validate/src/test/objects.test.ts	7a33a61130c1cdd9f4d672580ac2c5e8cdd7c3e6874e45ce0a63e74c6ad78873	1790416432029.1797
file	packages/validate/src/test/or.test.ts	dc8385c327fdb9553c02ea011ddd7e7a8bc7fa8b675741f8959a7cf65ccac017	1790416432030.6804
file	packages/validate/src/test/primitives.test.ts	b4fc5170cd46c40c5df8104f3d6e2f8c5879cff268e74e924672770aef43e61e	1790416432031.6792
file	packages/validate/src/test/refine-check.test.ts	32151c5c13457bcb3246e23fcd95a1d5c09c82e3270125385c4be6e7124ed68b	1790416432032.6802
file	packages/validate/src/test/unions.test.ts	e30386229552f508ea122958f8bcd979ed133c325c4344e6edc485fe44eb0ab6	1790416432033.178
file	packages/validate/src/test/urls.test.ts	5fdffc373d7686478d6bb2efee7b224083d8bc469e532c9e8288318ddf874a03	1790416432034.1792
file	packages/validate/src/test/validation.fuzz.test.ts	4a4bd95b22a1a74623c3dcea3042e8977e9952e9b0ff516be49b4e72219a6922	1790416432034.6853
file	packages/validate/src/test/validator.test.ts	4d086933c5db667cf265603e7769c5fc746323bdbf7657a9dc2215fc5ead2281	1790416432035.6816
file	packages/validate/tsconfig.json	1ae62be7981636c77e4b8237a8ab06e89888187ed4c7f2f7c653909f6719895a	1790416432036.1797
file	packages/validate/vitest.config.ts	4962c587d70bdc4dd9eb84213feeafe256aee5aa84c6b49db2ad6975746d4ba5	1790416432037.1797
file	packages/worker-shared/src/bookmarks.test.ts	e1933f648f680abcb606c54b3f2f61fc92ec5e8ff669b1e2f46654df62cf59c3	1790416432042.182
file	packages/worker-shared/src/bookmarks.ts	ecc393d263f1eea55e5f1d29010ef54e3d4d81f51a9e7b12b01cd14d2caaa033	1790416432043.1794
file	packages/worker-shared/src/env.ts	05085665cbd2ed20d994ccf1c657a60fdce5321345ee53a0c309288c257498e9	1790416432044.1804
file	packages/worker-shared/src/errors.ts	98a4055c8d1020f73595281f3bf322ed61cceca5e84fa75e1a0096eaddfea2a4	1790416432044.6802
file	packages/worker-shared/src/handleRequest.ts	b9f1fd2cf6a7216d625a9b6a8d9b344715f8b0bb46a5b500db68fc695afdc9de	1790416432046.18
file	packages/worker-shared/src/index.test.ts	f7ed7d78b3e752f285812e47cb37b88118e8336dce322d42a257aa377be99985	1790416432046.6782
file	packages/worker-shared/src/index.ts	ef187a90b894e07574efa22c00fd6b581956eed6d37615d6bcd964f82df535ff	1790416432047.68
file	packages/worker-shared/src/origins.ts	4f949f08f36cead82143de917654b6f9c5a331ac899b5419fb2347d25c9f6711	1790416432048.6812
file	packages/worker-shared/src/sentry.test.ts	907f3537d979d101922536f2ea47068fba2255f0fbf47dd5ecd3327f964147c9	1790416432049.6826
file	packages/worker-shared/src/sentry.ts	07bcc358b609638b4a869a01e9154c7b3282be43e470359070654d03e5e0fda5	1790416432050.6812
file	packages/worker-shared/src/userAssetUploads.test.ts	cead24ef5cca70f0737ef38762d223341618a87583fd2c5aac3c5c838648b6b3	1790416432051.1794
file	packages/worker-shared/src/userAssetUploads.ts	a7748cf2f33872a438d2183a77121d9a84bb21ad38f2231355dc62548679dd4a	1790416432052.179
file	packages/worker-shared/tsconfig.json	ab9e781cd7ebe5cb2cafffe6056ace28bb8c219b8fc0865ca2b6a328d61961b3	1790416432053.181
file	packages/worker-shared/vitest.config.ts	1f65a0c8a2bcc48cdaa4e76313fe9dbaad51e914d0706db9458f3e8eb417c983	1790416432054.1804
file	templates/agent/client/AgentHelpers.ts	055caad26bcf51f459f9135e8c08c2df356bc0b364d0ff9996d72c692b32a009	1790416432123.6775
file	templates/agent/client/App.tsx	264cd53fb6d4c86216015b7cebde5529d023bedee33debccc6b0cfe7be3cfc3f	1790416432124.6792
file	templates/agent/client/actions/AddDetailActionUtil.ts	baa0609451cc445161394c0ed33837665e77e6ff0f8731cff9d7503c76309544	1790416432126.179
file	templates/agent/client/actions/AgentActionUtil.ts	926c29d374aedd1c493a27c8d6fe13a0dd337d1ff22d86eb8b84f3390aba7675	1790416432127.1797
file	templates/agent/client/actions/AlignActionUtil.ts	b6c7ec7086fcc68ebbd15950c6bf617cb667c69f1588f64f9a8a29d11258335b	1790416432128.1797
file	templates/agent/client/actions/BringToFrontActionUtil.ts	553928497480f463421beb3f0556c0e05d2973aea84354510e328ab010443747	1790416432128.682
file	templates/agent/client/actions/ClearActionUtil.ts	2e89e6ac357a90bc7e8ca30029626d01a4b4da7041952bb64397433999855831	1790416432129.1792
file	templates/agent/client/actions/CountShapesActionUtil.ts	eefa303d3efe898c3d7a61064abfe899750efa928c43a28d736a232b3f65af38	1790416432130.1821
file	templates/agent/client/actions/CountryInfoActionUtil.ts	5b56a085cd6cd071a28721d76e4156111f52abc51b4e606e30418856641f21e6	1790416432130.6797
file	templates/agent/client/actions/CreateActionUtil.ts	1fe97844779cd0a6403e296a3fcb47dafffdade1c4bb605eb277ddb2c531bb12	1790416432131.6807
file	templates/agent/client/actions/DeleteActionUtil.ts	e6183a8ca6b587e723d67189298663d6f3959b6b7ee5ae6def6a84fe815c8a04	1790416432132.1804
file	templates/agent/client/actions/DistributeActionUtil.ts	99a5eb8b9ef2ef95d060d5e1dd74269d8db17bd2a91e9ea8e2500d638ff1fdc6	1790416432133.1807
file	templates/agent/client/actions/LabelActionUtil.ts	75ff2e84419bb4b76fb71753fd455852508a28caa42633b5095d4ee7833db45f	1790416432134.1782
file	templates/agent/client/actions/MessageActionUtil.ts	66b91ccfbc8528cbba89a17b0882c8ba062a45a5bb4c1fe1b316e6e8657a7ace	1790416432134.679
file	templates/agent/client/actions/MoveActionUtil.ts	8a12fd7a9dd6f1edea5029b54ceceef49caf68e1b7246c57d25c135bf4d4670d	1790416432135.1775
file	templates/agent/client/actions/PenActionUtil.ts	e136878e3b4383502b08eee38829e553f28ce19ea7f447f9a9eaceebfcdb1aab	1790416432135.6777
file	templates/agent/client/actions/PlaceActionUtil.ts	88281dffc46efada7d28ac047ea839c4e5bdcb0512a0333aa876fb31cd73aad0	1790416432136.178
file	templates/agent/client/actions/ResizeActionUtil.ts	81d9b52f3df02b4bd8486972aa004cd4016c4bc7cdb8cd80c9ea4a42666781de	1790416432136.6777
file	templates/agent/client/actions/ReviewActionUtil.ts	fd29b4ab82220d9b96859c49322b274271e79dca652133aa95cf4d4334427347	1790416432137.6765
file	templates/agent/client/actions/RotateActionUtil.ts	655655744c04d2df42fcb164c4150218b6048ffef67c8786612a637ab3c9e994	1790416432138.177
file	templates/agent/client/actions/SendToBackActionUtil.ts	08b75c006f2d64019bfb759ec414b46a97d308721c59aeb37940d7a7e9f3f2ab	1790416432139.1787
file	templates/agent/client/actions/SetMyViewActionUtil.ts	7a4bf8de3f7fd24c03c1bae1b073e7fa32d7825d03536ba3b20bf53672d7797a	1790416432139.6785
file	templates/agent/client/actions/StackActionUtil.ts	19db0b3c960379039993bdb4ff3c9dbac4e764de1d61bf1e8aaccabdec021b1d	1790416432140.1775
file	templates/agent/client/actions/ThinkActionUtil.ts	f56af57dba40f767aebe62d5af8ac670c6f4d5df5d376dfb96e7a8a5f511addf	1790416432141.1777
file	templates/agent/client/actions/UnknownActionUtil.ts	97a80dea9489080c8a1a032186633d494b25faa7a7ffb230596def2165a4047e	1790416432141.68
file	templates/agent/client/actions/UpdateActionUtil.ts	a551fb2ec105140ce78ed2b9b577fd090508bf8adc6c5ec3b6d98b56dfd74ad1	1790416432142.1797
file	templates/agent/client/actions/UpsertTodoListItemActionUtil.ts	5b9012c19aa89628828e0fb8027e86da5c0d77f61bda5d02f1dc0c48843f39ee	1790416432142.6777
file	templates/agent/client/agent/TldrawAgent.ts	0621f640472d8480abb71f15a87840ed140470a64ff79d2a2c586f2bc4824b46	1790416432144.1826
file	templates/agent/client/agent/TldrawAgentApp.ts	55e9e214d1caf19fe0b53e1c2232d4714a625e1934d87bb06a1439af158f89d7	1790416432144.6814
file	templates/agent/client/agent/TldrawAgentAppProvider.tsx	59036b522089e82c17cb4274b77405eb76e73d3f90a347a7ed38e63b77215245	1790416432145.6829
file	templates/agent/client/agent/managers/AgentActionManager.ts	6a353e89eaf68b2ea117a942f42b3d183c0d95b91648fcc6b6381a6dce3b684d	1790416432146.6829
file	templates/agent/client/agent/managers/AgentAppAgentsManager.ts	9acf46f908fc9c22eece9d7271fde4c31ba3290c93c2e51ef8213101971a08ac	1790416432147.6814
file	templates/agent/client/agent/managers/AgentAppPersistenceManager.ts	38b915d09cfa4a71a9cd74ec9a8c5f1dd15b4d0243ddc6d833888839b7daf7f1	1790416432148.1804
file	templates/agent/client/agent/managers/AgentChatManager.ts	620a602d9a0d34cf384a184f0e96a10e7ac292d5f64fb13f25cc32041de719c5	1790416432149.1836
file	templates/agent/client/agent/managers/AgentChatOriginManager.ts	5737574764e842318f35531d17e0ca93330b8775f08edee3a60cb294ec22ee3f	1790416432150.181
file	templates/agent/client/agent/managers/AgentContextManager.ts	8601fb5a3e91a152546c8dc09f8bb8d88a8c47a3f7f34e4efbaeb55280fd4531	1790416432150.6787
file	templates/agent/client/agent/managers/AgentDebugManager.ts	482daef668ce868c7000265cbe4ad77faa1eb687a1b6bdf2111a6dbfdd7ca6cf	1790416432151.681
file	templates/agent/client/agent/managers/AgentLintManager.ts	1d915c33c1c023135dce6c950bc916c5d48773de0a307014739ef46a31659039	1790416432152.6816
file	templates/agent/client/agent/managers/AgentModeManager.ts	106509e8c555643b36569fb8a0bda9a50fcc59d899dc7f7ca91a22401cabfabb	1790416432153.6807
file	templates/agent/client/agent/managers/AgentModelNameManager.ts	ec2636ee66a9af27bc77d66d9ddeb6580d5eb627a3fd0cf689a4a24aec845fe1	1790416432154.1802
file	templates/agent/client/agent/managers/AgentRequestManager.ts	fbe4f4d521d76b6fff30601bb1a120e4b9fc7996babfbadc06dc09014e05e7ed	1790416432155.1787
file	templates/agent/client/agent/managers/AgentTodoManager.ts	ed152046917650da7fb235dd66bd4d6c0af39806507ed2d2578357c079a66d88	1790416432155.678
file	templates/agent/client/agent/managers/AgentUserActionTracker.ts	4f3ce1abcb3b09617d41f555c316d8609e03dc647a68949f837d41c6b2f38ef9	1790416432156.6792
file	templates/agent/client/agent/managers/BaseAgentAppManager.ts	c79928cc828f14c4e16cb5864257a932fa11025916b698dead171d4c06cfc0af	1790416432157.1814
file	templates/agent/client/agent/managers/BaseAgentManager.ts	6280f9fc0f8bd7f9ff7a6e9f830a9487e2f22adf48f23cbb06f242daaf176b25	1790416432157.679
file	templates/agent/client/components/ChatInput.tsx	e4253f67ab7584ef157d74c28f3faf2b415db623f6401cac99aa0f57c88ee200	1790416432159.1797
file	templates/agent/client/components/ChatPanel.tsx	259afbbf1029a4d89f5935a865fd207da0c37947498e01ffa55018bf925dac03	1790416432159.678
file	templates/agent/client/components/ChatPanelFallback.tsx	b7783a1ff54d62423f9d906dfda299ae65b9e0e8a68849e8540751a38687947e	1790416432160.18
file	templates/agent/client/components/ContextItemTag.tsx	a6558a5b0e0e00071a8ab4990eef7ea697539bd7dc69a3ddd1ce6c2a77039cdb	1790416432160.6782
file	templates/agent/client/components/CustomHelperButtons.tsx	9c1eac36c388fb67809efa4c6d2c000b500565616884e679fe71f953cf19738e	1790416432161.1768
file	templates/agent/client/components/GoToAgentButton.tsx	2e87fbda818b567627de9fc037871aad93a4a4d41205fd869689adc72dce77b5	1790416432162.1787
file	templates/agent/client/components/PromptTag.tsx	ac2331f460d0ccd77b4bf161866c1fba114eab6f718997f4c8f7d49fc1409646	1790416432162.682
file	templates/agent/client/components/SelectionTag.tsx	5996d3a9b0972bc13a832f60628f3d91e62597efc6220a9817fcf80759243a9c	1790416432163.6804
file	templates/agent/client/components/TodoList.tsx	57ab8eb26dcb9caa4a49da3665c57a614448ff86e51ecf1470373aecc446d9ca	1790416432164.6765
file	templates/agent/client/components/chat-history/ChatHistory.tsx	36e51d482e9d2f2dce4e128f4ccbcad20fb29dccdae9c459e0f8dc26031a3597	1790416432165.679
file	templates/agent/client/components/chat-history/ChatHistoryGroup.tsx	f9c2af0f9779da7a0fc91d4fce3e13c6e2a01a27e502f4ecbbc06f8241670b26	1790416432166.1777
file	templates/agent/client/components/chat-history/ChatHistoryGroupWithDiff.tsx	512ac79972ee50cf7f3aee2034c930f577b555927bd9552506dfb4961bcd22fb	1790416432167.1772
file	templates/agent/client/components/chat-history/ChatHistoryGroupWithoutDiff.tsx	a52a9a10d6c610b60bb1f38612cc369f8c8bfee3d8e091bebed56a27d6a7fbfe	1790416432167.678
file	templates/agent/client/components/chat-history/ChatHistoryPrompt.tsx	a64f1b0d4b0a5e2eb5b3d46ebf003afa49c859cda56b8ad7e66ebd74c29579e0	1790416432168.1787
file	templates/agent/client/components/chat-history/ChatHistorySection.tsx	84223787379833076c1512ae9fae66ee185178efd608eb4e943ac4a1d9f2a979	1790416432169.6792
file	templates/agent/client/components/chat-history/TldrawDiffViewer.tsx	2e1ccf3640d164a398a66d14ddca1988e5437605b2972f10c0c103d26c289cec	1790416432170.1797
file	templates/agent/client/components/chat-history/TldrawViewer.tsx	64f6037993cfea6da82be70801c863dbdd6880101de214d76a16bc1c33901aea	1790416432170.6792
file	templates/agent/client/components/chat-history/getActionInfo.ts	ba0abda93e47055131b605994506d5ffce64edcd485e25686ee95ce030d5728c	1790416432171.6821
file	templates/agent/client/main.tsx	b5ea900193df16aafcf9652606bbd97ffaa6ffd869f8696a3a70df2537ce7189	1790416432172.6775
file	templates/agent/client/modes/AgentModeChart.ts	c70e3083caaf332fbcf01aa5383fe14ec63730fa7d28fb14d42d1b388f8d512e	1790416432173.678
file	templates/agent/client/modes/AgentModeDefinitions.ts	9e6efa3aceb559af151dbd80e60cea0bf03c7035709fc0d4cbc36139ac7d38c9	1790416432174.178
file	templates/agent/client/overlays/AgentHighlightOverlayUtil.ts	09c2dc2a7bd532c4c8037c22724bc23de1a469e10bb837d35cc6d7c8309fd418	1790416432175.18
file	templates/agent/client/parts/AgentViewportBoundsPartUtil.ts	7d63828a056e205ba460b93922940c705421c3c87a398a4e8d4638e7cdc6971e	1790416432176.1792
file	templates/agent/client/parts/BlurryShapesPartUtil.ts	518cdbb5d00fd12a3dcc315b82e25d518bbeba56659f53d48c208a58d2edbc3c	1790416432176.677
file	templates/agent/client/parts/CanvasLintsPartUtil.ts	cba8663c83c74293157c3e63e6ece8a0fd5b349abe4bf211417d1aeb10025978	1790416432177.6772
file	templates/agent/client/parts/ChatHistoryPartUtil.ts	ba99e39687879c530ad83a75e8078f2bc9cceec4307d89dc04ed692812e356e0	1790416432178.1777
file	templates/agent/client/parts/ContextItemsPartUtil.ts	f0fdff437ec1ecbb7427ee9b102607c58c2e39515adbabbb679d5303d1081fed	1790416432178.6787
file	templates/agent/client/parts/DataPartUtil.ts	6fda91c1f30ba096d9f5b191d980815d590dfc963b78bbc3e0e0a8c0cc3093f5	1790416432179.678
file	templates/agent/client/parts/DebugPartUtil.ts	02c5597af44652f6b842fef31417ddd1619102653e7d4a6903082b85a0b0ad1d	1790416432180.1792
file	templates/agent/client/parts/MessagesPartUtil.ts	aefe581a35534cf406a040b9607bf1e19abe2da74341bf208ccae0050caf4fd4	1790416432180.679
file	templates/agent/client/parts/ModePartUtil.ts	3c5d81edbcceabacef7b3fa4d3f9131e675cb3764aa8d955b48a3f2a9b4fa541	1790416432181.6802
file	templates/agent/client/parts/ModelNamePartUtil.ts	022b54edf22e726e50bede4c55cd4f557351ece49eea4d4f265ec2989e864b0f	1790416432182.1787
file	templates/agent/client/parts/PeripheralShapesPartUtil.ts	b4a5b1dac378ecdb34bff6485f72c11508298b1fad74a46b8fcade3a6288b441	1790416432183.177
file	templates/agent/client/parts/PromptPartUtil.ts	1a341c38bc2aeb8c877b8d010b62a48fdb0e12bdad16e5aa9021145574c02309	1790416432183.6765
file	templates/agent/client/parts/ScreenshotPartUtil.ts	b50361474d87eb595698b63db3ed88cf70098870e7d602ff77400d38476bc1e9	1790416432184.1792
file	templates/agent/client/parts/SelectedShapesPartUtil.ts	e8497e132556a68bc3ecefe2ea517e2a8cab762659fd7fba328ca6a38faffd4b	1790416432184.679
file	templates/agent/client/parts/TimePartUtil.ts	c6984e46b7294b4b25e814456de1fc18f212e2882099185297821d092972dd15	1790416432185.178
file	templates/agent/client/parts/TodoListPartUtil.ts	976a0f1a8769303b104c3f394c9cb17e332258d90ae4ae218d506c4afc4fe08b	1790416432185.677
file	templates/agent/client/parts/UserActionHistoryPartUtil.ts	62eb8395439cc6ad5701ed9b14ef0115789e25aa722d423f9d49d9533661a53f	1790416432186.6792
file	templates/agent/client/parts/UserViewportBoundsPartUtil.ts	9de6f180600357d1bb5791b6eb69ee458df1901de8a7f10bf8b9a9b2f70830e9	1790416432187.1794
file	templates/agent/client/tools/TargetAreaTool.tsx	9f7ca029392e26bf6109fdd134aaa5b2d5eabd75428d764197779f757cb16d4f	1790416432188.1772
file	templates/agent/client/tools/TargetShapeTool.tsx	8bfa38bd5b87b1d6fe07cc98b48b7710ba34d4171c67acaffb43b670ac8de0f1	1790416432189.1785
file	templates/agent/client/vite-env.d.ts	424faf9241dd699dda995b367ed36665732da1e6ec1f33b2fd40394488ecac92	1790416432189.6775
file	templates/agent/scripts/vite-zod-locale-plugin.d.ts	ac0694ba23c589c9a3c91cae4cc0b73f033be6ae91b2c77da3ddbb969d5fd9a6	1790416432193.6787
file	templates/agent/shared/format/BlurryShape.ts	a710b7b4c1ec4758feb1c799fe33b5ee0534e2546e234c6b1dab77d4802b60fe	1790416432196.677
file	templates/agent/shared/format/FocusedColor.ts	e38e3a23a62dfcc843cfdda74887180eed6b876cabe53e41cbb4339639a39e9f	1790416432197.1804
file	templates/agent/shared/format/FocusedFill.ts	cc48d9087b255129ee81194791e5381d9816e4dde63a09e0aefb094b7e0b7847	1790416432197.6785
file	templates/agent/shared/format/FocusedFontSize.ts	8924373173b49b0d0a3f1b00041df4c95e061c5f2035a50babf7ad9327764af8	1790416432198.678
file	templates/agent/shared/format/FocusedGeoShapeType.ts	f7dc955a7da8ec930d6152d82c2ca2b6313c37526eada151929d34ca5df4848e	1790416432199.1775
file	templates/agent/shared/format/FocusedShape.ts	06434e10629f1b998a2289419f03b0da33b846aa31508ed0515d71b421397fb6	1790416432200.1787
file	templates/agent/shared/format/PeripheralShapesCluster.ts	19dcc6752b958f173c0efa5d94e5263937aaa506e05c0af61d60bd26ed594a2a	1790416432200.677
file	templates/agent/shared/format/convertFocusedShapeToTldrawShape.ts	f710c4015b49db2671de0d277366979515a51cbd2560c243dd2f2fb9db5bedaa	1790416432201.6794
file	templates/agent/shared/format/convertTldrawShapeToBlurryShape.ts	6adeccf5eb6db8d9dd5267b966d6bb50cab5242c54756c80fc782e8973e4d906	1790416432202.177
file	templates/agent/shared/format/convertTldrawShapeToFocusedShape.ts	8fae45b142cab9b12bd8f5344971e8803ed973fb2d34228aeaa87b2cb8169c04	1790416432202.6765
file	templates/agent/shared/format/convertTldrawShapesToPeripheralShapes.ts	eb421483de62aa77e87b98435450530d49417cb37970538cc63c43ee930904c2	1790416432203.177
file	templates/agent/shared/icons/AgentIcon.tsx	9a9177ea6df2abbfcbc5df0ac33701b400e19496cd2a81faaeeb805608241135	1790416432204.1775
file	templates/agent/shared/icons/AtIcon.tsx	8587f3bf5609f87c8ea00ebbaa5779e8b95675cf3b560a175389ebf107b93eb8	1790416432204.6785
file	templates/agent/shared/icons/BrainIcon.tsx	c0513af407517253591c84bb03d57e037a237f841f42daecf01a7dc03d1ff70b	1790416432205.1772
file	templates/agent/shared/icons/ChevronDownIcon.tsx	049ea03d4dbf1436a57b47c941c44544888c39fcf873f25233075d569b444b93	1790416432206.178
file	templates/agent/shared/icons/ChevronRightIcon.tsx	f5fd19fd5b6ed5ed389463a36825b23fb35bb02e925dca6020dc059c74a98f42	1790416432206.6792
file	templates/agent/shared/icons/CommentIcon.tsx	d810b4883be7d50da8974f79aee41306d159b7b4042247eb5936f9dcb2371e60	1790416432207.1775
file	templates/agent/shared/icons/CrossIcon.tsx	a9ca1278b15c7d4b5014c198de8589698eaa9302fefe267648b0434178872910	1790416432207.6775
file	templates/agent/shared/icons/CursorIcon.tsx	59c47a6fbf271c9cce4fa65bb48f097e436297baff179b8ae883d2be90b82487	1790416432208.1768
file	templates/agent/shared/icons/EllipsisIcon.tsx	1b650686892f4f42aab6cf90708b9341298c848e556341f11647910831bc5bbe	1790416432208.6777
file	templates/agent/shared/icons/EyeIcon.tsx	390d893008ddb3672effa0aaa72627c02375452c4ae1acb901f5662dea6740f2	1790416432209.1777
file	templates/agent/shared/icons/NoteIcon.tsx	6b49d562d262dd180ecc7f82afb2ed84f8ddcd20721c3bc01bd3ff091a54d3a0	1790416432209.6775
file	templates/agent/shared/icons/PencilIcon.tsx	47a5fb20a68d9b684f7cb3923f4374c1f3f8a41ac5ae1de554fa73b63938e053	1790416432210.678
file	templates/agent/shared/icons/RefreshIcon.tsx	b2a123bddebaa59236114150f5ebb6d502c046c680b4505e77b5e25a401d4e11	1790416432211.1768
file	templates/agent/shared/icons/SearchIcon.tsx	25c4ed8fb3f9e03f6f57cff4378a7626eda9fc2f3d510cad007eb7722c09809b	1790416432212.1777
file	templates/agent/shared/icons/SmallSpinner.tsx	65000be41824fa378cd15ce0238b80f41c5bd75eef018a0681b64574db552c7b	1790416432212.6792
file	templates/agent/shared/icons/TargetIcon.tsx	6c418ba7cd74eb7c9a0ad65a72a34ddfb77ec26fb4a17028a5e0faa6d54b47af	1790416432213.179
file	templates/agent/shared/icons/TickIcon.tsx	2fad3e31de70b308a4dbfcd1a9f13021b0c5624e0b21ff70a980da9eb7cc84c6	1790416432214.1797
file	templates/agent/shared/icons/TrashIcon.tsx	b06c1a8650248968128292e1775364985abd565ea5b3f5db7ed230296a6c467c	1790416432214.6775
file	templates/agent/shared/models.ts	8cb8c75213b1d945e9e5d6560c30412fe3201c6e81e0aaf982a1c2c1d218f098	1790416432215.18
file	templates/agent/shared/schema/AgentActionSchemaRegistry.ts	23c5ead90b8f2a0194ae9fd537f23101185d7593685465c4497d4a5cb923ed16	1790416432216.1765
file	templates/agent/shared/schema/AgentActionSchemas.ts	89518c90f26439a0069b1972ec4845df4d2546f62e15a6695a028c6f277836c4	1790416432216.6777
file	templates/agent/shared/schema/PromptPartDefinitions.ts	70267fc3515e8bf800ae6a224ab6fe61b432ce69670be3b266083f5093df761b	1790416432217.6794
file	templates/agent/shared/schema/buildResponseSchema.ts	5b24cbbed809938902145d7e773c9399493adc5ee7c70bd746100b9dba6f1971	1790416432218.178
file	templates/agent/shared/types/AgentAction.ts	a30e1c7e28252a11bdbeb878cda6ee9275e19a8769fd595cf7a56bb7d860a0bd	1790416432219.1775
file	templates/agent/shared/types/AgentCanvasLint.ts	88e55118d6f20d6552139d2d6a688b31751849564aa1d57d0dca1e7bd3279d34	1790416432219.677
file	templates/agent/shared/types/AgentInput.ts	2db60edc34b7d0a1b2d7e0c61e0c5060a20075a5ec015957398f485761e423b7	1790416432220.1787
file	templates/agent/shared/types/AgentMessage.ts	13119994967cc1fea98fa1e8af9d12871461b889fc6fee349c21ab219dbfa533	1790416432221.178
file	templates/agent/shared/types/AgentPrompt.ts	dcb92b78b68313581b2a7e7914e94ad36ec851359341377d0d3c9aeb6d4293a0	1790416432221.678
file	templates/agent/shared/types/AgentRequest.ts	5c2b26f5a970e0d908bbbde5316413f5ec77adaa64e13a0c7bfe747d6b9fc9c4	1790416432222.177
file	templates/agent/shared/types/BaseAgentAction.ts	3794d36b6e413e12e55db7cea66ec66d12d7c3c7829834fc16207fe55f0ca7d1	1790416432222.679
file	templates/agent/shared/types/BasePromptPart.ts	7dd4484ff3ac08167ed92bf073cb89016f61d4652a87507b7f653c991ddbeba0	1790416432223.178
file	templates/agent/shared/types/ChatHistoryInfo.ts	202e8ad09fd00ab50f82881954f268d28ba25389a5c3c8ddab63fdd04e99d0c8	1790416432224.178
file	templates/agent/shared/types/ChatHistoryItem.ts	65c5482cf1922a5c1853a7941fe48322edcaf11064176d36771602099506c326	1790416432224.6772
file	templates/agent/shared/types/ContextItem.ts	e41cf70cf70b8d8a7df772cb4763cdf93f136b98c2644d123f1034e67cbfabd0	1790416432225.1777
file	templates/agent/shared/types/PromptPart.ts	2e419a0d4a69bcc37255dac5557bdbe89ffcc434f154de352f45d84726404a36	1790416432225.6775
file	templates/agent/shared/types/Streaming.ts	b55fbdc20962829e56485e297ca6fd6a3751fc91d889e7a98f92e7607f7a8a77	1790416432226.1785
file	templates/agent/shared/types/SystemPromptCategory.ts	edd4e1eb355807e6f13578c461d03eee27e0075d24297f0b5129e667cc92003f	1790416432226.6782
file	templates/agent/shared/types/TodoItem.ts	35e59f554f039ca2964884e7b296eb1612c12dd4e9bebc84aa220e5604eb5ccf	1790416432227.178
file	templates/agent/shared/types/ids-schema.ts	e893f3622157eb32fe085252b11644c99aeefe207cfa2955647bf839d06f1859	1790416432228.179
file	templates/agent/tsconfig.json	75b47dc64f8966857a3cd961215ea4995e96238996b452f23a385efa890cbe36	1790416432228.6797
file	templates/agent/vite.config.ts	6ed4af8ad3356cd3b3bc9b41749377197c5c0df7b652be6c7638231a193bce7d	1790416432229.1768
file	templates/agent/worker/do/AgentDurableObject.ts	9aecb20884b0456361934e6be9060a777dccc64b96ae22f2e8e0fe3158bf2da8	1790416432230.678
file	templates/agent/worker/do/AgentService.ts	bf1bb9f3370da62a08c91f2314d5346a7db8305d1a0db1fb7572741acb4ee7b3	1790416432231.1765
file	templates/agent/worker/do/closeAndParseJson.ts	8710f63b33a0d86d633838bf8b7185264f58156dbf8c9f44ed0b0e795ce006e7	1790416432231.678
file	templates/agent/worker/environment.ts	4992cd9b7a3cb56bc498b9fbf19f89e3e4772ec2641c8e5e8d0f9e4dbb0bad32	1790416432232.1775
file	templates/agent/worker/prompt/buildMessages.ts	b85324492bbc570aac2bab0d5b38d5c709e56bf6204be4745eddd9a270b57ca9	1790416432233.177
file	templates/agent/worker/prompt/buildSystemPrompt.ts	29cf90ff4d4fbf29f07cb1463ecef89228b2869f7634aa289bf4eb55eb25a139	1790416432233.6768
file	templates/agent/worker/prompt/getModelName.ts	eee775750342dd07e11f54d4e834925e218447ade358590f55c91663096d67e5	1790416432234.177
file	templates/agent/worker/prompt/getSystemPromptFlags.ts	32d024932ac5a4038c021c56827be442982e64eb88a174e914d2dd5e6ee05207	1790416432234.6802
file	templates/agent/worker/prompt/sections/flagged.ts	f0569c0b83f813f8af5eff93d1124d2823610c6b3ba229c71b874aa4af6d5bf0	1790416432235.681
file	templates/agent/worker/prompt/sections/intro-section.ts	6c1748c35b8c26e7871406bbe9beca1b2b65db4fdaf24a6df8a4c50d9ce16119	1790416432236.677
file	templates/agent/worker/prompt/sections/rules-section.ts	b9085accd47f38a93e7651efe74ce70a8d8ed2ad8b40d928f780f7bb817fe3fa	1790416432237.677
file	templates/agent/worker/routes/stream.ts	64ab3236719eb4a45fae64805421610c2e747aa126610af521308ee1f3d98ca4	1790416432238.6804
file	templates/agent/worker/worker.ts	3b31e9e46d39df8db726eb16c8cb749c9a50df2296af173be097a4d71cf1cf9a	1790416432239.1777
file	templates/branching-chat/client/App.tsx	ab4e1710f210220ea0edadd58fb7b4d5c518edf3d3c92ea82e8f24042daa47eb	1790416432244.6787
file	templates/branching-chat/client/components/WorkflowToolbar.tsx	f1a36dac48743aafc771af0517bb4dfcfdad03bd58bc2da61c923ad4e87f064a	1790416432245.681
file	templates/branching-chat/client/components/icons/HandleIcon.tsx	4016a8c94e2d52ebcf13786e56a1aadd94461b2fba1900435a350d9592da6314	1790416432246.678
file	templates/branching-chat/client/components/icons/SendIcon.tsx	c549cb4bbdf97bdbee89c52135544e2cc6474d0ac9be46c6c0aa9e872c055214	1790416432247.678
file	templates/branching-chat/client/connection/ConnectionBindingUtil.tsx	a1da9af577cd5de61e4170fe5d787bac7f15d6bc02b22652fa12ac4692e08f0f	1790416432248.679
file	templates/branching-chat/client/connection/ConnectionCenterHandleOverlayUtil.tsx	91bb5aaff2fe436b1d7116cf2b19f0ace86d190b45eaa3ddb48ee51283a6c090	1790416432249.178
file	templates/branching-chat/client/connection/ConnectionShapeUtil.tsx	a53a5f52c969684e21ae2dec4b1f3b50434f3e661e05e56018b685d00acbe63f	1790416432250.681
file	templates/branching-chat/client/connection/insertNodeWithinConnection.tsx	0b5b70ef1bf63c57b84fc3fcde0c68255fe8b4347d74befff368fd0a63ccc116	1790416432251.178
file	templates/branching-chat/client/connection/keepConnectionsAtBottom.tsx	bbe60914df5d6b3cf78249525c7bd8ff3022fe7c911ea2d0b9213041f086fcce	1790416432251.678
file	templates/branching-chat/client/constants.tsx	c13e6b0814b0c736529377fb13fa9330b97f4e5ffd1c3db2ea8206c0180f092e	1790416432252.6777
file	templates/branching-chat/client/disableTransparency.tsx	bfc0fb213038db3630aaa4146bb72d8a8b40d81e1b97b5d9c617837f813b3497	1790416432253.1777
file	templates/branching-chat/client/main.tsx	89667e1d8eb445198ead90325538f53edca3e30c99c259a935b32b35eeff049f	1790416432254.68
file	templates/branching-chat/client/nodes/NodeShapeUtil.tsx	628b57ec625a1763b9d7f34b085de7dcaa4d6d4fb51b02840fd015f0c3196018	1790416432256.1777
file	templates/branching-chat/client/nodes/nodePorts.tsx	a13d13470e7caa1034f57e776e0496536853ca0cf7bb18f8d0372b651fa54f35	1790416432256.6797
file	templates/branching-chat/client/nodes/nodeTypes.tsx	9acd0f472e9a1ccb5fde5ed9817649dbf03117411596701d1e8b7daa3f951dfd	1790416432257.68
file	templates/branching-chat/client/nodes/types/MessageNode.tsx	d463485f3387872a5696acc6fc25c48ba0cb6f8857b8986d64c5036d986c0dec	1790416432259.1777
file	templates/branching-chat/client/nodes/types/shared.tsx	d8c031728633ec7938bececfa7c52fa0239bf68aa6a98b8a43d28f3a57dd4db4	1790416432259.6775
file	templates/branching-chat/client/ports/PointingPort.tsx	894b5eec283b07a73313aa7839be241204e2f1c25e68ee0c4a12377255ba4b65	1790416432260.681
file	templates/branching-chat/client/ports/Port.tsx	9265f99747ecd8792644ba33c3fd18dddc98f6df803c5546bdfe8430b67ba4c4	1790416432261.6826
file	templates/branching-chat/client/ports/getPortAtPoint.tsx	7f8c046249d38cca8a88adfaaf89c60d54f7cb703ced4492ddfc897c9fff7c5a	1790416432262.1824
file	templates/branching-chat/client/ports/portState.ts	c5fe29a2814b3a76677de8a0078fc0137f1ade228067785827613f5ce27ceb1b	1790416432263.182
file	templates/branching-chat/tsconfig.json	29da4fff5f89872dccedcdc4cf8f81a1d0c7db67372808f67de67e1adaa6f724	1790416432267.1794
file	templates/branching-chat/vite.config.ts	857f6cdd0fdd8366539636da11360eabe5dcc5c2fd27a6ba54d3ecb981fb96fd	1790416432267.6802
file	templates/branching-chat/worker/types.ts	07484ac16ab9a04abfdf811f4b9bdd80013b18aa48c8ed924bdc8db34cbaa2a4	1790416432268.6794
file	templates/branching-chat/worker/worker.ts	b6f1e45b92cecaec8f16bb1e04d8918f7d35e49e7dfcc0c72c3f0bde30f78297	1790416432269.6807
file	templates/chat/src/app/api/chat/route.ts	6b8cd35e5b4685d28d727b4dba0b2983db4a18bcba968f9722c967e9b054a2fd	1790416432278.681
file	templates/chat/src/app/api/upload/route.ts	b25e2af1d5315e25248df2676801f6901f7b3ca14cc16c597aa9df09e0a7fdaa	1790416432280.181
file	templates/chat/src/app/layout.tsx	05632bb1293dea4bb0b7670f65ca55aaa542e5788c33970fd1af25d7c125f719	1790416432281.681
file	templates/chat/src/app/page.tsx	fc31b5f5edb717a9f0445fa89189bc9f8d22312b0729f2b75408f77b562d6ea5	1790416432282.682
file	templates/chat/src/components/Chat.tsx	1c86443b0d7baf27591947793659d2312c5f7da7b120acd643b53867258e4ca3	1790416432284.6797
file	templates/chat/src/components/ChatInput.tsx	7c71216cf774030d28deede73276efc6ca1d7c9a2b85eaf9e6fd1c6d88010743	1790416432286.178
file	templates/chat/src/components/ChatInputImage.tsx	7855a09e2b16ab46bbd43bd633213fd4ef55596fa685931755395bbadce17f54	1790416432286.679
file	templates/chat/src/components/ChatMessage.tsx	f55ada0089c5e49ee5db5e6dbfb451de8552de889ce2459684af89cf276fe30c	1790416432287.678
file	templates/chat/src/components/ClearChatIcon.tsx	c9670464785a8972b19625c99922bcf590a09bbbba1bb14fb4ff186cb8c2ebe5	1790416432288.6785
file	templates/chat/src/components/MessageList.tsx	aa15403cbcd570db9804fbbdba1ec281fd2465e80bbd98bae73b982ccc82b5f2	1790416432289.177
file	templates/chat/src/components/WhiteboardModal.tsx	ebd4f15a7afb8d5d05f6a88f9c64518c302820f754bcf756b1d8a78378e1666f	1790416432290.6797
file	templates/chat/src/components/icons/ImageIcon.tsx	68552d55ec4ea82ce754aee02756b37b00c3e31207ce01ac6f2c2a086eaf5e1d	1790416432292.1785
file	templates/chat/src/components/icons/SendIcon.tsx	7eada645e45dca2acb411d5ccea7d6ba34a5d4cd4ea3b53bc16a0f6639d3b714	1790416432293.1792
file	templates/chat/src/components/icons/UploadIcon.tsx	2ec7aa147777337e6bb8ad32cd6f3cd024109ed9649b9f00461a4647d6df8df4	1790416432293.6794
file	templates/chat/src/components/icons/WhiteboardIcon.tsx	da1e510d76da1b37037b98376d450d8f57d36435538761854b5e49336b4a9e35	1790416432294.68
file	templates/chat/src/components/icons/XIcon.tsx	45c98b7b0c8072d1b3cc002a3cc03d98417894795f4a5bc7f3223ea8c364b853	1790416432295.6792
file	templates/chat/src/hooks/useChatInputState.ts	461aac90ee7850e6784b12cc271c9e2504e915ab619a8a90a11bd5072e12f5e3	1790416432297.1797
file	templates/chat/src/hooks/useChatMessageStorage.tsx	bdd662d54cd991fff0faaae64e13d2c5ffbb915fd93dd33e7aca607fc51bac94	1790416432298.1787
file	templates/chat/src/hooks/useScrollToBottom.ts	3d723a5d257f2ea7e519849ff76abe69a37a86c1aab2afc1c5c5f832ea8ced09	1790416432299.1775
file	templates/chat/src/utils/uploadMessageContents.ts	c530e194dbbe901b5fb80c092a9f7af444d1bdf06736390eb2304191b0523015	1790416432300.6804
file	templates/chat/tsconfig.json	ec6a35e06ae483ab0ad20e254c46ae3edffe748f5684774248f9bb79f036f855	1790416432301.179
file	templates/image-pipeline/src/App.tsx	beaaa4232492f37aa5ebd05d9212c5f254d43529a6ab2ee3fd3fad965b42047a	1790416432306.6804
file	templates/image-pipeline/src/api/pipelineApi.ts	6e146faf2e67bcc905481251f9e88be5537727473c70019ddb6c7c2dd0fda631	1790416432308.1804
file	templates/image-pipeline/src/components/ImagePipelineSidebar.tsx	de3a8869047e07af13e758003a5ea4c9fa8a15c58ece956d083b8b7aa44b5d9a	1790416432310.1802
file	templates/image-pipeline/src/components/OnCanvasNodePicker.tsx	bc101d85b4d58394a21f0f26f1c057e6995900fe06c284ea79e961b84cdcd345	1790416432311.182
file	templates/image-pipeline/src/components/PipelineRegions.tsx	50aee0a182c23623f61335a362e4ea6f436146e6889c760f77dd6d726854dda8	1790416432312.1794
file	templates/image-pipeline/src/components/PipelineToolbar.tsx	95934037e2f482da51820267d8d87c38ea09f95be64073cdb1d4f7d7badf3b64	1790416432313.18
file	templates/image-pipeline/src/components/TemplatePicker.tsx	5deb43a2d98d66527b69e8e263b7667181539c68aafa3d74c051b431f551c061	1790416432314.1792
file	templates/image-pipeline/src/components/icons/AddIcon.tsx	b7c2f3289de6dff560ca2c606987d53b4f5f6c2bda46facffa2e4c8b6f098627	1790416432315.1792
file	templates/image-pipeline/src/components/icons/AdjustIcon.tsx	41052779a1d4802b7a76921d14141405b00e81f5c85ab5c8974f04112f46629f	1790416432316.18
file	templates/image-pipeline/src/components/icons/BlendIcon.tsx	63163e4d3b4ce080fd69e5c1ddcf7e84c34dbfc06fe87e80e650da25180cb319	1790416432317.18
file	templates/image-pipeline/src/components/icons/CaptureIcon.tsx	2e96b3e6215b9f8ca26f5932793e20fbce3a129573203765b40d8ca55a0cf939	1790416432318.1802
file	templates/image-pipeline/src/components/icons/ControlNetIcon.tsx	67c73af0dfb486560cdc8846c9b6533571f7592fe6fb0b9733e655c7ba9bee11	1790416432318.681
file	templates/image-pipeline/src/components/icons/GenerateIcon.tsx	b0b25ae64812f7af429e24cd99f2acd5efd880e12c0964058c800d8ee03065f9	1790416432319.6792
file	templates/image-pipeline/src/components/icons/GenerateTextIcon.tsx	e53115f111875b7faee047fad26a2699cb26979c003f7332e7ff403ea8050395	1790416432320.682
file	templates/image-pipeline/src/components/icons/IPAdapterIcon.tsx	da4ab23aeb1137dca1a2f0ae79088ee17d6c9465e9f1200294575301ec796ee1	1790416432321.1785
file	templates/image-pipeline/src/components/icons/IteratorIcon.tsx	4a6e446e54566aff73600ec3302823973c0c2bef75be87f3e9eadd15ee417a08	1790416432321.6807
file	templates/image-pipeline/src/components/icons/LoadImageIcon.tsx	f36879b7affe161605d20b793865ce2de5652619d8d215f1d58fe519f5b3214f	1790416432322.6802
file	templates/image-pipeline/src/components/icons/ModelIcon.tsx	49cc3d5b70fc2fbe7bbc9712c0a0fafefa45f5f79be0e04f64b13fb036fc2299	1790416432323.1792
file	templates/image-pipeline/src/components/icons/NumberIcon.tsx	81984fb551d7c371614baea1d9f4679766175905a118fc7015c254b90fbf5d38	1790416432323.6804
file	templates/image-pipeline/src/components/icons/PlayIcon.tsx	0eb03fee0aa15ac72db6ad4f38ff32a27e9686c1293b51dcf07ce1aed818a340	1790416432324.6792
file	templates/image-pipeline/src/components/icons/PreviewIcon.tsx	63caf3a7828e44772af36963e5098d08f9df0d18cadf2d60bb1642a47279ad6a	1790416432325.1804
file	templates/image-pipeline/src/components/icons/PromptConcatIcon.tsx	0365676b64c2b73af50ca5b8934fe279b7a2d21f4d3131836fed0bc807d3d90c	1790416432326.1787
file	templates/image-pipeline/src/components/icons/PromptIcon.tsx	948b446e9c7925328b0c791fa83a2360db511372319d954bc9d0231f353a88dd	1790416432326.6812
file	templates/image-pipeline/src/components/icons/RouterIcon.tsx	127aa3f03cad9a638e100488b24f083d6c13fb15697b6c6d6997c7adcacdc130	1790416432327.6807
file	templates/image-pipeline/src/components/icons/StopIcon.tsx	2680504021e1a68ae1df298274237f5a1815822877990ac9e2e077904781bd09	1790416432328.681
file	templates/image-pipeline/src/components/icons/StyleTransferIcon.tsx	42dc37298bba3fd4df162ecc963084db4d5c3d8a6f131b0982e3187467d12c8c	1790416432329.1821
file	templates/image-pipeline/src/components/icons/SubtractIcon.tsx	b60cda84895693f11cd8cbb0a64c7c45726d6dc5c678031327966cca51ba1c3a	1790416432330.1792
file	templates/image-pipeline/src/components/icons/TemplateIcon.tsx	0fb36fd6811f10df7b56299e93f7a6386a4dfcadec903c6695bb9143f3eb78db	1790416432331.1797
file	templates/image-pipeline/src/components/icons/UpscaleIcon.tsx	2d4e4774e7dafcb085696a48346a13a1dfbe41073990168a9f6c3e2e58412e8c	1790416432332.1807
file	templates/image-pipeline/src/connection/ConnectionBindingUtil.tsx	10dcde8b8e23050863cba4f03b98d42dea9c134ba10fb351f6f689e813aa35b2	1790416432334.1829
file	templates/image-pipeline/src/connection/ConnectionCenterHandleOverlayUtil.tsx	4e46e516e0dd105c9f4553b65526aedf16531a7f51602e694251f42b6fc63281	1790416432335.1804
file	templates/image-pipeline/src/connection/ConnectionShapeUtil.tsx	d6f4cb01646f6ef4044ae96c8fae572e187a5f76f7b5fbc390216f563ad94926	1790416432336.1824
file	templates/image-pipeline/src/connection/insertNodeWithinConnection.tsx	69b46b86c8bc24a10dd6634dd67ead9a841deccc471835651d33ee65b9803a03	1790416432337.1794
file	templates/image-pipeline/src/connection/keepConnectionsAtBottom.tsx	8fbcdc4db1e5d546211d70f5d92f263fe3c4c5c6f0369ca70c6f753eb14e98de	1790416432337.6777
file	templates/image-pipeline/src/constants.tsx	3778abcfc5243c3f879d19fcbff755d3915bdb0c641a078e72a6844cce091a6b	1790416432339.1802
file	templates/image-pipeline/src/disableTransparency.tsx	108e0a7b5f05c6bf343b4e8d7406007d9134760d7b2a1489931638b796dd01bc	1790416432340.1792
file	templates/image-pipeline/src/execution/ExecutionGraph.tsx	59fb48b626cbcae0488d9af5cb9e8052f4f45464189785cf3ecb3413465ea5a3	1790416432341.1797
file	templates/image-pipeline/src/execution/executionState.ts	c45ddc874061b6c1a994bb3f57aa2b2e74cd8f2bdf6beaea21d5e36de878e4b7	1790416432342.179
file	templates/image-pipeline/src/main.tsx	89667e1d8eb445198ead90325538f53edca3e30c99c259a935b32b35eeff049f	1790416432343.6787
file	templates/image-pipeline/src/nodes/NodeShapeUtil.tsx	2e7321471be21590fc5e46eb1b881b66b63376b0c5e1e8919bf5e79037207828	1790416432345.1807
file	templates/image-pipeline/src/nodes/nodePorts.tsx	8c4195d44cbd5c11822783b002001bd9e40204d6ba7ba8887356bbc204e4426b	1790416432346.18
file	templates/image-pipeline/src/nodes/nodeTypes.tsx	af67eb905cd4a92705b36d3bc51c206524d3c344f7de96faeb86ade67eb93f81	1790416432346.681
file	templates/image-pipeline/src/nodes/resizeNode.ts	99976bbd05a90bf0b7f9208920cf6a3967c3af19672ee6f284d3973d311d4a13	1790416432348.1792
file	templates/image-pipeline/src/nodes/types/AdjustNode.tsx	e25b30ae988021f23e0ebc6955340db7f5400187abc484cccc7b4bbc13ac67c9	1790416432349.6775
file	templates/image-pipeline/src/nodes/types/BlendNode.tsx	cc00dd9aa370f24153ea5df2dc7f9b1923481507969600877b673b16d61a5316	1790416432350.6792
file	templates/image-pipeline/src/nodes/types/CaptureNode.tsx	bb996415ec339ab003a2dc10c833743e4249f34985767bbd5bff84e970e42f69	1790416432351.6882
file	templates/image-pipeline/src/nodes/types/ControlNetNode.tsx	f466b806be38d18c1cc746d5dc209aec77bd9a92241f2c31331a7df0ef922321	1790416432352.6814
file	templates/image-pipeline/src/nodes/types/GenerateNode.tsx	974617d1f66a1e0375a427d6275a2015afd04d6808b4126a8d925262432629b9	1790416432353.68
file	templates/image-pipeline/src/nodes/types/GenerateTextNode.tsx	a1ee19d5506673453a86e053653b9ed2cd21f5be2c5a855a902736ad20061b3a	1790416432354.6797
file	templates/image-pipeline/src/nodes/types/IPAdapterNode.tsx	19339159dec2401c7148beebe8b3979ef2e4d8e985f31385ecab90d28f565f92	1790416432355.1792
file	templates/image-pipeline/src/nodes/types/IteratorNode.tsx	8bc7db1afd8d863548488f2ab94aa860a41b9d19ffb97e05542b9ce522ecaf45	1790416432356.18
file	templates/image-pipeline/src/nodes/types/LoadImageNode.tsx	8fd60855153fd389c62254d70b9ab31150d4ae8e63f365c2eb2b1affa04e5728	1790416432357.1802
file	templates/image-pipeline/src/nodes/types/ModelNode.tsx	55572bfe3f8773e82b3b727a79398f47910d053c1b9020e7611d1135055f846f	1790416432357.6787
file	templates/image-pipeline/src/nodes/types/NumberNode.tsx	023bbf6793bef3084b24aee573fa14be5e24ab517edb48277d245129f27554d2	1790416432358.6804
file	templates/image-pipeline/src/nodes/types/PreviewNode.tsx	5413369679a629ea2c3a8a6d441aa791e7235cbc3c7ef05e5cc189cddfd382e5	1790416432359.6802
file	templates/image-pipeline/src/nodes/types/PromptConcatNode.tsx	566ebe853f79db9cd771baea4b915e006c4492f7e5058c7a03f9988f0a89a1eb	1790416432360.181
file	templates/image-pipeline/src/nodes/types/PromptNode.tsx	404a76a34850cbe79e536c2d1105786fee88fc108cbad0e014919c2cf9dc480e	1790416432361.1829
file	templates/image-pipeline/src/nodes/types/RouterNode.tsx	853fcdace37b6dd3c616c02d22959a065355548216b80a961131cd8dd5fb9fc5	1790416432361.6814
file	templates/image-pipeline/src/nodes/types/StyleTransferNode.tsx	aaed25fc4cfdde6a8c00c827a5de2a2c3d5b5d0fccbf059a0ddec791a6673a24	1790416432362.6794
file	templates/image-pipeline/src/nodes/types/UpscaleNode.tsx	00f6fe9664e2392d5cdf7531521f885d64bd9009da9b1e56d3eb90f0fe481ca4	1790416432363.6794
file	templates/image-pipeline/src/nodes/types/shared.tsx	de3ebfdea8320a8c2ede8ee14e40951507f834b856550f34b4cb505668c82da6	1790416432364.68
file	templates/image-pipeline/src/ports/PointingPort.tsx	ac6b25ffa3ea2192afafc0d41b4cad5003811c3bf3c9182be84f530e47f0ab97	1790416432366.1812
file	templates/image-pipeline/src/ports/Port.tsx	e8fb744f972b1336ec7a0afc072c3c848d767687333cfa6d4590dff79245a7d8	1790416432367.1816
file	templates/image-pipeline/src/ports/getPortAtPoint.tsx	f8773699fce3f56668ecaaf3a22f41b88eab60debf75b0a6350e90088ca7b679	1790416432367.6807
file	templates/image-pipeline/src/ports/portCompatibility.ts	9a2efd4363c5a6455d418a5f45134548d61eb6678d2be37e7b8178f777f0b1e8	1790416432369.1846
file	templates/image-pipeline/src/ports/portState.ts	66e951f5183ec574534bac5f6895d4d9174b38b4a635a1512963af6af57baf14	1790416432369.681
file	templates/image-pipeline/src/templates/templateActions.ts	65f621562423b77ba1e62dacec82939485f62498d6773ccea01cae88faf0aab1	1790416432371.1824
file	templates/image-pipeline/src/templates/templateState.ts	58a8db23b3b993b15b78b2bca43c83b7d77f73076d03324539124ad35a761871	1790416432372.1807
file	templates/image-pipeline/src/utils.ts	f9dfdbb797fb179e748f61ba4c6c95e79bda1d415ddd1483f6380c42b64cf3ff	1790416432372.682
file	templates/image-pipeline/src/utils/sleep.ts	956d9e85397e63cdaaddf3c1bed98c53a035b93fd28b89eb26ece90e2ac19cc6	1790416432374.1794
file	templates/image-pipeline/tsconfig.json	5597382d075e7a57807546e78f2613c9a170ac9b541fa22fb8e23b54df95e0b1	1790416432375.1804
file	templates/image-pipeline/vite.config.ts	67c8339eb67558cfccc5c0d63f053dad5e5006ceddc4c085b5c7b16ff975ed8f	1790416432375.6865
file	templates/image-pipeline/worker-configuration.d.ts	d861d11676c7aa1f3c3e76dd0d8fe1d98f6bf8b757c655899d71c84777312786	1790416432379.6814
file	templates/image-pipeline/worker/providers/index.ts	16fc36dfd260ea8963ff64330764ace317fe1eb532825b88414e6b972c9dcffa	1790416432381.68
file	templates/image-pipeline/worker/providers/replicate.ts	57dc12a5935aeddf4f21909da4f59815379aa03e4759e9db5f3cd9f42a000411	1790416432382.6802
file	templates/image-pipeline/worker/providers/types.ts	1333995b98c2cfbfd8b89a20cae7ee5bcbc3761e6dc47c879235230b8ef3f4be	1790416432383.6787
file	templates/image-pipeline/worker/routes/generate.ts	c24cbacf996f80be601193d3beac42b8ba466fce7b8acebac68eacfb79557631	1790416432384.6812
file	templates/image-pipeline/worker/routes/generateText.ts	992af0b09581b4b2323572ebd0af803650a3a0a02e82f03aa3f8913c72fbe832	1790416432385.6804
file	templates/image-pipeline/worker/routes/images.ts	678e295e8fc19b9dcc3aee47ca25673cecf2051e048916254c95ab08888511e2	1790416432386.18
file	templates/image-pipeline/worker/routes/ipAdapter.ts	37fbd1eba5f0a1ea0ef69778a680cec14bb41aa9858cac68f0818d78342067de	1790416432387.179
file	templates/image-pipeline/worker/routes/styleTransfer.ts	3c8f5304d5c199e9320643b9e2bac4776e4efd9caf5f8c283c54773ec9e9af1d	1790416432387.6816
file	templates/image-pipeline/worker/routes/upscale.ts	b696c76dfc498dfc703f3a1c083dab21112d04cb41414d9bbdbae7035d678726	1790416432388.6772
file	templates/image-pipeline/worker/worker.ts	a5a20e9d3351b58d2370c5801ffee0770a2460eb94fa203b8daef0f4db11cd6d	1790416432389.1792
file	templates/nextjs/src/app/layout.tsx	faf55d9356b0eb39a7e2cc569b46c51275c603c1f960cafa4cf2623d7c246b74	1790416432397.6782
file	templates/nextjs/src/app/page.tsx	d679a22deb416151dc711736d2e8402ec19fb704523926493a92399d35a04fdd	1790416432398.1777
file	templates/nextjs/tsconfig.json	ec6a35e06ae483ab0ad20e254c46ae3edffe748f5684774248f9bb79f036f855	1790416432399.1782
file	templates/shader/src/App.tsx	62d02fafc39a8cec0cb4a47a9d3c35fdefb26de86bf8ccff368d213d794fba1c	1790416432407.1802
file	templates/shader/src/WebGLCanvas.tsx	aa0c5fd0856535e766335fc4441a7cf90a8dc828bfa815a19ec9c518ca56c1bc	1790416432407.6797
file	templates/shader/src/WebGLManager.ts	84dc86a3b542f2504182d5ee91a349f4b70e0650dcc8ca5785e4d3c71f8f99c5	1790416432408.1836
file	templates/shader/src/config-panel/ConfigPanel.tsx	28eab289b21365aba93afe0a40be8bef2eec8d59c768973e21f7bd2da2a0b3d0	1790416432409.6775
file	templates/shader/src/config-panel/ConfigPanelBooleanControl.tsx	66a56b1f46dacff5f7328bbb8924a450640c44cba87207ed8c3a5c07b12dc989	1790416432410.1772
file	templates/shader/src/config-panel/ConfigPanelLabel.tsx	826fad8c948452a893c652ef4a47da8a1dfc4e83c13366f7af109155ad503c68	1790416432410.679
file	templates/shader/src/config-panel/ConfigPanelSlider.tsx	7acacecfe66336c6a6b86fa1c8f74166883a0a3422243b55f20f42385d982607	1790416432411.68
file	templates/shader/src/fluid/FluidConfigPanel.tsx	b5d1003b1559cbab47081e98536d2e2fb9951f82324949ea1332528dd30a706e	1790416432413.6777
file	templates/shader/src/fluid/FluidManager.ts	532cf668aafaa9c26d7e82eaeb7e9d71be8631ec871e0306f30b068ad07351f1	1790416432414.6794
file	templates/shader/src/fluid/FluidRenderer.tsx	9f6e886df8ff999eea982abb09466e0d6924f7687508e0f37e1201130f6d360c	1790416432415.1802
file	templates/shader/src/fluid/config.ts	8f10329bceed0c11e44ef209fc0a0e8c3d0c5a844b998f42d8589a8df312a9d6	1790416432416.1807
file	templates/shader/src/fluid/fluid.ts	661e3e4605a831a275ca9ebae4f51be5629ca394cd06c8d56453128355b50bf8	1790416432418.1797
file	templates/shader/src/main.tsx	98f4fe62747c3f0fe7585a2c1e8af0a20736f0615c8283edaeeb02b3bcf9253f	1790416432419.679
file	templates/shader/src/minimal/MinimalConfigPanel.tsx	7646f9aaab9a7a78dac2e647e3e07b2eba29cc5db102fc835b5bb3119b1d558a	1790416432420.6785
file	templates/shader/src/minimal/MinimalRenderer.tsx	7783497b5e6797e71de572bc9a079663eb652c3913be714637acae1aa1d403ae	1790416432421.6807
file	templates/shader/src/minimal/MinimalShaderManager.ts	e9ec3a276420fe21d3fdabfd80ad44a2f7b2587dae878b0253a29323c6659478	1790416432422.6792
file	templates/shader/src/minimal/config.ts	cbc39f5e30515c79f80fd9aa094d45c3e6a125af11582bf0cc417bf3e7d8502e	1790416432424.1812
file	templates/shader/src/rainbow/RainbowConfigPanel.tsx	744507a74816a803f0fa1fa50fcdb43b8b2b8fea7dd7fc2178eb74e5fc6bdacc	1790416432427.6775
file	templates/shader/src/rainbow/RainbowRenderer.tsx	925f2625668f4ebff87c1d453e191d2d00184aafc72a8b2d7be6a9a129af8b54	1790416432428.6782
file	templates/shader/src/rainbow/RainbowShaderManager.ts	bcdbf3c208a3672cf2f3cbf8c0798e10cbd5eefa89a7e32e125abab1c647c4e3	1790416432429.6814
file	templates/shader/src/rainbow/config.ts	d5f705126987d2f8549f7c710ce5f356f80928e9df53e99feddf5d532ee1ad98	1790416432430.6797
file	templates/shader/src/shadow/ShadowControlPanel.tsx	56122d397cd124f3283f330095842c531a4428d12e82169ab5d0cf65647edc95	1790416432435.6804
file	templates/shader/src/shadow/ShadowRenderer.tsx	eb7dfda5ed3f4756a7d33fc88f25f176a390eb4885f33a15bbc4302315e947e4	1790416432436.6787
file	templates/shader/src/shadow/ShadowShaderManager.ts	1eaf5145a374633f879f17c3f2a6ffb087075b1f92ac65515e5477c80d12a0c6	1790416432438.1794
file	templates/shader/src/shadow/config.ts	9632f49aaa93f71f232d60dcea2aae5f91f4d3b1aa93d00a92fbeb01a248c376	1790416432439.1792
file	templates/shader/src/vite-env.d.ts	424faf9241dd699dda995b367ed36665732da1e6ec1f33b2fd40394488ecac92	1790416432442.181
file	templates/shader/tsconfig.json	2db7a17df7d761bfdf54eb3b868f2c3d7c51cdee25ff03e7eea24f51f63b1d3a	1790416432442.6792
file	templates/shader/vite-env.d.ts	424faf9241dd699dda995b367ed36665732da1e6ec1f33b2fd40394488ecac92	1790416432443.6807
file	templates/shader/vite.config.ts	25aa3cc8206f97e7a64e68a23a0a2d4d3b990230de48bb2adf57573ab49a2bbb	1790416432444.181
file	templates/simple-server-example/src/client/App.tsx	525405c3b4c86d30b20673c744aa20cab68f12bb857d3660440fc08b45848e4c	1790416432449.6804
file	templates/simple-server-example/src/client/main.tsx	b5ea900193df16aafcf9652606bbd97ffaa6ffd869f8696a3a70df2537ce7189	1790416432451.6863
file	templates/simple-server-example/src/client/vite-env.d.ts	424faf9241dd699dda995b367ed36665732da1e6ec1f33b2fd40394488ecac92	1790416432452.677
file	templates/simple-server-example/src/server/assets.ts	34af9493f92430001f1293d720c02253007279b35010e62a2be00015c0d440ee	1790416432454.1785
file	templates/simple-server-example/src/server/rooms.ts	9ed4e198939897103a628d11db63e37c6052469e6fa2e97543ebbc6914989176	1790416432454.6777
file	templates/simple-server-example/src/server/server.ts	4f2b12058e958c4e451eafce5dba275c18d83808faac4d85214f8a3e63912be8	1790416432455.6794
file	templates/simple-server-example/src/server/unfurl.ts	de8b41c681d9864390fccad82a87b2c85c4ccc610620bc97eb44f8c0d44b6c01	1790416432456.1794
file	templates/simple-server-example/tsconfig.json	8bbe290c1d42e28d5bf76031a4b0f1f06ff37a600d16c96bace3a6214bd56061	1790416432457.1794
file	templates/socketio-server-example/src/client/App.tsx	53e11e7edbe5aa39f3e6123549e9a578ce5d9cc9e1341337086a2f3dc71e7211	1790416432463.6804
file	templates/socketio-server-example/src/client/main.tsx	b5ea900193df16aafcf9652606bbd97ffaa6ffd869f8696a3a70df2537ce7189	1790416432465.678
file	templates/socketio-server-example/src/client/vite-env.d.ts	424faf9241dd699dda995b367ed36665732da1e6ec1f33b2fd40394488ecac92	1790416432466.1797
file	templates/socketio-server-example/src/server/assets.ts	34af9493f92430001f1293d720c02253007279b35010e62a2be00015c0d440ee	1790416432467.6782
file	templates/socketio-server-example/src/server/rooms.ts	3f2c7f5ab83f7ee17c84f0470dc5608b9264038a40ae1b14f66bc49e2c184f74	1790416432468.1814
file	templates/socketio-server-example/src/server/server.ts	faf59336853101b3500d8b4495e4578a96a056e0948f16612a0e7e66c1803ac2	1790416432469.1829
file	templates/socketio-server-example/src/server/unfurl.ts	de8b41c681d9864390fccad82a87b2c85c4ccc610620bc97eb44f8c0d44b6c01	1790416432469.6775
file	templates/socketio-server-example/tsconfig.json	8bbe290c1d42e28d5bf76031a4b0f1f06ff37a600d16c96bace3a6214bd56061	1790416432470.1814
file	templates/sync-cloudflare/client/getBookmarkPreview.tsx	00706db8832e79c6bcf4a7339eab4cd96f92335b7a21107bb1f0eca1f0f6dccf	1790416432480.6794
file	templates/sync-cloudflare/client/localStorage.ts	10ed5dd110fa34471ce0fe761cc41fb36f82dd9441945ec88fba2811d5676af6	1790416432482.6794
file	templates/sync-cloudflare/client/main.tsx	4c6fbaf4c5464632e25f5a75b06c7066210a10a87c85396ca6205957b69a09c2	1790416432483.18
file	templates/sync-cloudflare/client/multiplayerAssetStore.tsx	cfb42ccc1327debd83209fa5ba0b6abd4d9d8d24d9505a70d39e3f29ed4be4aa	1790416432484.1785
file	templates/sync-cloudflare/client/pages/Room.tsx	b52768f372e45d021339d88a554d083001dc9f1ee4c62c24ef3cbdc24865d805	1790416432486.1807
file	templates/sync-cloudflare/client/pages/Root.tsx	3a3276599262f2dda94e77beb73bbdc98c69aeb5b3fade75962da61b1ef9acbc	1790416432486.6772
file	templates/sync-cloudflare/client/vite-env.d.ts	424faf9241dd699dda995b367ed36665732da1e6ec1f33b2fd40394488ecac92	1790416432487.1802
file	templates/sync-cloudflare/tsconfig.json	bd6234fdfe0c2712cabb921df95777ecea4528a4394017638eeb1e80f1fd4e10	1790416432491.1782
file	templates/sync-cloudflare/vite.config.ts	857f6cdd0fdd8366539636da11360eabe5dcc5c2fd27a6ba54d3ecb981fb96fd	1790416432492.1777
file	templates/sync-cloudflare/worker-configuration.d.ts	4115e0a81f3294cf22d3bec9e9a390abed3813a77b3872235f5ddfae9988fd85	1790416432495.1768
file	templates/sync-cloudflare/worker/TldrawDurableObject.ts	b87dc60c9635aeb7558465de0294b767f163a77a4a4131f1861443ff216eb7bb	1790416432496.6775
file	templates/sync-cloudflare/worker/assetUploads.ts	3f6b924e66a24c2ae66f7a2ef82bf5a2d88d3003ba69cd048a10a364a7bc3db3	1790416432497.1792
file	templates/sync-cloudflare/worker/worker.ts	e2f5e14f029b8e0b89aa6f21ae0ade594d2a5cb72b6a08a8aeaed88ce20bce31	1790416432498.1772
file	templates/vite/src/App.tsx	3ccf9c49c6f052e34275262d56244f87d2841cc869c687bdf04f3ce0e12e795f	1790416432506.679
file	templates/vite/src/main.tsx	bda5a9fcd63457cbf8fa1566f57a2b153d2bf61009432c9fc2df6d42f27c611a	1790416432508.1782
file	templates/vite/src/vite-env.d.ts	424faf9241dd699dda995b367ed36665732da1e6ec1f33b2fd40394488ecac92	1790416432508.6802
file	templates/vite/tsconfig.json	a7d9e2234f7e1dbffbc8420e5bdd690df1d61f088e7cbd56352aa393e48e3672	1790416432509.6804
file	templates/vite/vite-env.d.ts	424faf9241dd699dda995b367ed36665732da1e6ec1f33b2fd40394488ecac92	1790416432510.1797
file	templates/vite/vite.config.ts	25aa3cc8206f97e7a64e68a23a0a2d4d3b990230de48bb2adf57573ab49a2bbb	1790416432511.1797
file	templates/vue/src/TldrawWrapper.tsx	8b2d0acee5f335cf4ec440f279dcbe4eb23999bb11d9a78443f514e383530da7	1790416432518.177
file	templates/vue/src/main.ts	219e002074faade0c61e6fe6d1c29602a91af8409c35ee1b6e6d474dca076eca	1790416432519.6792
file	templates/vue/src/vite-env.d.ts	937e884ff3a3a1fcd817885b4f4039e73a7e17ec5216b0b2bbf5695ed820d48e	1790416432520.68
file	templates/vue/tsconfig.json	b7f42dd03f860cdf70d41b07f1ec0e9108b1ee307d0d2b85baab1f6ccb6577b7	1790416432521.681
file	templates/vue/vite.config.ts	9606ed8973d0855124f1228552d8a0a173550c893c486b5baf27b08f87c8983f	1790416432522.1836
file	templates/workflow/src/App.tsx	d63e2608ee169950f2888b3c43b39fd1da531fffee857889ab4c8688592bd0e2	1790416432529.1768
file	templates/workflow/src/components/MathematicalToolbarItem.tsx	47fad4dda21443d6c8ac898a6eb38e6ebed5d9b01730f202ad844f97d18a6822	1790416432530.1794
file	templates/workflow/src/components/OnCanvasComponentPicker.tsx	20001cba23de25d68e1b55f2fb9b61f830e63c3be51c24ef5abe5b923145de60	1790416432530.6777
file	templates/workflow/src/components/WorkflowRegions.tsx	a20b14fa9f4f84e69c297a873ac0d294ec527f585c7d729d5b018859c0e6f99b	1790416432531.6787
file	templates/workflow/src/components/WorkflowToolbar.tsx	322c6f2c1040258e094b036788eb43867fba3eefb8f35106deb2447c636b9ff2	1790416432532.1775
file	templates/workflow/src/components/icons/AddIcon.tsx	1fc2695ea608873a10c534faa7258b0aa519b0d552aef00045603e7e4657bd53	1790416432533.6787
file	templates/workflow/src/components/icons/ConditionalIcon.tsx	72ec2853008f0e19ec38662cdec89eeaa782c266fc52a8dbee7e60ced769b586	1790416432534.1758
file	templates/workflow/src/components/icons/DivideIcon.tsx	24d085bd714113bff171c5a870d78fbd40ff77868a12a6c6f99bc866643ed2a5	1790416432534.6768
file	templates/workflow/src/components/icons/EarthquakeIcon.tsx	e18be5523e6adedcfa1e0696d0753d29be513a4c489304879015f2798f914d9d	1790416432536.179
file	templates/workflow/src/components/icons/MathematicalIcon.tsx	68e263745b89ab738a5d40a42d475a4b39069d2b9389bdae9072629dded50114	1790416432536.6794
file	templates/workflow/src/components/icons/MultiplyIcon.tsx	15cd5de53cc660d57dfd7639441132a6e92109b89c6de14ad769058c30f2f7e4	1790416432537.1804
file	templates/workflow/src/components/icons/PlayIcon.tsx	3db3d14611ecc0a0f0cd87f10914c02c823dc324f60d5bb1a65e5951568d7c31	1790416432538.1816
file	templates/workflow/src/components/icons/SliderIcon.tsx	3c12243b1134b08d5221bb53ee4cbc7ce33bb02b395b23cf7be7f571aa730978	1790416432539.1812
file	templates/workflow/src/components/icons/StopIcon.tsx	627d88f5b29e31043eb0ceb1914c63c59f39d7a5c111bd60297fec1a671d1bc7	1790416432539.6794
file	templates/workflow/src/components/icons/SubtractIcon.tsx	67c6f98c8eec5c9e42ac4d21d92874ed910aa9d7a3d5a93d0270d2b311a7333b	1790416432540.678
file	templates/workflow/src/connection/ConnectionBindingUtil.tsx	09f0d0c88ebf9c1bbab4e07265c3698cc93e0311ecfa4d9d51b3ee0dfed78b2f	1790416432541.6797
file	templates/workflow/src/connection/ConnectionCenterHandleOverlayUtil.tsx	10b693b3ddfecd45fa8ca33300d7d7ce6c9f6e70f9c9e6a78782208fc4d1d9f1	1790416432542.6787
file	templates/workflow/src/connection/ConnectionShapeUtil.tsx	291861885b993653cef1cc9011b96f19ed11dc74427d892f33665745a70852b2	1790416432543.6785
file	templates/workflow/src/connection/insertNodeWithinConnection.tsx	dded15f1aa167d24cfcfd657b90c1c9d606b320b2f59d769372a82e16394f912	1790416432544.6804
file	templates/workflow/src/connection/keepConnectionsAtBottom.tsx	56a7638ee2241e8f35dd00cf989a361754560c989d246a550d360db8bb893be9	1790416432545.6785
file	templates/workflow/src/constants.tsx	c4dea733463c94d2cf6f68be189ffc5cb5c0cf1148eb22612e10f16f454d8b3c	1790416432546.6777
file	templates/workflow/src/disableTransparency.tsx	108e0a7b5f05c6bf343b4e8d7406007d9134760d7b2a1489931638b796dd01bc	1790416432547.1797
file	templates/workflow/src/execution/ExecutionGraph.tsx	bfe7dbc5ed9d1775ba2a111cae38faf9e8a46a8a5156e51ecf836afe5de9a342	1790416432548.681
file	templates/workflow/src/execution/executionState.ts	57537b74ec2523d39f4e4d4afb1b36aa57d63f282aa50126cb7065754ed536aa	1790416432549.6775
file	templates/workflow/src/hooks/useDragToCreate.ts	aa9f81bba2ca3de64cd871c99d30b004ec7c3529da2bba0d2dd9ebc646b8543e	1790416432551.1787
file	templates/workflow/src/main.tsx	89667e1d8eb445198ead90325538f53edca3e30c99c259a935b32b35eeff049f	1790416432552.6787
file	templates/workflow/src/nodes/NodeShapeUtil.tsx	5b61fbb79eb0b26361c6bc615d775ef9b6093b0cd86074e6b80dd79b371ba20e	1790416432554.1772
file	templates/workflow/src/nodes/nodePorts.tsx	402d21dca41bbec0c6c6cfe8178c9ff1bff5766a7bd157638339ecbfd15e23f0	1790416432554.6797
file	templates/workflow/src/nodes/nodeTypes.tsx	e54f9a2cb1c3b0a0521e7191b70a5c265050a3eb72ca1e475c06d957fb2c468b	1790416432555.6794
file	templates/workflow/src/nodes/types/AddNode.tsx	ff60a8c2280215c3340fc97205557d301c2a432ec4f7df2bb2d9eaa6f886f750	1790416432557.1804
file	templates/workflow/src/nodes/types/ConditionalNode.tsx	d95534750697bf91b6654701873216e5c6d648a27f583ef8a399d36b9a430221	1790416432558.178
file	templates/workflow/src/nodes/types/DivideNode.tsx	2996580e1097e6c86cc23009170557b62c8d4f238677f7bf3c4f69aebfb19e0a	1790416432559.1787
file	templates/workflow/src/nodes/types/EarthquakeNode.tsx	ad0cf60a33c041c0ae687fb560f9c5f68fcc03dea6ec8a8c4e77e8ccc5132ba6	1790416432560.178
file	templates/workflow/src/nodes/types/MultiplyNode.tsx	134e174a37b82ad687ea5e82c58f1e8b39ed7ff80533cef89ab292d0c48b146c	1790416432561.1797
file	templates/workflow/src/nodes/types/SliderNode.tsx	7eee3a6dccb2a454c5f57c30bc75b6585c690fa72ef234cfc4ae8b6e0a6a4299	1790416432561.6794
file	templates/workflow/src/nodes/types/SubtractNode.tsx	6cc212a20d7e404528bfef237373358fe1a71af603fb87c8e5a7ed6f4445f791	1790416432562.6792
file	templates/workflow/src/nodes/types/shared.tsx	34660b8b0585021e930c129d9b03f07f65cc857992dbfeb0eacb718cb7ade4ef	1790416432563.678
file	templates/workflow/src/ports/PointingPort.tsx	6abc7f0709b1209f04797ca339756141f6b441349b56638217b5e18d7e3b0020	1790416432565.1802
file	templates/workflow/src/ports/Port.tsx	ee7351bc16617e4869a71f3644de5239b3e3065f3ac2a13838311c0eeb5d63ef	1790416432565.6807
file	templates/workflow/src/ports/getPortAtPoint.tsx	44c8fe1e146583b3e5f32fbbd19eb38f8b331d86b47b3ba0e8a34ab3c68c0cab	1790416432566.6792
file	templates/workflow/src/ports/portState.ts	7e1aa95b7e097aef9117d7341e0c650a68d8a190d5c12dbf5791de33948e0001	1790416432567.1797
file	templates/workflow/src/utils.ts	494d152e55e8b05c8d741030f4d4b0d60872acc9ad092440761dff1044b20139	1790416432568.1812
file	templates/workflow/src/utils/sleep.ts	956d9e85397e63cdaaddf3c1bed98c53a035b93fd28b89eb26ece90e2ac19cc6	1790416432569.6797
file	templates/workflow/tsconfig.json	68029919d7d97d68af6a5c879784e3f01ef17e3b8113dac3289ac23eabbfbc97	1790416432570.6802
file	templates/workflow/vite.config.ts	25aa3cc8206f97e7a64e68a23a0a2d4d3b990230de48bb2adf57573ab49a2bbb	1790416432571.1792
file	yarn.lock	3b74be02f7d841187375a0f02dc8f34af75eb9c5f28ef04b73035b1970a4b66a	1790416432586.18
